requirement_id,claim_id,chapter,categories,component_candidates,source_path,implementation_status,verification_status
REQ-00001,EAR1-C01-0002,1,measurement;evidence,,Moodify_Ear_v1_Chapter_01.pdf,UNMAPPED,UNVERIFIED
REQ-00002,EAR1-C01-0005,1,verification,,Moodify_Ear_v1_Chapter_01.pdf,UNMAPPED,UNVERIFIED
REQ-00003,EAR1-C01-0010,1,measurement,,Moodify_Ear_v1_Chapter_01.pdf,UNMAPPED,UNVERIFIED
REQ-00004,EAR1-C01-0012,1,evidence;verification,,Moodify_Ear_v1_Chapter_01.pdf,UNMAPPED,UNVERIFIED
REQ-00005,EAR1-C01-0015,1,measurement,COMP-001,Moodify_Ear_v1_Chapter_01.pdf,UNMAPPED,UNVERIFIED
REQ-00006,EAR1-C01-0019,1,measurement,,Moodify_Ear_v1_Chapter_01.pdf,UNMAPPED,UNVERIFIED
REQ-00007,EAR1-C01-0021,1,human_authority,,Moodify_Ear_v1_Chapter_01.pdf,UNMAPPED,UNVERIFIED
REQ-00008,EAR1-C01-0022,1,human_authority,,Moodify_Ear_v1_Chapter_01.pdf,UNMAPPED,UNVERIFIED
REQ-00009,EAR1-C01-0024,1,measurement,,Moodify_Ear_v1_Chapter_01.pdf,UNMAPPED,UNVERIFIED
REQ-00010,EAR1-C01-0025,1,evidence,,Moodify_Ear_v1_Chapter_01.pdf,UNMAPPED,UNVERIFIED
REQ-00011,EAR1-C01-0031,1,verification,,Moodify_Ear_v1_Chapter_01.pdf,UNMAPPED,UNVERIFIED
REQ-00012,EAR1-C01-0033,1,evidence,,Moodify_Ear_v1_Chapter_01.pdf,UNMAPPED,UNVERIFIED
REQ-00013,EAR1-C01-0034,1,measurement;evidence;verification,,Moodify_Ear_v1_Chapter_01.pdf,UNMAPPED,UNVERIFIED
REQ-00014,EAR1-C01-0035,1,measurement;evidence,,Moodify_Ear_v1_Chapter_01.pdf,UNMAPPED,UNVERIFIED
REQ-00015,EAR1-C01-0037,1,measurement,,Moodify_Ear_v1_Chapter_01.pdf,UNMAPPED,UNVERIFIED
REQ-00016,EAR1-C01-0041,1,measurement;human_authority,,Moodify_Ear_v1_Chapter_01.pdf,UNMAPPED,UNVERIFIED
REQ-00017,EAR1-C01-0047,1,evidence;verification,,Moodify_Ear_v1_Chapter_01.pdf,UNMAPPED,UNVERIFIED
REQ-00018,EAR1-C01-0048,1,measurement,,Moodify_Ear_v1_Chapter_01.pdf,UNMAPPED,UNVERIFIED
REQ-00019,EAR1-C01-0050,1,evidence;human_authority,,Moodify_Ear_v1_Chapter_01.pdf,UNMAPPED,UNVERIFIED
REQ-00020,EAR1-C01-0051,1,measurement;evidence,,Moodify_Ear_v1_Chapter_01.pdf,UNMAPPED,UNVERIFIED
REQ-00021,EAR1-C01-0054,1,measurement,,Moodify_Ear_v1_Chapter_01.pdf,UNMAPPED,UNVERIFIED
REQ-00022,EAR1-C01-0055,1,verification,,Moodify_Ear_v1_Chapter_01.pdf,UNMAPPED,UNVERIFIED
REQ-00023,EAR1-C01-0074,1,measurement,,Moodify_Ear_v1_Chapter_01.pdf,UNMAPPED,UNVERIFIED
REQ-00024,EAR1-C01-0075,1,measurement,,Moodify_Ear_v1_Chapter_01.pdf,UNMAPPED,UNVERIFIED
REQ-00025,EAR1-C01-0076,1,measurement,,Moodify_Ear_v1_Chapter_01.pdf,UNMAPPED,UNVERIFIED
REQ-00026,EAR1-C01-0077,1,measurement;evidence,,Moodify_Ear_v1_Chapter_01.pdf,UNMAPPED,UNVERIFIED
REQ-00027,EAR1-C01-0078,1,measurement;evidence,,Moodify_Ear_v1_Chapter_01.pdf,UNMAPPED,UNVERIFIED
REQ-00028,EAR1-C01-0079,1,human_authority,,Moodify_Ear_v1_Chapter_01.pdf,UNMAPPED,UNVERIFIED
REQ-00029,EAR1-C01-0082,1,verification,,Moodify_Ear_v1_Chapter_01.pdf,UNMAPPED,UNVERIFIED
REQ-00030,EAR1-C01-0091,1,evidence;failure_recovery,,Moodify_Ear_v1_Chapter_01.pdf,UNMAPPED,UNVERIFIED
REQ-00031,EAR1-C01-0092,1,measurement,,Moodify_Ear_v1_Chapter_01.pdf,UNMAPPED,UNVERIFIED
REQ-00032,EAR1-C01-0093,1,evidence,,Moodify_Ear_v1_Chapter_01.pdf,UNMAPPED,UNVERIFIED
REQ-00033,EAR1-C01-0094,1,failure_recovery,,Moodify_Ear_v1_Chapter_01.pdf,UNMAPPED,UNVERIFIED
REQ-00034,EAR1-C01-0096,1,measurement;evidence,,Moodify_Ear_v1_Chapter_01.pdf,UNMAPPED,UNVERIFIED
REQ-00035,EAR1-C01-0098,1,evidence,,Moodify_Ear_v1_Chapter_01.pdf,UNMAPPED,UNVERIFIED
REQ-00036,EAR1-C01-0101,1,evidence;human_authority,,Moodify_Ear_v1_Chapter_01.pdf,UNMAPPED,UNVERIFIED
REQ-00037,EAR1-C01-0104,1,evidence,,Moodify_Ear_v1_Chapter_01.pdf,UNMAPPED,UNVERIFIED
REQ-00038,EAR1-C01-0108,1,evidence;human_authority,,Moodify_Ear_v1_Chapter_01.pdf,UNMAPPED,UNVERIFIED
REQ-00039,EAR1-C01-0109,1,evidence;verification;human_authority,,Moodify_Ear_v1_Chapter_01.pdf,UNMAPPED,UNVERIFIED
REQ-00040,EAR1-C01-0112,1,verification,,Moodify_Ear_v1_Chapter_01.pdf,UNMAPPED,UNVERIFIED
REQ-00041,EAR1-C01-0113,1,evidence;failure_recovery,,Moodify_Ear_v1_Chapter_01.pdf,UNMAPPED,UNVERIFIED
REQ-00042,EAR1-C01-0115,1,evidence,,Moodify_Ear_v1_Chapter_01.pdf,UNMAPPED,UNVERIFIED
REQ-00043,EAR1-C01-0120,1,evidence,,Moodify_Ear_v1_Chapter_01.pdf,UNMAPPED,UNVERIFIED
REQ-00044,EAR1-C01-0122,1,evidence,,Moodify_Ear_v1_Chapter_01.pdf,UNMAPPED,UNVERIFIED
REQ-00045,EAR1-C01-0125,1,verification,,Moodify_Ear_v1_Chapter_01.pdf,UNMAPPED,UNVERIFIED
REQ-00046,EAR1-C01-0127,1,verification,,Moodify_Ear_v1_Chapter_01.pdf,UNMAPPED,UNVERIFIED
REQ-00047,EAR1-C01-0129,1,measurement,,Moodify_Ear_v1_Chapter_01.pdf,UNMAPPED,UNVERIFIED
REQ-00048,EAR1-C01-0133,1,evidence;verification;failure_recovery;human_authority,COMP-003,Moodify_Ear_v1_Chapter_01.pdf,UNMAPPED,UNVERIFIED
REQ-00049,EAR1-C01-0136,1,failure_recovery,COMP-008;COMP-009,Moodify_Ear_v1_Chapter_01.pdf,UNMAPPED,UNVERIFIED
REQ-00050,EAR1-C01-0137,1,verification,COMP-010,Moodify_Ear_v1_Chapter_01.pdf,UNMAPPED,UNVERIFIED
REQ-00051,EAR1-C01-0138,1,verification,COMP-012,Moodify_Ear_v1_Chapter_01.pdf,UNMAPPED,UNVERIFIED
REQ-00052,EAR1-C01-0140,1,measurement,,Moodify_Ear_v1_Chapter_01.pdf,UNMAPPED,UNVERIFIED
REQ-00053,EAR1-C01-0142,1,measurement,,Moodify_Ear_v1_Chapter_01.pdf,UNMAPPED,UNVERIFIED
REQ-00054,EAR1-C01-0144,1,verification,,Moodify_Ear_v1_Chapter_01.pdf,UNMAPPED,UNVERIFIED
REQ-00055,EAR1-C01-0145,1,verification;failure_recovery,,Moodify_Ear_v1_Chapter_01.pdf,UNMAPPED,UNVERIFIED
REQ-00056,EAR1-C01-0146,1,verification,,Moodify_Ear_v1_Chapter_01.pdf,UNMAPPED,UNVERIFIED
REQ-00057,EAR1-C01-0148,1,verification,,Moodify_Ear_v1_Chapter_01.pdf,UNMAPPED,UNVERIFIED
REQ-00058,EAR1-C01-0150,1,evidence;verification,,Moodify_Ear_v1_Chapter_01.pdf,UNMAPPED,UNVERIFIED
REQ-00059,EAR1-C01-0151,1,measurement;evidence;verification,,Moodify_Ear_v1_Chapter_01.pdf,UNMAPPED,UNVERIFIED
REQ-00060,EAR1-C01-0155,1,verification,,Moodify_Ear_v1_Chapter_01.pdf,UNMAPPED,UNVERIFIED
REQ-00061,EAR1-C01-0156,1,verification,,Moodify_Ear_v1_Chapter_01.pdf,UNMAPPED,UNVERIFIED
REQ-00062,EAR1-C01-0157,1,measurement;evidence;verification,COMP-001;COMP-004,Moodify_Ear_v1_Chapter_01.pdf,UNMAPPED,UNVERIFIED
REQ-00063,EAR1-C01-0158,1,human_authority,,Moodify_Ear_v1_Chapter_01.pdf,UNMAPPED,UNVERIFIED
REQ-00064,EAR1-C01-0161,1,evidence;human_authority,,Moodify_Ear_v1_Chapter_01.pdf,UNMAPPED,UNVERIFIED
REQ-00065,EAR1-C01-0162,1,measurement,,Moodify_Ear_v1_Chapter_01.pdf,UNMAPPED,UNVERIFIED
REQ-00066,EAR1-C01-0163,1,evidence,,Moodify_Ear_v1_Chapter_01.pdf,UNMAPPED,UNVERIFIED
REQ-00067,EAR1-C01-0168,1,measurement;evidence,,Moodify_Ear_v1_Chapter_01.pdf,UNMAPPED,UNVERIFIED
REQ-00068,EAR1-C01-0170,1,evidence,,Moodify_Ear_v1_Chapter_01.pdf,UNMAPPED,UNVERIFIED
REQ-00069,EAR1-C01-0173,1,human_authority,,Moodify_Ear_v1_Chapter_01.pdf,UNMAPPED,UNVERIFIED
REQ-00070,EAR1-C01-0175,1,evidence;verification,,Moodify_Ear_v1_Chapter_01.pdf,UNMAPPED,UNVERIFIED
REQ-00071,EAR1-C01-0176,1,evidence,,Moodify_Ear_v1_Chapter_01.pdf,UNMAPPED,UNVERIFIED
REQ-00072,EAR1-C01-0178,1,verification,,Moodify_Ear_v1_Chapter_01.pdf,UNMAPPED,UNVERIFIED
REQ-00073,EAR1-C01-0179,1,measurement,,Moodify_Ear_v1_Chapter_01.pdf,UNMAPPED,UNVERIFIED
REQ-00074,EAR1-C01-0180,1,measurement,,Moodify_Ear_v1_Chapter_01.pdf,UNMAPPED,UNVERIFIED
REQ-00075,EAR1-C01-0181,1,verification,,Moodify_Ear_v1_Chapter_01.pdf,UNMAPPED,UNVERIFIED
REQ-00076,EAR1-C01-0182,1,measurement;evidence,,Moodify_Ear_v1_Chapter_01.pdf,UNMAPPED,UNVERIFIED
REQ-00077,EAR1-C01-0183,1,verification,COMP-012,Moodify_Ear_v1_Chapter_01.pdf,UNMAPPED,UNVERIFIED
REQ-00078,EAR1-C01-0186,1,evidence,,Moodify_Ear_v1_Chapter_01.pdf,UNMAPPED,UNVERIFIED
REQ-00079,EAR1-C01-0187,1,measurement;evidence;verification,,Moodify_Ear_v1_Chapter_01.pdf,UNMAPPED,UNVERIFIED
REQ-00080,EAR1-C01-0189,1,evidence,COMP-002,Moodify_Ear_v1_Chapter_01.pdf,UNMAPPED,UNVERIFIED
REQ-00081,EAR1-C01-0190,1,measurement;evidence,COMP-006,Moodify_Ear_v1_Chapter_01.pdf,UNMAPPED,UNVERIFIED
REQ-00082,EAR1-C01-0191,1,verification,,Moodify_Ear_v1_Chapter_01.pdf,UNMAPPED,UNVERIFIED
REQ-00083,EAR1-C01-0196,1,verification,,Moodify_Ear_v1_Chapter_01.pdf,UNMAPPED,UNVERIFIED
REQ-00084,EAR1-C01-0199,1,verification,,Moodify_Ear_v1_Chapter_01.pdf,UNMAPPED,UNVERIFIED
REQ-00085,EAR1-C01-0202,1,measurement,,Moodify_Ear_v1_Chapter_01.pdf,UNMAPPED,UNVERIFIED
REQ-00086,EAR1-C01-0203,1,measurement;verification,,Moodify_Ear_v1_Chapter_01.pdf,UNMAPPED,UNVERIFIED
REQ-00087,EAR1-C01-0205,1,human_authority,,Moodify_Ear_v1_Chapter_01.pdf,UNMAPPED,UNVERIFIED
REQ-00088,EAR1-C01-0212,1,human_authority,,Moodify_Ear_v1_Chapter_01.pdf,UNMAPPED,UNVERIFIED
REQ-00089,EAR1-C01-0225,1,verification,,Moodify_Ear_v1_Chapter_01.pdf,UNMAPPED,UNVERIFIED
REQ-00090,EAR1-C02-0007,2,evidence,,Moodify_Ear_v1_Chapter_02_Package/Moodify_Ear_v1_Chapter_02/Moodify_Ear_v1_Chapter_02.md,UNMAPPED,UNVERIFIED
REQ-00091,EAR1-C02-0008,2,verification;human_authority,,Moodify_Ear_v1_Chapter_02_Package/Moodify_Ear_v1_Chapter_02/Moodify_Ear_v1_Chapter_02.md,UNMAPPED,UNVERIFIED
REQ-00092,EAR1-C02-0013,2,evidence,,Moodify_Ear_v1_Chapter_02_Package/Moodify_Ear_v1_Chapter_02/Moodify_Ear_v1_Chapter_02.md,UNMAPPED,UNVERIFIED
REQ-00093,EAR1-C02-0021,2,evidence,,Moodify_Ear_v1_Chapter_02_Package/Moodify_Ear_v1_Chapter_02/Moodify_Ear_v1_Chapter_02.md,UNMAPPED,UNVERIFIED
REQ-00094,EAR1-C02-0023,2,evidence,,Moodify_Ear_v1_Chapter_02_Package/Moodify_Ear_v1_Chapter_02/Moodify_Ear_v1_Chapter_02.md,UNMAPPED,UNVERIFIED
REQ-00095,EAR1-C02-0025,2,evidence,,Moodify_Ear_v1_Chapter_02_Package/Moodify_Ear_v1_Chapter_02/Moodify_Ear_v1_Chapter_02.md,UNMAPPED,UNVERIFIED
REQ-00096,EAR1-C02-0027,2,measurement,,Moodify_Ear_v1_Chapter_02_Package/Moodify_Ear_v1_Chapter_02/Moodify_Ear_v1_Chapter_02.md,UNMAPPED,UNVERIFIED
REQ-00097,EAR1-C02-0028,2,measurement,,Moodify_Ear_v1_Chapter_02_Package/Moodify_Ear_v1_Chapter_02/Moodify_Ear_v1_Chapter_02.md,UNMAPPED,UNVERIFIED
REQ-00098,EAR1-C02-0029,2,measurement,,Moodify_Ear_v1_Chapter_02_Package/Moodify_Ear_v1_Chapter_02/Moodify_Ear_v1_Chapter_02.md,UNMAPPED,UNVERIFIED
REQ-00099,EAR1-C02-0030,2,measurement,,Moodify_Ear_v1_Chapter_02_Package/Moodify_Ear_v1_Chapter_02/Moodify_Ear_v1_Chapter_02.md,UNMAPPED,UNVERIFIED
REQ-00100,EAR1-C02-0031,2,measurement,,Moodify_Ear_v1_Chapter_02_Package/Moodify_Ear_v1_Chapter_02/Moodify_Ear_v1_Chapter_02.md,UNMAPPED,UNVERIFIED
REQ-00101,EAR1-C02-0032,2,measurement,,Moodify_Ear_v1_Chapter_02_Package/Moodify_Ear_v1_Chapter_02/Moodify_Ear_v1_Chapter_02.md,UNMAPPED,UNVERIFIED
REQ-00102,EAR1-C02-0036,2,evidence,,Moodify_Ear_v1_Chapter_02_Package/Moodify_Ear_v1_Chapter_02/Moodify_Ear_v1_Chapter_02.md,UNMAPPED,UNVERIFIED
REQ-00103,EAR1-C02-0037,2,measurement,,Moodify_Ear_v1_Chapter_02_Package/Moodify_Ear_v1_Chapter_02/Moodify_Ear_v1_Chapter_02.md,UNMAPPED,UNVERIFIED
REQ-00104,EAR1-C02-0038,2,measurement,,Moodify_Ear_v1_Chapter_02_Package/Moodify_Ear_v1_Chapter_02/Moodify_Ear_v1_Chapter_02.md,UNMAPPED,UNVERIFIED
REQ-00105,EAR1-C02-0039,2,measurement,,Moodify_Ear_v1_Chapter_02_Package/Moodify_Ear_v1_Chapter_02/Moodify_Ear_v1_Chapter_02.md,UNMAPPED,UNVERIFIED
REQ-00106,EAR1-C02-0040,2,human_authority,,Moodify_Ear_v1_Chapter_02_Package/Moodify_Ear_v1_Chapter_02/Moodify_Ear_v1_Chapter_02.md,UNMAPPED,UNVERIFIED
REQ-00107,EAR1-C02-0046,2,human_authority,,Moodify_Ear_v1_Chapter_02_Package/Moodify_Ear_v1_Chapter_02/Moodify_Ear_v1_Chapter_02.md,UNMAPPED,UNVERIFIED
REQ-00108,EAR1-C02-0048,2,human_authority,,Moodify_Ear_v1_Chapter_02_Package/Moodify_Ear_v1_Chapter_02/Moodify_Ear_v1_Chapter_02.md,UNMAPPED,UNVERIFIED
REQ-00109,EAR1-C02-0049,2,measurement,,Moodify_Ear_v1_Chapter_02_Package/Moodify_Ear_v1_Chapter_02/Moodify_Ear_v1_Chapter_02.md,UNMAPPED,UNVERIFIED
REQ-00110,EAR1-C02-0050,2,measurement,,Moodify_Ear_v1_Chapter_02_Package/Moodify_Ear_v1_Chapter_02/Moodify_Ear_v1_Chapter_02.md,UNMAPPED,UNVERIFIED
REQ-00111,EAR1-C02-0052,2,measurement,,Moodify_Ear_v1_Chapter_02_Package/Moodify_Ear_v1_Chapter_02/Moodify_Ear_v1_Chapter_02.md,UNMAPPED,UNVERIFIED
REQ-00112,EAR1-C02-0053,2,measurement,,Moodify_Ear_v1_Chapter_02_Package/Moodify_Ear_v1_Chapter_02/Moodify_Ear_v1_Chapter_02.md,UNMAPPED,UNVERIFIED
REQ-00113,EAR1-C02-0058,2,measurement,,Moodify_Ear_v1_Chapter_02_Package/Moodify_Ear_v1_Chapter_02/Moodify_Ear_v1_Chapter_02.md,UNMAPPED,UNVERIFIED
REQ-00114,EAR1-C02-0063,2,verification,,Moodify_Ear_v1_Chapter_02_Package/Moodify_Ear_v1_Chapter_02/Moodify_Ear_v1_Chapter_02.md,UNMAPPED,UNVERIFIED
REQ-00115,EAR1-C02-0067,2,measurement,,Moodify_Ear_v1_Chapter_02_Package/Moodify_Ear_v1_Chapter_02/Moodify_Ear_v1_Chapter_02.md,UNMAPPED,UNVERIFIED
REQ-00116,EAR1-C02-0068,2,measurement,,Moodify_Ear_v1_Chapter_02_Package/Moodify_Ear_v1_Chapter_02/Moodify_Ear_v1_Chapter_02.md,UNMAPPED,UNVERIFIED
REQ-00117,EAR1-C02-0069,2,failure_recovery,,Moodify_Ear_v1_Chapter_02_Package/Moodify_Ear_v1_Chapter_02/Moodify_Ear_v1_Chapter_02.md,UNMAPPED,UNVERIFIED
REQ-00118,EAR1-C02-0070,2,measurement,,Moodify_Ear_v1_Chapter_02_Package/Moodify_Ear_v1_Chapter_02/Moodify_Ear_v1_Chapter_02.md,UNMAPPED,UNVERIFIED
REQ-00119,EAR1-C02-0074,2,evidence,,Moodify_Ear_v1_Chapter_02_Package/Moodify_Ear_v1_Chapter_02/Moodify_Ear_v1_Chapter_02.md,UNMAPPED,UNVERIFIED
REQ-00120,EAR1-C02-0075,2,measurement,,Moodify_Ear_v1_Chapter_02_Package/Moodify_Ear_v1_Chapter_02/Moodify_Ear_v1_Chapter_02.md,UNMAPPED,UNVERIFIED
REQ-00121,EAR1-C02-0076,2,measurement;human_authority,,Moodify_Ear_v1_Chapter_02_Package/Moodify_Ear_v1_Chapter_02/Moodify_Ear_v1_Chapter_02.md,UNMAPPED,UNVERIFIED
REQ-00122,EAR1-C02-0078,2,measurement,,Moodify_Ear_v1_Chapter_02_Package/Moodify_Ear_v1_Chapter_02/Moodify_Ear_v1_Chapter_02.md,UNMAPPED,UNVERIFIED
REQ-00123,EAR1-C02-0079,2,measurement,,Moodify_Ear_v1_Chapter_02_Package/Moodify_Ear_v1_Chapter_02/Moodify_Ear_v1_Chapter_02.md,UNMAPPED,UNVERIFIED
REQ-00124,EAR1-C02-0081,2,measurement,,Moodify_Ear_v1_Chapter_02_Package/Moodify_Ear_v1_Chapter_02/Moodify_Ear_v1_Chapter_02.md,UNMAPPED,UNVERIFIED
REQ-00125,EAR1-C02-0083,2,measurement,,Moodify_Ear_v1_Chapter_02_Package/Moodify_Ear_v1_Chapter_02/Moodify_Ear_v1_Chapter_02.md,UNMAPPED,UNVERIFIED
REQ-00126,EAR1-C02-0084,2,measurement;verification,,Moodify_Ear_v1_Chapter_02_Package/Moodify_Ear_v1_Chapter_02/Moodify_Ear_v1_Chapter_02.md,UNMAPPED,UNVERIFIED
REQ-00127,EAR1-C02-0091,2,measurement;evidence,,Moodify_Ear_v1_Chapter_02_Package/Moodify_Ear_v1_Chapter_02/Moodify_Ear_v1_Chapter_02.md,UNMAPPED,UNVERIFIED
REQ-00128,EAR1-C02-0095,2,measurement,,Moodify_Ear_v1_Chapter_02_Package/Moodify_Ear_v1_Chapter_02/Moodify_Ear_v1_Chapter_02.md,UNMAPPED,UNVERIFIED
REQ-00129,EAR1-C02-0096,2,measurement,,Moodify_Ear_v1_Chapter_02_Package/Moodify_Ear_v1_Chapter_02/Moodify_Ear_v1_Chapter_02.md,UNMAPPED,UNVERIFIED
REQ-00130,EAR1-C02-0098,2,measurement;evidence,,Moodify_Ear_v1_Chapter_02_Package/Moodify_Ear_v1_Chapter_02/Moodify_Ear_v1_Chapter_02.md,UNMAPPED,UNVERIFIED
REQ-00131,EAR1-C02-0100,2,measurement,,Moodify_Ear_v1_Chapter_02_Package/Moodify_Ear_v1_Chapter_02/Moodify_Ear_v1_Chapter_02.md,UNMAPPED,UNVERIFIED
REQ-00132,EAR1-C02-0101,2,evidence,,Moodify_Ear_v1_Chapter_02_Package/Moodify_Ear_v1_Chapter_02/Moodify_Ear_v1_Chapter_02.md,UNMAPPED,UNVERIFIED
REQ-00133,EAR1-C02-0102,2,measurement,,Moodify_Ear_v1_Chapter_02_Package/Moodify_Ear_v1_Chapter_02/Moodify_Ear_v1_Chapter_02.md,UNMAPPED,UNVERIFIED
REQ-00134,EAR1-C02-0105,2,human_authority,,Moodify_Ear_v1_Chapter_02_Package/Moodify_Ear_v1_Chapter_02/Moodify_Ear_v1_Chapter_02.md,UNMAPPED,UNVERIFIED
REQ-00135,EAR1-C02-0112,2,measurement,,Moodify_Ear_v1_Chapter_02_Package/Moodify_Ear_v1_Chapter_02/Moodify_Ear_v1_Chapter_02.md,UNMAPPED,UNVERIFIED
REQ-00136,EAR1-C02-0115,2,evidence;human_authority,,Moodify_Ear_v1_Chapter_02_Package/Moodify_Ear_v1_Chapter_02/Moodify_Ear_v1_Chapter_02.md,UNMAPPED,UNVERIFIED
REQ-00137,EAR1-C02-0116,2,measurement,,Moodify_Ear_v1_Chapter_02_Package/Moodify_Ear_v1_Chapter_02/Moodify_Ear_v1_Chapter_02.md,UNMAPPED,UNVERIFIED
REQ-00138,EAR1-C02-0121,2,evidence,COMP-008;COMP-009,Moodify_Ear_v1_Chapter_02_Package/Moodify_Ear_v1_Chapter_02/Moodify_Ear_v1_Chapter_02.md,UNMAPPED,UNVERIFIED
REQ-00139,EAR1-C02-0123,2,measurement;evidence,,Moodify_Ear_v1_Chapter_02_Package/Moodify_Ear_v1_Chapter_02/Moodify_Ear_v1_Chapter_02.md,UNMAPPED,UNVERIFIED
REQ-00140,EAR1-C02-0133,2,measurement,,Moodify_Ear_v1_Chapter_02_Package/Moodify_Ear_v1_Chapter_02/Moodify_Ear_v1_Chapter_02.md,UNMAPPED,UNVERIFIED
REQ-00141,EAR1-C02-0137,2,evidence,,Moodify_Ear_v1_Chapter_02_Package/Moodify_Ear_v1_Chapter_02/Moodify_Ear_v1_Chapter_02.md,UNMAPPED,UNVERIFIED
REQ-00142,EAR1-C02-0138,2,measurement,,Moodify_Ear_v1_Chapter_02_Package/Moodify_Ear_v1_Chapter_02/Moodify_Ear_v1_Chapter_02.md,UNMAPPED,UNVERIFIED
REQ-00143,EAR1-C02-0143,2,measurement,,Moodify_Ear_v1_Chapter_02_Package/Moodify_Ear_v1_Chapter_02/Moodify_Ear_v1_Chapter_02.md,UNMAPPED,UNVERIFIED
REQ-00144,EAR1-C02-0145,2,measurement,,Moodify_Ear_v1_Chapter_02_Package/Moodify_Ear_v1_Chapter_02/Moodify_Ear_v1_Chapter_02.md,UNMAPPED,UNVERIFIED
REQ-00145,EAR1-C02-0148,2,evidence,,Moodify_Ear_v1_Chapter_02_Package/Moodify_Ear_v1_Chapter_02/Moodify_Ear_v1_Chapter_02.md,UNMAPPED,UNVERIFIED
REQ-00146,EAR1-C02-0149,2,measurement;human_authority,,Moodify_Ear_v1_Chapter_02_Package/Moodify_Ear_v1_Chapter_02/Moodify_Ear_v1_Chapter_02.md,UNMAPPED,UNVERIFIED
REQ-00147,EAR1-C02-0150,2,measurement;evidence;verification,COMP-002;COMP-009;COMP-010,Moodify_Ear_v1_Chapter_02_Package/Moodify_Ear_v1_Chapter_02/Moodify_Ear_v1_Chapter_02.md,UNMAPPED,UNVERIFIED
REQ-00148,EAR1-C02-0152,2,measurement,,Moodify_Ear_v1_Chapter_02_Package/Moodify_Ear_v1_Chapter_02/Moodify_Ear_v1_Chapter_02.md,UNMAPPED,UNVERIFIED
REQ-00149,EAR1-C02-0155,2,evidence,,Moodify_Ear_v1_Chapter_02_Package/Moodify_Ear_v1_Chapter_02/Moodify_Ear_v1_Chapter_02.md,UNMAPPED,UNVERIFIED
REQ-00150,EAR1-C02-0157,2,evidence,,Moodify_Ear_v1_Chapter_02_Package/Moodify_Ear_v1_Chapter_02/Moodify_Ear_v1_Chapter_02.md,UNMAPPED,UNVERIFIED
REQ-00151,EAR1-C02-0160,2,verification,,Moodify_Ear_v1_Chapter_02_Package/Moodify_Ear_v1_Chapter_02/Moodify_Ear_v1_Chapter_02.md,UNMAPPED,UNVERIFIED
REQ-00152,EAR1-C02-0162,2,measurement,,Moodify_Ear_v1_Chapter_02_Package/Moodify_Ear_v1_Chapter_02/Moodify_Ear_v1_Chapter_02.md,UNMAPPED,UNVERIFIED
REQ-00153,EAR1-C02-0164,2,evidence,,Moodify_Ear_v1_Chapter_02_Package/Moodify_Ear_v1_Chapter_02/Moodify_Ear_v1_Chapter_02.md,UNMAPPED,UNVERIFIED
REQ-00154,EAR1-C02-0166,2,measurement;evidence,COMP-008,Moodify_Ear_v1_Chapter_02_Package/Moodify_Ear_v1_Chapter_02/Moodify_Ear_v1_Chapter_02.md,UNMAPPED,UNVERIFIED
REQ-00155,EAR1-C02-0169,2,evidence,,Moodify_Ear_v1_Chapter_02_Package/Moodify_Ear_v1_Chapter_02/Moodify_Ear_v1_Chapter_02.md,UNMAPPED,UNVERIFIED
REQ-00156,EAR1-C02-0170,2,measurement,,Moodify_Ear_v1_Chapter_02_Package/Moodify_Ear_v1_Chapter_02/Moodify_Ear_v1_Chapter_02.md,UNMAPPED,UNVERIFIED
REQ-00157,EAR1-C02-0172,2,measurement,,Moodify_Ear_v1_Chapter_02_Package/Moodify_Ear_v1_Chapter_02/Moodify_Ear_v1_Chapter_02.md,UNMAPPED,UNVERIFIED
REQ-00158,EAR1-C02-0175,2,evidence,,Moodify_Ear_v1_Chapter_02_Package/Moodify_Ear_v1_Chapter_02/Moodify_Ear_v1_Chapter_02.md,UNMAPPED,UNVERIFIED
REQ-00159,EAR1-C02-0176,2,measurement;evidence,,Moodify_Ear_v1_Chapter_02_Package/Moodify_Ear_v1_Chapter_02/Moodify_Ear_v1_Chapter_02.md,UNMAPPED,UNVERIFIED
REQ-00160,EAR1-C02-0177,2,human_authority,,Moodify_Ear_v1_Chapter_02_Package/Moodify_Ear_v1_Chapter_02/Moodify_Ear_v1_Chapter_02.md,UNMAPPED,UNVERIFIED
REQ-00161,EAR1-C02-0179,2,measurement,,Moodify_Ear_v1_Chapter_02_Package/Moodify_Ear_v1_Chapter_02/Moodify_Ear_v1_Chapter_02.md,UNMAPPED,UNVERIFIED
REQ-00162,EAR1-C02-0181,2,evidence,,Moodify_Ear_v1_Chapter_02_Package/Moodify_Ear_v1_Chapter_02/Moodify_Ear_v1_Chapter_02.md,UNMAPPED,UNVERIFIED
REQ-00163,EAR1-C02-0182,2,evidence;verification,,Moodify_Ear_v1_Chapter_02_Package/Moodify_Ear_v1_Chapter_02/Moodify_Ear_v1_Chapter_02.md,UNMAPPED,UNVERIFIED
REQ-00164,EAR1-C02-0183,2,evidence,,Moodify_Ear_v1_Chapter_02_Package/Moodify_Ear_v1_Chapter_02/Moodify_Ear_v1_Chapter_02.md,UNMAPPED,UNVERIFIED
REQ-00165,EAR1-C02-0185,2,evidence,,Moodify_Ear_v1_Chapter_02_Package/Moodify_Ear_v1_Chapter_02/Moodify_Ear_v1_Chapter_02.md,UNMAPPED,UNVERIFIED
REQ-00166,EAR1-C02-0186,2,measurement,,Moodify_Ear_v1_Chapter_02_Package/Moodify_Ear_v1_Chapter_02/Moodify_Ear_v1_Chapter_02.md,UNMAPPED,UNVERIFIED
REQ-00167,EAR1-C02-0188,2,evidence,,Moodify_Ear_v1_Chapter_02_Package/Moodify_Ear_v1_Chapter_02/Moodify_Ear_v1_Chapter_02.md,UNMAPPED,UNVERIFIED
REQ-00168,EAR1-C02-0190,2,evidence,,Moodify_Ear_v1_Chapter_02_Package/Moodify_Ear_v1_Chapter_02/Moodify_Ear_v1_Chapter_02.md,UNMAPPED,UNVERIFIED
REQ-00169,EAR1-C02-0193,2,evidence,,Moodify_Ear_v1_Chapter_02_Package/Moodify_Ear_v1_Chapter_02/Moodify_Ear_v1_Chapter_02.md,UNMAPPED,UNVERIFIED
REQ-00170,EAR1-C02-0195,2,measurement;evidence,,Moodify_Ear_v1_Chapter_02_Package/Moodify_Ear_v1_Chapter_02/Moodify_Ear_v1_Chapter_02.md,UNMAPPED,UNVERIFIED
REQ-00171,EAR1-C02-0196,2,measurement,,Moodify_Ear_v1_Chapter_02_Package/Moodify_Ear_v1_Chapter_02/Moodify_Ear_v1_Chapter_02.md,UNMAPPED,UNVERIFIED
REQ-00172,EAR1-C02-0199,2,measurement,,Moodify_Ear_v1_Chapter_02_Package/Moodify_Ear_v1_Chapter_02/Moodify_Ear_v1_Chapter_02.md,UNMAPPED,UNVERIFIED
REQ-00173,EAR1-C02-0200,2,measurement,,Moodify_Ear_v1_Chapter_02_Package/Moodify_Ear_v1_Chapter_02/Moodify_Ear_v1_Chapter_02.md,UNMAPPED,UNVERIFIED
REQ-00174,EAR1-C02-0201,2,failure_recovery,,Moodify_Ear_v1_Chapter_02_Package/Moodify_Ear_v1_Chapter_02/Moodify_Ear_v1_Chapter_02.md,UNMAPPED,UNVERIFIED
REQ-00175,EAR1-C02-0204,2,measurement,,Moodify_Ear_v1_Chapter_02_Package/Moodify_Ear_v1_Chapter_02/Moodify_Ear_v1_Chapter_02.md,UNMAPPED,UNVERIFIED
REQ-00176,EAR1-C02-0205,2,measurement,,Moodify_Ear_v1_Chapter_02_Package/Moodify_Ear_v1_Chapter_02/Moodify_Ear_v1_Chapter_02.md,UNMAPPED,UNVERIFIED
REQ-00177,EAR1-C02-0206,2,verification,,Moodify_Ear_v1_Chapter_02_Package/Moodify_Ear_v1_Chapter_02/Moodify_Ear_v1_Chapter_02.md,UNMAPPED,UNVERIFIED
REQ-00178,EAR1-C02-0207,2,measurement,,Moodify_Ear_v1_Chapter_02_Package/Moodify_Ear_v1_Chapter_02/Moodify_Ear_v1_Chapter_02.md,UNMAPPED,UNVERIFIED
REQ-00179,EAR1-C02-0209,2,measurement,,Moodify_Ear_v1_Chapter_02_Package/Moodify_Ear_v1_Chapter_02/Moodify_Ear_v1_Chapter_02.md,UNMAPPED,UNVERIFIED
REQ-00180,EAR1-C02-0210,2,verification,,Moodify_Ear_v1_Chapter_02_Package/Moodify_Ear_v1_Chapter_02/Moodify_Ear_v1_Chapter_02.md,UNMAPPED,UNVERIFIED
REQ-00181,EAR1-C02-0211,2,verification,COMP-011,Moodify_Ear_v1_Chapter_02_Package/Moodify_Ear_v1_Chapter_02/Moodify_Ear_v1_Chapter_02.md,UNMAPPED,UNVERIFIED
REQ-00182,EAR1-C02-0214,2,evidence,,Moodify_Ear_v1_Chapter_02_Package/Moodify_Ear_v1_Chapter_02/Moodify_Ear_v1_Chapter_02.md,UNMAPPED,UNVERIFIED
REQ-00183,EAR1-C02-0215,2,verification,,Moodify_Ear_v1_Chapter_02_Package/Moodify_Ear_v1_Chapter_02/Moodify_Ear_v1_Chapter_02.md,UNMAPPED,UNVERIFIED
REQ-00184,EAR1-C02-0216,2,verification,,Moodify_Ear_v1_Chapter_02_Package/Moodify_Ear_v1_Chapter_02/Moodify_Ear_v1_Chapter_02.md,UNMAPPED,UNVERIFIED
REQ-00185,EAR1-C02-0218,2,measurement,,Moodify_Ear_v1_Chapter_02_Package/Moodify_Ear_v1_Chapter_02/Moodify_Ear_v1_Chapter_02.md,UNMAPPED,UNVERIFIED
REQ-00186,EAR1-C02-0219,2,measurement;evidence,,Moodify_Ear_v1_Chapter_02_Package/Moodify_Ear_v1_Chapter_02/Moodify_Ear_v1_Chapter_02.md,UNMAPPED,UNVERIFIED
REQ-00187,EAR1-C02-0220,2,verification,,Moodify_Ear_v1_Chapter_02_Package/Moodify_Ear_v1_Chapter_02/Moodify_Ear_v1_Chapter_02.md,UNMAPPED,UNVERIFIED
REQ-00188,EAR1-C02-0223,2,measurement;evidence,,Moodify_Ear_v1_Chapter_02_Package/Moodify_Ear_v1_Chapter_02/Moodify_Ear_v1_Chapter_02.md,UNMAPPED,UNVERIFIED
REQ-00189,EAR1-C02-0226,2,measurement,,Moodify_Ear_v1_Chapter_02_Package/Moodify_Ear_v1_Chapter_02/Moodify_Ear_v1_Chapter_02.md,UNMAPPED,UNVERIFIED
REQ-00190,EAR1-C02-0229,2,human_authority,,Moodify_Ear_v1_Chapter_02_Package/Moodify_Ear_v1_Chapter_02/Moodify_Ear_v1_Chapter_02.md,UNMAPPED,UNVERIFIED
REQ-00191,EAR1-C02-0240,2,measurement,,Moodify_Ear_v1_Chapter_02_Package/Moodify_Ear_v1_Chapter_02/Moodify_Ear_v1_Chapter_02.md,UNMAPPED,UNVERIFIED
REQ-00192,EAR1-C02-0245,2,measurement,,Moodify_Ear_v1_Chapter_02_Package/Moodify_Ear_v1_Chapter_02/Moodify_Ear_v1_Chapter_02.md,UNMAPPED,UNVERIFIED
REQ-00193,EAR1-C02-0246,2,human_authority,,Moodify_Ear_v1_Chapter_02_Package/Moodify_Ear_v1_Chapter_02/Moodify_Ear_v1_Chapter_02.md,UNMAPPED,UNVERIFIED
REQ-00194,EAR1-C03-0002,3,evidence,,Moodify_Ear_v1_Chapter_03_Package/Moodify_Ear_v1_Chapter_03/Moodify_Ear_v1_Chapter_03.md,UNMAPPED,UNVERIFIED
REQ-00195,EAR1-C03-0004,3,measurement,,Moodify_Ear_v1_Chapter_03_Package/Moodify_Ear_v1_Chapter_03/Moodify_Ear_v1_Chapter_03.md,UNMAPPED,UNVERIFIED
REQ-00196,EAR1-C03-0005,3,measurement,,Moodify_Ear_v1_Chapter_03_Package/Moodify_Ear_v1_Chapter_03/Moodify_Ear_v1_Chapter_03.md,UNMAPPED,UNVERIFIED
REQ-00197,EAR1-C03-0008,3,measurement,,Moodify_Ear_v1_Chapter_03_Package/Moodify_Ear_v1_Chapter_03/Moodify_Ear_v1_Chapter_03.md,UNMAPPED,UNVERIFIED
REQ-00198,EAR1-C03-0009,3,evidence,,Moodify_Ear_v1_Chapter_03_Package/Moodify_Ear_v1_Chapter_03/Moodify_Ear_v1_Chapter_03.md,UNMAPPED,UNVERIFIED
REQ-00199,EAR1-C03-0010,3,measurement,,Moodify_Ear_v1_Chapter_03_Package/Moodify_Ear_v1_Chapter_03/Moodify_Ear_v1_Chapter_03.md,UNMAPPED,UNVERIFIED
REQ-00200,EAR1-C03-0011,3,measurement,,Moodify_Ear_v1_Chapter_03_Package/Moodify_Ear_v1_Chapter_03/Moodify_Ear_v1_Chapter_03.md,UNMAPPED,UNVERIFIED
REQ-00201,EAR1-C03-0012,3,measurement,,Moodify_Ear_v1_Chapter_03_Package/Moodify_Ear_v1_Chapter_03/Moodify_Ear_v1_Chapter_03.md,UNMAPPED,UNVERIFIED
REQ-00202,EAR1-C03-0015,3,measurement;evidence;human_authority,,Moodify_Ear_v1_Chapter_03_Package/Moodify_Ear_v1_Chapter_03/Moodify_Ear_v1_Chapter_03.md,UNMAPPED,UNVERIFIED
REQ-00203,EAR1-C03-0017,3,verification,,Moodify_Ear_v1_Chapter_03_Package/Moodify_Ear_v1_Chapter_03/Moodify_Ear_v1_Chapter_03.md,UNMAPPED,UNVERIFIED
REQ-00204,EAR1-C03-0018,3,measurement,,Moodify_Ear_v1_Chapter_03_Package/Moodify_Ear_v1_Chapter_03/Moodify_Ear_v1_Chapter_03.md,UNMAPPED,UNVERIFIED
REQ-00205,EAR1-C03-0025,3,measurement;evidence,,Moodify_Ear_v1_Chapter_03_Package/Moodify_Ear_v1_Chapter_03/Moodify_Ear_v1_Chapter_03.md,UNMAPPED,UNVERIFIED
REQ-00206,EAR1-C03-0028,3,measurement,,Moodify_Ear_v1_Chapter_03_Package/Moodify_Ear_v1_Chapter_03/Moodify_Ear_v1_Chapter_03.md,UNMAPPED,UNVERIFIED
REQ-00207,EAR1-C03-0031,3,verification,,Moodify_Ear_v1_Chapter_03_Package/Moodify_Ear_v1_Chapter_03/Moodify_Ear_v1_Chapter_03.md,UNMAPPED,UNVERIFIED
REQ-00208,EAR1-C03-0032,3,measurement,,Moodify_Ear_v1_Chapter_03_Package/Moodify_Ear_v1_Chapter_03/Moodify_Ear_v1_Chapter_03.md,UNMAPPED,UNVERIFIED
REQ-00209,EAR1-C03-0035,3,evidence,,Moodify_Ear_v1_Chapter_03_Package/Moodify_Ear_v1_Chapter_03/Moodify_Ear_v1_Chapter_03.md,UNMAPPED,UNVERIFIED
REQ-00210,EAR1-C03-0037,3,evidence,,Moodify_Ear_v1_Chapter_03_Package/Moodify_Ear_v1_Chapter_03/Moodify_Ear_v1_Chapter_03.md,UNMAPPED,UNVERIFIED
REQ-00211,EAR1-C03-0042,3,human_authority,,Moodify_Ear_v1_Chapter_03_Package/Moodify_Ear_v1_Chapter_03/Moodify_Ear_v1_Chapter_03.md,UNMAPPED,UNVERIFIED
REQ-00212,EAR1-C03-0043,3,measurement,,Moodify_Ear_v1_Chapter_03_Package/Moodify_Ear_v1_Chapter_03/Moodify_Ear_v1_Chapter_03.md,UNMAPPED,UNVERIFIED
REQ-00213,EAR1-C03-0046,3,evidence,,Moodify_Ear_v1_Chapter_03_Package/Moodify_Ear_v1_Chapter_03/Moodify_Ear_v1_Chapter_03.md,UNMAPPED,UNVERIFIED
REQ-00214,EAR1-C03-0048,3,failure_recovery,,Moodify_Ear_v1_Chapter_03_Package/Moodify_Ear_v1_Chapter_03/Moodify_Ear_v1_Chapter_03.md,UNMAPPED,UNVERIFIED
REQ-00215,EAR1-C03-0049,3,measurement;human_authority,,Moodify_Ear_v1_Chapter_03_Package/Moodify_Ear_v1_Chapter_03/Moodify_Ear_v1_Chapter_03.md,UNMAPPED,UNVERIFIED
REQ-00216,EAR1-C03-0051,3,measurement,,Moodify_Ear_v1_Chapter_03_Package/Moodify_Ear_v1_Chapter_03/Moodify_Ear_v1_Chapter_03.md,UNMAPPED,UNVERIFIED
REQ-00217,EAR1-C03-0052,3,measurement,,Moodify_Ear_v1_Chapter_03_Package/Moodify_Ear_v1_Chapter_03/Moodify_Ear_v1_Chapter_03.md,UNMAPPED,UNVERIFIED
REQ-00218,EAR1-C03-0055,3,measurement,,Moodify_Ear_v1_Chapter_03_Package/Moodify_Ear_v1_Chapter_03/Moodify_Ear_v1_Chapter_03.md,UNMAPPED,UNVERIFIED
REQ-00219,EAR1-C03-0059,3,measurement,,Moodify_Ear_v1_Chapter_03_Package/Moodify_Ear_v1_Chapter_03/Moodify_Ear_v1_Chapter_03.md,UNMAPPED,UNVERIFIED
REQ-00220,EAR1-C03-0060,3,verification,,Moodify_Ear_v1_Chapter_03_Package/Moodify_Ear_v1_Chapter_03/Moodify_Ear_v1_Chapter_03.md,UNMAPPED,UNVERIFIED
REQ-00221,EAR1-C03-0061,3,evidence,,Moodify_Ear_v1_Chapter_03_Package/Moodify_Ear_v1_Chapter_03/Moodify_Ear_v1_Chapter_03.md,UNMAPPED,UNVERIFIED
REQ-00222,EAR1-C03-0062,3,measurement,,Moodify_Ear_v1_Chapter_03_Package/Moodify_Ear_v1_Chapter_03/Moodify_Ear_v1_Chapter_03.md,UNMAPPED,UNVERIFIED
REQ-00223,EAR1-C03-0064,3,measurement,,Moodify_Ear_v1_Chapter_03_Package/Moodify_Ear_v1_Chapter_03/Moodify_Ear_v1_Chapter_03.md,UNMAPPED,UNVERIFIED
REQ-00224,EAR1-C03-0065,3,measurement,,Moodify_Ear_v1_Chapter_03_Package/Moodify_Ear_v1_Chapter_03/Moodify_Ear_v1_Chapter_03.md,UNMAPPED,UNVERIFIED
REQ-00225,EAR1-C03-0066,3,human_authority,,Moodify_Ear_v1_Chapter_03_Package/Moodify_Ear_v1_Chapter_03/Moodify_Ear_v1_Chapter_03.md,UNMAPPED,UNVERIFIED
REQ-00226,EAR1-C03-0067,3,measurement;human_authority,,Moodify_Ear_v1_Chapter_03_Package/Moodify_Ear_v1_Chapter_03/Moodify_Ear_v1_Chapter_03.md,UNMAPPED,UNVERIFIED
REQ-00227,EAR1-C03-0068,3,measurement;human_authority,,Moodify_Ear_v1_Chapter_03_Package/Moodify_Ear_v1_Chapter_03/Moodify_Ear_v1_Chapter_03.md,UNMAPPED,UNVERIFIED
REQ-00228,EAR1-C03-0070,3,measurement;failure_recovery,,Moodify_Ear_v1_Chapter_03_Package/Moodify_Ear_v1_Chapter_03/Moodify_Ear_v1_Chapter_03.md,UNMAPPED,UNVERIFIED
REQ-00229,EAR1-C03-0071,3,evidence;human_authority,,Moodify_Ear_v1_Chapter_03_Package/Moodify_Ear_v1_Chapter_03/Moodify_Ear_v1_Chapter_03.md,UNMAPPED,UNVERIFIED
REQ-00230,EAR1-C03-0072,3,measurement;verification,,Moodify_Ear_v1_Chapter_03_Package/Moodify_Ear_v1_Chapter_03/Moodify_Ear_v1_Chapter_03.md,UNMAPPED,UNVERIFIED
REQ-00231,EAR1-C03-0074,3,measurement,,Moodify_Ear_v1_Chapter_03_Package/Moodify_Ear_v1_Chapter_03/Moodify_Ear_v1_Chapter_03.md,UNMAPPED,UNVERIFIED
REQ-00232,EAR1-C03-0078,3,measurement,,Moodify_Ear_v1_Chapter_03_Package/Moodify_Ear_v1_Chapter_03/Moodify_Ear_v1_Chapter_03.md,UNMAPPED,UNVERIFIED
REQ-00233,EAR1-C03-0080,3,measurement,COMP-008;COMP-009,Moodify_Ear_v1_Chapter_03_Package/Moodify_Ear_v1_Chapter_03/Moodify_Ear_v1_Chapter_03.md,UNMAPPED,UNVERIFIED
REQ-00234,EAR1-C03-0082,3,evidence,,Moodify_Ear_v1_Chapter_03_Package/Moodify_Ear_v1_Chapter_03/Moodify_Ear_v1_Chapter_03.md,UNMAPPED,UNVERIFIED
REQ-00235,EAR1-C03-0083,3,evidence,,Moodify_Ear_v1_Chapter_03_Package/Moodify_Ear_v1_Chapter_03/Moodify_Ear_v1_Chapter_03.md,UNMAPPED,UNVERIFIED
REQ-00236,EAR1-C03-0085,3,measurement,,Moodify_Ear_v1_Chapter_03_Package/Moodify_Ear_v1_Chapter_03/Moodify_Ear_v1_Chapter_03.md,UNMAPPED,UNVERIFIED
REQ-00237,EAR1-C03-0086,3,failure_recovery,,Moodify_Ear_v1_Chapter_03_Package/Moodify_Ear_v1_Chapter_03/Moodify_Ear_v1_Chapter_03.md,UNMAPPED,UNVERIFIED
REQ-00238,EAR1-C03-0087,3,evidence,,Moodify_Ear_v1_Chapter_03_Package/Moodify_Ear_v1_Chapter_03/Moodify_Ear_v1_Chapter_03.md,UNMAPPED,UNVERIFIED
REQ-00239,EAR1-C03-0088,3,measurement;human_authority,,Moodify_Ear_v1_Chapter_03_Package/Moodify_Ear_v1_Chapter_03/Moodify_Ear_v1_Chapter_03.md,UNMAPPED,UNVERIFIED
REQ-00240,EAR1-C03-0089,3,measurement,,Moodify_Ear_v1_Chapter_03_Package/Moodify_Ear_v1_Chapter_03/Moodify_Ear_v1_Chapter_03.md,UNMAPPED,UNVERIFIED
REQ-00241,EAR1-C03-0093,3,measurement,,Moodify_Ear_v1_Chapter_03_Package/Moodify_Ear_v1_Chapter_03/Moodify_Ear_v1_Chapter_03.md,UNMAPPED,UNVERIFIED
REQ-00242,EAR1-C03-0094,3,evidence,,Moodify_Ear_v1_Chapter_03_Package/Moodify_Ear_v1_Chapter_03/Moodify_Ear_v1_Chapter_03.md,UNMAPPED,UNVERIFIED
REQ-00243,EAR1-C03-0097,3,measurement;evidence;human_authority,,Moodify_Ear_v1_Chapter_03_Package/Moodify_Ear_v1_Chapter_03/Moodify_Ear_v1_Chapter_03.md,UNMAPPED,UNVERIFIED
REQ-00244,EAR1-C03-0100,3,evidence,,Moodify_Ear_v1_Chapter_03_Package/Moodify_Ear_v1_Chapter_03/Moodify_Ear_v1_Chapter_03.md,UNMAPPED,UNVERIFIED
REQ-00245,EAR1-C03-0101,3,evidence,,Moodify_Ear_v1_Chapter_03_Package/Moodify_Ear_v1_Chapter_03/Moodify_Ear_v1_Chapter_03.md,UNMAPPED,UNVERIFIED
REQ-00246,EAR1-C03-0105,3,measurement;evidence,,Moodify_Ear_v1_Chapter_03_Package/Moodify_Ear_v1_Chapter_03/Moodify_Ear_v1_Chapter_03.md,UNMAPPED,UNVERIFIED
REQ-00247,EAR1-C03-0108,3,failure_recovery,,Moodify_Ear_v1_Chapter_03_Package/Moodify_Ear_v1_Chapter_03/Moodify_Ear_v1_Chapter_03.md,UNMAPPED,UNVERIFIED
REQ-00248,EAR1-C03-0109,3,measurement;failure_recovery,COMP-007,Moodify_Ear_v1_Chapter_03_Package/Moodify_Ear_v1_Chapter_03/Moodify_Ear_v1_Chapter_03.md,UNMAPPED,UNVERIFIED
REQ-00249,EAR1-C03-0110,3,evidence,,Moodify_Ear_v1_Chapter_03_Package/Moodify_Ear_v1_Chapter_03/Moodify_Ear_v1_Chapter_03.md,UNMAPPED,UNVERIFIED
REQ-00250,EAR1-C03-0111,3,evidence,,Moodify_Ear_v1_Chapter_03_Package/Moodify_Ear_v1_Chapter_03/Moodify_Ear_v1_Chapter_03.md,UNMAPPED,UNVERIFIED
REQ-00251,EAR1-C03-0116,3,verification,,Moodify_Ear_v1_Chapter_03_Package/Moodify_Ear_v1_Chapter_03/Moodify_Ear_v1_Chapter_03.md,UNMAPPED,UNVERIFIED
REQ-00252,EAR1-C03-0117,3,evidence,,Moodify_Ear_v1_Chapter_03_Package/Moodify_Ear_v1_Chapter_03/Moodify_Ear_v1_Chapter_03.md,UNMAPPED,UNVERIFIED
REQ-00253,EAR1-C03-0119,3,measurement;evidence,,Moodify_Ear_v1_Chapter_03_Package/Moodify_Ear_v1_Chapter_03/Moodify_Ear_v1_Chapter_03.md,UNMAPPED,UNVERIFIED
REQ-00254,EAR1-C03-0120,3,verification,,Moodify_Ear_v1_Chapter_03_Package/Moodify_Ear_v1_Chapter_03/Moodify_Ear_v1_Chapter_03.md,UNMAPPED,UNVERIFIED
REQ-00255,EAR1-C03-0122,3,verification,,Moodify_Ear_v1_Chapter_03_Package/Moodify_Ear_v1_Chapter_03/Moodify_Ear_v1_Chapter_03.md,UNMAPPED,UNVERIFIED
REQ-00256,EAR1-C03-0124,3,verification,,Moodify_Ear_v1_Chapter_03_Package/Moodify_Ear_v1_Chapter_03/Moodify_Ear_v1_Chapter_03.md,UNMAPPED,UNVERIFIED
REQ-00257,EAR1-C03-0125,3,evidence,,Moodify_Ear_v1_Chapter_03_Package/Moodify_Ear_v1_Chapter_03/Moodify_Ear_v1_Chapter_03.md,UNMAPPED,UNVERIFIED
REQ-00258,EAR1-C03-0132,3,evidence,,Moodify_Ear_v1_Chapter_03_Package/Moodify_Ear_v1_Chapter_03/Moodify_Ear_v1_Chapter_03.md,UNMAPPED,UNVERIFIED
REQ-00259,EAR1-C03-0133,3,verification,,Moodify_Ear_v1_Chapter_03_Package/Moodify_Ear_v1_Chapter_03/Moodify_Ear_v1_Chapter_03.md,UNMAPPED,UNVERIFIED
REQ-00260,EAR1-C03-0134,3,measurement,,Moodify_Ear_v1_Chapter_03_Package/Moodify_Ear_v1_Chapter_03/Moodify_Ear_v1_Chapter_03.md,UNMAPPED,UNVERIFIED
REQ-00261,EAR1-C03-0135,3,evidence,COMP-002,Moodify_Ear_v1_Chapter_03_Package/Moodify_Ear_v1_Chapter_03/Moodify_Ear_v1_Chapter_03.md,UNMAPPED,UNVERIFIED
REQ-00262,EAR1-C03-0136,3,measurement,,Moodify_Ear_v1_Chapter_03_Package/Moodify_Ear_v1_Chapter_03/Moodify_Ear_v1_Chapter_03.md,UNMAPPED,UNVERIFIED
REQ-00263,EAR1-C03-0137,3,measurement,,Moodify_Ear_v1_Chapter_03_Package/Moodify_Ear_v1_Chapter_03/Moodify_Ear_v1_Chapter_03.md,UNMAPPED,UNVERIFIED
REQ-00264,EAR1-C03-0140,3,measurement;failure_recovery,,Moodify_Ear_v1_Chapter_03_Package/Moodify_Ear_v1_Chapter_03/Moodify_Ear_v1_Chapter_03.md,UNMAPPED,UNVERIFIED
REQ-00265,EAR1-C03-0141,3,measurement,,Moodify_Ear_v1_Chapter_03_Package/Moodify_Ear_v1_Chapter_03/Moodify_Ear_v1_Chapter_03.md,UNMAPPED,UNVERIFIED
REQ-00266,EAR1-C03-0142,3,measurement;evidence,,Moodify_Ear_v1_Chapter_03_Package/Moodify_Ear_v1_Chapter_03/Moodify_Ear_v1_Chapter_03.md,UNMAPPED,UNVERIFIED
REQ-00267,EAR1-C03-0143,3,measurement;evidence,,Moodify_Ear_v1_Chapter_03_Package/Moodify_Ear_v1_Chapter_03/Moodify_Ear_v1_Chapter_03.md,UNMAPPED,UNVERIFIED
REQ-00268,EAR1-C03-0144,3,measurement,,Moodify_Ear_v1_Chapter_03_Package/Moodify_Ear_v1_Chapter_03/Moodify_Ear_v1_Chapter_03.md,UNMAPPED,UNVERIFIED
REQ-00269,EAR1-C03-0146,3,failure_recovery,,Moodify_Ear_v1_Chapter_03_Package/Moodify_Ear_v1_Chapter_03/Moodify_Ear_v1_Chapter_03.md,UNMAPPED,UNVERIFIED
REQ-00270,EAR1-C03-0147,3,evidence,,Moodify_Ear_v1_Chapter_03_Package/Moodify_Ear_v1_Chapter_03/Moodify_Ear_v1_Chapter_03.md,UNMAPPED,UNVERIFIED
REQ-00271,EAR1-C03-0148,3,human_authority,COMP-004,Moodify_Ear_v1_Chapter_03_Package/Moodify_Ear_v1_Chapter_03/Moodify_Ear_v1_Chapter_03.md,UNMAPPED,UNVERIFIED
REQ-00272,EAR1-C03-0153,3,evidence,,Moodify_Ear_v1_Chapter_03_Package/Moodify_Ear_v1_Chapter_03/Moodify_Ear_v1_Chapter_03.md,UNMAPPED,UNVERIFIED
REQ-00273,EAR1-C03-0154,3,measurement,,Moodify_Ear_v1_Chapter_03_Package/Moodify_Ear_v1_Chapter_03/Moodify_Ear_v1_Chapter_03.md,UNMAPPED,UNVERIFIED
REQ-00274,EAR1-C03-0155,3,evidence,,Moodify_Ear_v1_Chapter_03_Package/Moodify_Ear_v1_Chapter_03/Moodify_Ear_v1_Chapter_03.md,UNMAPPED,UNVERIFIED
REQ-00275,EAR1-C03-0156,3,measurement;evidence,,Moodify_Ear_v1_Chapter_03_Package/Moodify_Ear_v1_Chapter_03/Moodify_Ear_v1_Chapter_03.md,UNMAPPED,UNVERIFIED
REQ-00276,EAR1-C03-0157,3,evidence,,Moodify_Ear_v1_Chapter_03_Package/Moodify_Ear_v1_Chapter_03/Moodify_Ear_v1_Chapter_03.md,UNMAPPED,UNVERIFIED
REQ-00277,EAR1-C03-0160,3,human_authority,,Moodify_Ear_v1_Chapter_03_Package/Moodify_Ear_v1_Chapter_03/Moodify_Ear_v1_Chapter_03.md,UNMAPPED,UNVERIFIED
REQ-00278,EAR1-C03-0162,3,measurement;evidence;human_authority,,Moodify_Ear_v1_Chapter_03_Package/Moodify_Ear_v1_Chapter_03/Moodify_Ear_v1_Chapter_03.md,UNMAPPED,UNVERIFIED
REQ-00279,EAR1-C03-0164,3,measurement;evidence;human_authority,COMP-008;COMP-009;COMP-010,Moodify_Ear_v1_Chapter_03_Package/Moodify_Ear_v1_Chapter_03/Moodify_Ear_v1_Chapter_03.md,UNMAPPED,UNVERIFIED
REQ-00280,EAR1-C03-0165,3,evidence;verification;failure_recovery,COMP-010,Moodify_Ear_v1_Chapter_03_Package/Moodify_Ear_v1_Chapter_03/Moodify_Ear_v1_Chapter_03.md,UNMAPPED,UNVERIFIED
REQ-00281,EAR1-C03-0169,3,evidence,,Moodify_Ear_v1_Chapter_03_Package/Moodify_Ear_v1_Chapter_03/Moodify_Ear_v1_Chapter_03.md,UNMAPPED,UNVERIFIED
REQ-00282,EAR1-C03-0171,3,evidence,,Moodify_Ear_v1_Chapter_03_Package/Moodify_Ear_v1_Chapter_03/Moodify_Ear_v1_Chapter_03.md,UNMAPPED,UNVERIFIED
REQ-00283,EAR1-C03-0172,3,evidence,,Moodify_Ear_v1_Chapter_03_Package/Moodify_Ear_v1_Chapter_03/Moodify_Ear_v1_Chapter_03.md,UNMAPPED,UNVERIFIED
REQ-00284,EAR1-C03-0174,3,evidence;verification;human_authority,,Moodify_Ear_v1_Chapter_03_Package/Moodify_Ear_v1_Chapter_03/Moodify_Ear_v1_Chapter_03.md,UNMAPPED,UNVERIFIED
REQ-00285,EAR1-C03-0175,3,evidence,,Moodify_Ear_v1_Chapter_03_Package/Moodify_Ear_v1_Chapter_03/Moodify_Ear_v1_Chapter_03.md,UNMAPPED,UNVERIFIED
REQ-00286,EAR1-C03-0178,3,measurement;evidence;human_authority,COMP-001,Moodify_Ear_v1_Chapter_03_Package/Moodify_Ear_v1_Chapter_03/Moodify_Ear_v1_Chapter_03.md,UNMAPPED,UNVERIFIED
REQ-00287,EAR1-C03-0179,3,verification,,Moodify_Ear_v1_Chapter_03_Package/Moodify_Ear_v1_Chapter_03/Moodify_Ear_v1_Chapter_03.md,UNMAPPED,UNVERIFIED
REQ-00288,EAR1-C03-0181,3,measurement;evidence;human_authority,COMP-001;COMP-006,Moodify_Ear_v1_Chapter_03_Package/Moodify_Ear_v1_Chapter_03/Moodify_Ear_v1_Chapter_03.md,UNMAPPED,UNVERIFIED
REQ-00289,EAR1-C03-0182,3,verification,COMP-011,Moodify_Ear_v1_Chapter_03_Package/Moodify_Ear_v1_Chapter_03/Moodify_Ear_v1_Chapter_03.md,UNMAPPED,UNVERIFIED
REQ-00290,EAR1-C03-0184,3,measurement;verification,,Moodify_Ear_v1_Chapter_03_Package/Moodify_Ear_v1_Chapter_03/Moodify_Ear_v1_Chapter_03.md,UNMAPPED,UNVERIFIED
REQ-00291,EAR1-C03-0187,3,measurement;evidence;verification;human_authority,,Moodify_Ear_v1_Chapter_03_Package/Moodify_Ear_v1_Chapter_03/Moodify_Ear_v1_Chapter_03.md,UNMAPPED,UNVERIFIED
REQ-00292,EAR1-C03-0188,3,human_authority,,Moodify_Ear_v1_Chapter_03_Package/Moodify_Ear_v1_Chapter_03/Moodify_Ear_v1_Chapter_03.md,UNMAPPED,UNVERIFIED
REQ-00293,EAR1-C03-0191,3,measurement,,Moodify_Ear_v1_Chapter_03_Package/Moodify_Ear_v1_Chapter_03/Moodify_Ear_v1_Chapter_03.md,UNMAPPED,UNVERIFIED
REQ-00294,EAR1-C03-0196,3,evidence,,Moodify_Ear_v1_Chapter_03_Package/Moodify_Ear_v1_Chapter_03/Moodify_Ear_v1_Chapter_03.md,UNMAPPED,UNVERIFIED
REQ-00295,EAR1-C03-0197,3,evidence,,Moodify_Ear_v1_Chapter_03_Package/Moodify_Ear_v1_Chapter_03/Moodify_Ear_v1_Chapter_03.md,UNMAPPED,UNVERIFIED
REQ-00296,EAR1-C03-0198,3,human_authority,,Moodify_Ear_v1_Chapter_03_Package/Moodify_Ear_v1_Chapter_03/Moodify_Ear_v1_Chapter_03.md,UNMAPPED,UNVERIFIED
REQ-00297,EAR1-C03-0201,3,evidence,,Moodify_Ear_v1_Chapter_03_Package/Moodify_Ear_v1_Chapter_03/Moodify_Ear_v1_Chapter_03.md,UNMAPPED,UNVERIFIED
REQ-00298,EAR1-C03-0202,3,human_authority,,Moodify_Ear_v1_Chapter_03_Package/Moodify_Ear_v1_Chapter_03/Moodify_Ear_v1_Chapter_03.md,UNMAPPED,UNVERIFIED
REQ-00299,EAR1-C03-0211,3,measurement,,Moodify_Ear_v1_Chapter_03_Package/Moodify_Ear_v1_Chapter_03/Moodify_Ear_v1_Chapter_03.md,UNMAPPED,UNVERIFIED
REQ-00300,EAR1-C03-0212,3,measurement,,Moodify_Ear_v1_Chapter_03_Package/Moodify_Ear_v1_Chapter_03/Moodify_Ear_v1_Chapter_03.md,UNMAPPED,UNVERIFIED
REQ-00301,EAR1-C03-0213,3,measurement,,Moodify_Ear_v1_Chapter_03_Package/Moodify_Ear_v1_Chapter_03/Moodify_Ear_v1_Chapter_03.md,UNMAPPED,UNVERIFIED
REQ-00302,EAR1-C03-0225,3,measurement,,Moodify_Ear_v1_Chapter_03_Package/Moodify_Ear_v1_Chapter_03/Moodify_Ear_v1_Chapter_03.md,UNMAPPED,UNVERIFIED
REQ-00303,EAR1-C03-0238,3,measurement;human_authority,,Moodify_Ear_v1_Chapter_03_Package/Moodify_Ear_v1_Chapter_03/Moodify_Ear_v1_Chapter_03.md,UNMAPPED,UNVERIFIED
REQ-00304,EAR1-C03-0240,3,verification,,Moodify_Ear_v1_Chapter_03_Package/Moodify_Ear_v1_Chapter_03/Moodify_Ear_v1_Chapter_03.md,UNMAPPED,UNVERIFIED
REQ-00305,EAR1-C04-0005,4,measurement;failure_recovery;human_authority,,Moodify_Ear_v1_Chapter_04_Package/Moodify_Ear_v1_Chapter_04/Moodify_Ear_v1_Chapter_04.md,UNMAPPED,UNVERIFIED
REQ-00306,EAR1-C04-0007,4,evidence,,Moodify_Ear_v1_Chapter_04_Package/Moodify_Ear_v1_Chapter_04/Moodify_Ear_v1_Chapter_04.md,UNMAPPED,UNVERIFIED
REQ-00307,EAR1-C04-0008,4,evidence;failure_recovery,,Moodify_Ear_v1_Chapter_04_Package/Moodify_Ear_v1_Chapter_04/Moodify_Ear_v1_Chapter_04.md,UNMAPPED,UNVERIFIED
REQ-00308,EAR1-C04-0009,4,evidence;verification,,Moodify_Ear_v1_Chapter_04_Package/Moodify_Ear_v1_Chapter_04/Moodify_Ear_v1_Chapter_04.md,UNMAPPED,UNVERIFIED
REQ-00309,EAR1-C04-0011,4,measurement;evidence,,Moodify_Ear_v1_Chapter_04_Package/Moodify_Ear_v1_Chapter_04/Moodify_Ear_v1_Chapter_04.md,UNMAPPED,UNVERIFIED
REQ-00310,EAR1-C04-0020,4,human_authority,,Moodify_Ear_v1_Chapter_04_Package/Moodify_Ear_v1_Chapter_04/Moodify_Ear_v1_Chapter_04.md,UNMAPPED,UNVERIFIED
REQ-00311,EAR1-C04-0021,4,evidence,,Moodify_Ear_v1_Chapter_04_Package/Moodify_Ear_v1_Chapter_04/Moodify_Ear_v1_Chapter_04.md,UNMAPPED,UNVERIFIED
REQ-00312,EAR1-C04-0023,4,evidence,,Moodify_Ear_v1_Chapter_04_Package/Moodify_Ear_v1_Chapter_04/Moodify_Ear_v1_Chapter_04.md,UNMAPPED,UNVERIFIED
REQ-00313,EAR1-C04-0030,4,measurement;evidence,,Moodify_Ear_v1_Chapter_04_Package/Moodify_Ear_v1_Chapter_04/Moodify_Ear_v1_Chapter_04.md,UNMAPPED,UNVERIFIED
REQ-00314,EAR1-C04-0033,4,measurement,,Moodify_Ear_v1_Chapter_04_Package/Moodify_Ear_v1_Chapter_04/Moodify_Ear_v1_Chapter_04.md,UNMAPPED,UNVERIFIED
REQ-00315,EAR1-C04-0034,4,measurement,,Moodify_Ear_v1_Chapter_04_Package/Moodify_Ear_v1_Chapter_04/Moodify_Ear_v1_Chapter_04.md,UNMAPPED,UNVERIFIED
REQ-00316,EAR1-C04-0038,4,measurement,,Moodify_Ear_v1_Chapter_04_Package/Moodify_Ear_v1_Chapter_04/Moodify_Ear_v1_Chapter_04.md,UNMAPPED,UNVERIFIED
REQ-00317,EAR1-C04-0043,4,failure_recovery,,Moodify_Ear_v1_Chapter_04_Package/Moodify_Ear_v1_Chapter_04/Moodify_Ear_v1_Chapter_04.md,UNMAPPED,UNVERIFIED
REQ-00318,EAR1-C04-0047,4,evidence,,Moodify_Ear_v1_Chapter_04_Package/Moodify_Ear_v1_Chapter_04/Moodify_Ear_v1_Chapter_04.md,UNMAPPED,UNVERIFIED
REQ-00319,EAR1-C04-0050,4,measurement;evidence,,Moodify_Ear_v1_Chapter_04_Package/Moodify_Ear_v1_Chapter_04/Moodify_Ear_v1_Chapter_04.md,UNMAPPED,UNVERIFIED
REQ-00320,EAR1-C04-0053,4,verification,,Moodify_Ear_v1_Chapter_04_Package/Moodify_Ear_v1_Chapter_04/Moodify_Ear_v1_Chapter_04.md,UNMAPPED,UNVERIFIED
REQ-00321,EAR1-C04-0055,4,evidence,,Moodify_Ear_v1_Chapter_04_Package/Moodify_Ear_v1_Chapter_04/Moodify_Ear_v1_Chapter_04.md,UNMAPPED,UNVERIFIED
REQ-00322,EAR1-C04-0056,4,verification,,Moodify_Ear_v1_Chapter_04_Package/Moodify_Ear_v1_Chapter_04/Moodify_Ear_v1_Chapter_04.md,UNMAPPED,UNVERIFIED
REQ-00323,EAR1-C04-0060,4,measurement;evidence;failure_recovery,,Moodify_Ear_v1_Chapter_04_Package/Moodify_Ear_v1_Chapter_04/Moodify_Ear_v1_Chapter_04.md,UNMAPPED,UNVERIFIED
REQ-00324,EAR1-C04-0062,4,evidence,,Moodify_Ear_v1_Chapter_04_Package/Moodify_Ear_v1_Chapter_04/Moodify_Ear_v1_Chapter_04.md,UNMAPPED,UNVERIFIED
REQ-00325,EAR1-C04-0066,4,evidence,,Moodify_Ear_v1_Chapter_04_Package/Moodify_Ear_v1_Chapter_04/Moodify_Ear_v1_Chapter_04.md,UNMAPPED,UNVERIFIED
REQ-00326,EAR1-C04-0070,4,measurement;human_authority,,Moodify_Ear_v1_Chapter_04_Package/Moodify_Ear_v1_Chapter_04/Moodify_Ear_v1_Chapter_04.md,UNMAPPED,UNVERIFIED
REQ-00327,EAR1-C04-0076,4,measurement;evidence;human_authority,,Moodify_Ear_v1_Chapter_04_Package/Moodify_Ear_v1_Chapter_04/Moodify_Ear_v1_Chapter_04.md,UNMAPPED,UNVERIFIED
REQ-00328,EAR1-C04-0077,4,measurement;evidence,COMP-002,Moodify_Ear_v1_Chapter_04_Package/Moodify_Ear_v1_Chapter_04/Moodify_Ear_v1_Chapter_04.md,UNMAPPED,UNVERIFIED
REQ-00329,EAR1-C04-0078,4,measurement;evidence,,Moodify_Ear_v1_Chapter_04_Package/Moodify_Ear_v1_Chapter_04/Moodify_Ear_v1_Chapter_04.md,UNMAPPED,UNVERIFIED
REQ-00330,EAR1-C04-0079,4,verification,,Moodify_Ear_v1_Chapter_04_Package/Moodify_Ear_v1_Chapter_04/Moodify_Ear_v1_Chapter_04.md,UNMAPPED,UNVERIFIED
REQ-00331,EAR1-C04-0081,4,verification,,Moodify_Ear_v1_Chapter_04_Package/Moodify_Ear_v1_Chapter_04/Moodify_Ear_v1_Chapter_04.md,UNMAPPED,UNVERIFIED
REQ-00332,EAR1-C04-0084,4,measurement,,Moodify_Ear_v1_Chapter_04_Package/Moodify_Ear_v1_Chapter_04/Moodify_Ear_v1_Chapter_04.md,UNMAPPED,UNVERIFIED
REQ-00333,EAR1-C04-0086,4,measurement;evidence,,Moodify_Ear_v1_Chapter_04_Package/Moodify_Ear_v1_Chapter_04/Moodify_Ear_v1_Chapter_04.md,UNMAPPED,UNVERIFIED
REQ-00334,EAR1-C04-0087,4,measurement,,Moodify_Ear_v1_Chapter_04_Package/Moodify_Ear_v1_Chapter_04/Moodify_Ear_v1_Chapter_04.md,UNMAPPED,UNVERIFIED
REQ-00335,EAR1-C04-0092,4,measurement;evidence,,Moodify_Ear_v1_Chapter_04_Package/Moodify_Ear_v1_Chapter_04/Moodify_Ear_v1_Chapter_04.md,UNMAPPED,UNVERIFIED
REQ-00336,EAR1-C04-0093,4,evidence,,Moodify_Ear_v1_Chapter_04_Package/Moodify_Ear_v1_Chapter_04/Moodify_Ear_v1_Chapter_04.md,UNMAPPED,UNVERIFIED
REQ-00337,EAR1-C04-0094,4,evidence,,Moodify_Ear_v1_Chapter_04_Package/Moodify_Ear_v1_Chapter_04/Moodify_Ear_v1_Chapter_04.md,UNMAPPED,UNVERIFIED
REQ-00338,EAR1-C04-0096,4,evidence,,Moodify_Ear_v1_Chapter_04_Package/Moodify_Ear_v1_Chapter_04/Moodify_Ear_v1_Chapter_04.md,UNMAPPED,UNVERIFIED
REQ-00339,EAR1-C04-0097,4,evidence,COMP-003,Moodify_Ear_v1_Chapter_04_Package/Moodify_Ear_v1_Chapter_04/Moodify_Ear_v1_Chapter_04.md,UNMAPPED,UNVERIFIED
REQ-00340,EAR1-C04-0098,4,measurement;evidence,COMP-003,Moodify_Ear_v1_Chapter_04_Package/Moodify_Ear_v1_Chapter_04/Moodify_Ear_v1_Chapter_04.md,UNMAPPED,UNVERIFIED
REQ-00341,EAR1-C04-0099,4,evidence,,Moodify_Ear_v1_Chapter_04_Package/Moodify_Ear_v1_Chapter_04/Moodify_Ear_v1_Chapter_04.md,UNMAPPED,UNVERIFIED
REQ-00342,EAR1-C04-0100,4,measurement;evidence,,Moodify_Ear_v1_Chapter_04_Package/Moodify_Ear_v1_Chapter_04/Moodify_Ear_v1_Chapter_04.md,UNMAPPED,UNVERIFIED
REQ-00343,EAR1-C04-0103,4,evidence,COMP-006,Moodify_Ear_v1_Chapter_04_Package/Moodify_Ear_v1_Chapter_04/Moodify_Ear_v1_Chapter_04.md,UNMAPPED,UNVERIFIED
REQ-00344,EAR1-C04-0104,4,human_authority,,Moodify_Ear_v1_Chapter_04_Package/Moodify_Ear_v1_Chapter_04/Moodify_Ear_v1_Chapter_04.md,UNMAPPED,UNVERIFIED
REQ-00345,EAR1-C04-0105,4,measurement;evidence;human_authority,COMP-004,Moodify_Ear_v1_Chapter_04_Package/Moodify_Ear_v1_Chapter_04/Moodify_Ear_v1_Chapter_04.md,UNMAPPED,UNVERIFIED
REQ-00346,EAR1-C04-0109,4,evidence,,Moodify_Ear_v1_Chapter_04_Package/Moodify_Ear_v1_Chapter_04/Moodify_Ear_v1_Chapter_04.md,UNMAPPED,UNVERIFIED
REQ-00347,EAR1-C04-0110,4,evidence;human_authority,,Moodify_Ear_v1_Chapter_04_Package/Moodify_Ear_v1_Chapter_04/Moodify_Ear_v1_Chapter_04.md,UNMAPPED,UNVERIFIED
REQ-00348,EAR1-C04-0111,4,evidence;human_authority,,Moodify_Ear_v1_Chapter_04_Package/Moodify_Ear_v1_Chapter_04/Moodify_Ear_v1_Chapter_04.md,UNMAPPED,UNVERIFIED
REQ-00349,EAR1-C04-0112,4,failure_recovery,,Moodify_Ear_v1_Chapter_04_Package/Moodify_Ear_v1_Chapter_04/Moodify_Ear_v1_Chapter_04.md,UNMAPPED,UNVERIFIED
REQ-00350,EAR1-C04-0116,4,verification,COMP-004,Moodify_Ear_v1_Chapter_04_Package/Moodify_Ear_v1_Chapter_04/Moodify_Ear_v1_Chapter_04.md,UNMAPPED,UNVERIFIED
REQ-00351,EAR1-C04-0118,4,evidence;verification;failure_recovery,,Moodify_Ear_v1_Chapter_04_Package/Moodify_Ear_v1_Chapter_04/Moodify_Ear_v1_Chapter_04.md,UNMAPPED,UNVERIFIED
REQ-00352,EAR1-C04-0120,4,verification,,Moodify_Ear_v1_Chapter_04_Package/Moodify_Ear_v1_Chapter_04/Moodify_Ear_v1_Chapter_04.md,UNMAPPED,UNVERIFIED
REQ-00353,EAR1-C04-0122,4,measurement;verification,,Moodify_Ear_v1_Chapter_04_Package/Moodify_Ear_v1_Chapter_04/Moodify_Ear_v1_Chapter_04.md,UNMAPPED,UNVERIFIED
REQ-00354,EAR1-C04-0123,4,evidence;failure_recovery,,Moodify_Ear_v1_Chapter_04_Package/Moodify_Ear_v1_Chapter_04/Moodify_Ear_v1_Chapter_04.md,UNMAPPED,UNVERIFIED
REQ-00355,EAR1-C04-0124,4,evidence;human_authority,,Moodify_Ear_v1_Chapter_04_Package/Moodify_Ear_v1_Chapter_04/Moodify_Ear_v1_Chapter_04.md,UNMAPPED,UNVERIFIED
REQ-00356,EAR1-C04-0125,4,evidence;failure_recovery,,Moodify_Ear_v1_Chapter_04_Package/Moodify_Ear_v1_Chapter_04/Moodify_Ear_v1_Chapter_04.md,UNMAPPED,UNVERIFIED
REQ-00357,EAR1-C04-0129,4,verification;failure_recovery,,Moodify_Ear_v1_Chapter_04_Package/Moodify_Ear_v1_Chapter_04/Moodify_Ear_v1_Chapter_04.md,UNMAPPED,UNVERIFIED
REQ-00358,EAR1-C04-0130,4,verification,,Moodify_Ear_v1_Chapter_04_Package/Moodify_Ear_v1_Chapter_04/Moodify_Ear_v1_Chapter_04.md,UNMAPPED,UNVERIFIED
REQ-00359,EAR1-C04-0133,4,human_authority,COMP-011,Moodify_Ear_v1_Chapter_04_Package/Moodify_Ear_v1_Chapter_04/Moodify_Ear_v1_Chapter_04.md,UNMAPPED,UNVERIFIED
REQ-00360,EAR1-C04-0134,4,verification,,Moodify_Ear_v1_Chapter_04_Package/Moodify_Ear_v1_Chapter_04/Moodify_Ear_v1_Chapter_04.md,UNMAPPED,UNVERIFIED
REQ-00361,EAR1-C04-0140,4,verification,,Moodify_Ear_v1_Chapter_04_Package/Moodify_Ear_v1_Chapter_04/Moodify_Ear_v1_Chapter_04.md,UNMAPPED,UNVERIFIED
REQ-00362,EAR1-C04-0141,4,evidence,,Moodify_Ear_v1_Chapter_04_Package/Moodify_Ear_v1_Chapter_04/Moodify_Ear_v1_Chapter_04.md,UNMAPPED,UNVERIFIED
REQ-00363,EAR1-C04-0148,4,verification,,Moodify_Ear_v1_Chapter_04_Package/Moodify_Ear_v1_Chapter_04/Moodify_Ear_v1_Chapter_04.md,UNMAPPED,UNVERIFIED
REQ-00364,EAR1-C04-0149,4,evidence,,Moodify_Ear_v1_Chapter_04_Package/Moodify_Ear_v1_Chapter_04/Moodify_Ear_v1_Chapter_04.md,UNMAPPED,UNVERIFIED
REQ-00365,EAR1-C04-0152,4,evidence;verification;human_authority,,Moodify_Ear_v1_Chapter_04_Package/Moodify_Ear_v1_Chapter_04/Moodify_Ear_v1_Chapter_04.md,UNMAPPED,UNVERIFIED
REQ-00366,EAR1-C04-0153,4,failure_recovery,,Moodify_Ear_v1_Chapter_04_Package/Moodify_Ear_v1_Chapter_04/Moodify_Ear_v1_Chapter_04.md,UNMAPPED,UNVERIFIED
REQ-00367,EAR1-C04-0154,4,evidence;failure_recovery,,Moodify_Ear_v1_Chapter_04_Package/Moodify_Ear_v1_Chapter_04/Moodify_Ear_v1_Chapter_04.md,UNMAPPED,UNVERIFIED
REQ-00368,EAR1-C04-0157,4,measurement;evidence;verification,COMP-008;COMP-010,Moodify_Ear_v1_Chapter_04_Package/Moodify_Ear_v1_Chapter_04/Moodify_Ear_v1_Chapter_04.md,UNMAPPED,UNVERIFIED
REQ-00369,EAR1-C04-0160,4,failure_recovery,,Moodify_Ear_v1_Chapter_04_Package/Moodify_Ear_v1_Chapter_04/Moodify_Ear_v1_Chapter_04.md,UNMAPPED,UNVERIFIED
REQ-00370,EAR1-C04-0161,4,evidence,,Moodify_Ear_v1_Chapter_04_Package/Moodify_Ear_v1_Chapter_04/Moodify_Ear_v1_Chapter_04.md,UNMAPPED,UNVERIFIED
REQ-00371,EAR1-C04-0164,4,evidence,COMP-004,Moodify_Ear_v1_Chapter_04_Package/Moodify_Ear_v1_Chapter_04/Moodify_Ear_v1_Chapter_04.md,UNMAPPED,UNVERIFIED
REQ-00372,EAR1-C04-0170,4,verification,,Moodify_Ear_v1_Chapter_04_Package/Moodify_Ear_v1_Chapter_04/Moodify_Ear_v1_Chapter_04.md,UNMAPPED,UNVERIFIED
REQ-00373,EAR1-C04-0173,4,measurement,,Moodify_Ear_v1_Chapter_04_Package/Moodify_Ear_v1_Chapter_04/Moodify_Ear_v1_Chapter_04.md,UNMAPPED,UNVERIFIED
REQ-00374,EAR1-C04-0175,4,measurement;evidence;human_authority,COMP-001;COMP-004,Moodify_Ear_v1_Chapter_04_Package/Moodify_Ear_v1_Chapter_04/Moodify_Ear_v1_Chapter_04.md,UNMAPPED,UNVERIFIED
REQ-00375,EAR1-C04-0184,4,human_authority,,Moodify_Ear_v1_Chapter_04_Package/Moodify_Ear_v1_Chapter_04/Moodify_Ear_v1_Chapter_04.md,UNMAPPED,UNVERIFIED
REQ-00376,EAR1-C04-0192,4,human_authority,,Moodify_Ear_v1_Chapter_04_Package/Moodify_Ear_v1_Chapter_04/Moodify_Ear_v1_Chapter_04.md,UNMAPPED,UNVERIFIED
REQ-00377,EAR1-C04-0194,4,measurement,,Moodify_Ear_v1_Chapter_04_Package/Moodify_Ear_v1_Chapter_04/Moodify_Ear_v1_Chapter_04.md,UNMAPPED,UNVERIFIED
REQ-00378,EAR1-C04-0195,4,measurement,,Moodify_Ear_v1_Chapter_04_Package/Moodify_Ear_v1_Chapter_04/Moodify_Ear_v1_Chapter_04.md,UNMAPPED,UNVERIFIED
REQ-00379,EAR1-C04-0201,4,verification,,Moodify_Ear_v1_Chapter_04_Package/Moodify_Ear_v1_Chapter_04/Moodify_Ear_v1_Chapter_04.md,UNMAPPED,UNVERIFIED
REQ-00380,EAR1-C04-0223,4,verification,,Moodify_Ear_v1_Chapter_04_Package/Moodify_Ear_v1_Chapter_04/Moodify_Ear_v1_Chapter_04.md,UNMAPPED,UNVERIFIED
REQ-00381,EAR1-C05-0003,5,measurement,COMP-008,Moodify_Ear_v1_Chapter_05_Package/Moodify_Ear_v1_Chapter_05/Moodify_Ear_v1_Chapter_05.md,UNMAPPED,UNVERIFIED
REQ-00382,EAR1-C05-0004,5,measurement;evidence,COMP-008,Moodify_Ear_v1_Chapter_05_Package/Moodify_Ear_v1_Chapter_05/Moodify_Ear_v1_Chapter_05.md,UNMAPPED,UNVERIFIED
REQ-00383,EAR1-C05-0007,5,evidence,,Moodify_Ear_v1_Chapter_05_Package/Moodify_Ear_v1_Chapter_05/Moodify_Ear_v1_Chapter_05.md,UNMAPPED,UNVERIFIED
REQ-00384,EAR1-C05-0015,5,measurement,COMP-008,Moodify_Ear_v1_Chapter_05_Package/Moodify_Ear_v1_Chapter_05/Moodify_Ear_v1_Chapter_05.md,UNMAPPED,UNVERIFIED
REQ-00385,EAR1-C05-0017,5,evidence,,Moodify_Ear_v1_Chapter_05_Package/Moodify_Ear_v1_Chapter_05/Moodify_Ear_v1_Chapter_05.md,UNMAPPED,UNVERIFIED
REQ-00386,EAR1-C05-0018,5,measurement,,Moodify_Ear_v1_Chapter_05_Package/Moodify_Ear_v1_Chapter_05/Moodify_Ear_v1_Chapter_05.md,UNMAPPED,UNVERIFIED
REQ-00387,EAR1-C05-0019,5,measurement;human_authority,,Moodify_Ear_v1_Chapter_05_Package/Moodify_Ear_v1_Chapter_05/Moodify_Ear_v1_Chapter_05.md,UNMAPPED,UNVERIFIED
REQ-00388,EAR1-C05-0020,5,measurement,,Moodify_Ear_v1_Chapter_05_Package/Moodify_Ear_v1_Chapter_05/Moodify_Ear_v1_Chapter_05.md,UNMAPPED,UNVERIFIED
REQ-00389,EAR1-C05-0021,5,measurement,,Moodify_Ear_v1_Chapter_05_Package/Moodify_Ear_v1_Chapter_05/Moodify_Ear_v1_Chapter_05.md,UNMAPPED,UNVERIFIED
REQ-00390,EAR1-C05-0022,5,human_authority,,Moodify_Ear_v1_Chapter_05_Package/Moodify_Ear_v1_Chapter_05/Moodify_Ear_v1_Chapter_05.md,UNMAPPED,UNVERIFIED
REQ-00391,EAR1-C05-0023,5,measurement,,Moodify_Ear_v1_Chapter_05_Package/Moodify_Ear_v1_Chapter_05/Moodify_Ear_v1_Chapter_05.md,UNMAPPED,UNVERIFIED
REQ-00392,EAR1-C05-0024,5,measurement,,Moodify_Ear_v1_Chapter_05_Package/Moodify_Ear_v1_Chapter_05/Moodify_Ear_v1_Chapter_05.md,UNMAPPED,UNVERIFIED
REQ-00393,EAR1-C05-0025,5,measurement,COMP-008,Moodify_Ear_v1_Chapter_05_Package/Moodify_Ear_v1_Chapter_05/Moodify_Ear_v1_Chapter_05.md,UNMAPPED,UNVERIFIED
REQ-00394,EAR1-C05-0029,5,measurement,,Moodify_Ear_v1_Chapter_05_Package/Moodify_Ear_v1_Chapter_05/Moodify_Ear_v1_Chapter_05.md,UNMAPPED,UNVERIFIED
REQ-00395,EAR1-C05-0030,5,measurement,,Moodify_Ear_v1_Chapter_05_Package/Moodify_Ear_v1_Chapter_05/Moodify_Ear_v1_Chapter_05.md,UNMAPPED,UNVERIFIED
REQ-00396,EAR1-C05-0032,5,measurement,,Moodify_Ear_v1_Chapter_05_Package/Moodify_Ear_v1_Chapter_05/Moodify_Ear_v1_Chapter_05.md,UNMAPPED,UNVERIFIED
REQ-00397,EAR1-C05-0034,5,human_authority,,Moodify_Ear_v1_Chapter_05_Package/Moodify_Ear_v1_Chapter_05/Moodify_Ear_v1_Chapter_05.md,UNMAPPED,UNVERIFIED
REQ-00398,EAR1-C05-0038,5,measurement,,Moodify_Ear_v1_Chapter_05_Package/Moodify_Ear_v1_Chapter_05/Moodify_Ear_v1_Chapter_05.md,UNMAPPED,UNVERIFIED
REQ-00399,EAR1-C05-0039,5,measurement,,Moodify_Ear_v1_Chapter_05_Package/Moodify_Ear_v1_Chapter_05/Moodify_Ear_v1_Chapter_05.md,UNMAPPED,UNVERIFIED
REQ-00400,EAR1-C05-0040,5,measurement,,Moodify_Ear_v1_Chapter_05_Package/Moodify_Ear_v1_Chapter_05/Moodify_Ear_v1_Chapter_05.md,UNMAPPED,UNVERIFIED
REQ-00401,EAR1-C05-0044,5,measurement,,Moodify_Ear_v1_Chapter_05_Package/Moodify_Ear_v1_Chapter_05/Moodify_Ear_v1_Chapter_05.md,UNMAPPED,UNVERIFIED
REQ-00402,EAR1-C05-0045,5,measurement,,Moodify_Ear_v1_Chapter_05_Package/Moodify_Ear_v1_Chapter_05/Moodify_Ear_v1_Chapter_05.md,UNMAPPED,UNVERIFIED
REQ-00403,EAR1-C05-0050,5,measurement,,Moodify_Ear_v1_Chapter_05_Package/Moodify_Ear_v1_Chapter_05/Moodify_Ear_v1_Chapter_05.md,UNMAPPED,UNVERIFIED
REQ-00404,EAR1-C05-0051,5,measurement,,Moodify_Ear_v1_Chapter_05_Package/Moodify_Ear_v1_Chapter_05/Moodify_Ear_v1_Chapter_05.md,UNMAPPED,UNVERIFIED
REQ-00405,EAR1-C05-0057,5,evidence,COMP-008,Moodify_Ear_v1_Chapter_05_Package/Moodify_Ear_v1_Chapter_05/Moodify_Ear_v1_Chapter_05.md,UNMAPPED,UNVERIFIED
REQ-00406,EAR1-C05-0058,5,measurement;evidence;verification,,Moodify_Ear_v1_Chapter_05_Package/Moodify_Ear_v1_Chapter_05/Moodify_Ear_v1_Chapter_05.md,UNMAPPED,UNVERIFIED
REQ-00407,EAR1-C05-0061,5,human_authority,,Moodify_Ear_v1_Chapter_05_Package/Moodify_Ear_v1_Chapter_05/Moodify_Ear_v1_Chapter_05.md,UNMAPPED,UNVERIFIED
REQ-00408,EAR1-C05-0073,5,measurement,,Moodify_Ear_v1_Chapter_05_Package/Moodify_Ear_v1_Chapter_05/Moodify_Ear_v1_Chapter_05.md,UNMAPPED,UNVERIFIED
REQ-00409,EAR1-C05-0074,5,measurement,,Moodify_Ear_v1_Chapter_05_Package/Moodify_Ear_v1_Chapter_05/Moodify_Ear_v1_Chapter_05.md,UNMAPPED,UNVERIFIED
REQ-00410,EAR1-C05-0076,5,measurement,,Moodify_Ear_v1_Chapter_05_Package/Moodify_Ear_v1_Chapter_05/Moodify_Ear_v1_Chapter_05.md,UNMAPPED,UNVERIFIED
REQ-00411,EAR1-C05-0080,5,measurement;evidence;verification,,Moodify_Ear_v1_Chapter_05_Package/Moodify_Ear_v1_Chapter_05/Moodify_Ear_v1_Chapter_05.md,UNMAPPED,UNVERIFIED
REQ-00412,EAR1-C05-0081,5,measurement,,Moodify_Ear_v1_Chapter_05_Package/Moodify_Ear_v1_Chapter_05/Moodify_Ear_v1_Chapter_05.md,UNMAPPED,UNVERIFIED
REQ-00413,EAR1-C05-0085,5,verification,,Moodify_Ear_v1_Chapter_05_Package/Moodify_Ear_v1_Chapter_05/Moodify_Ear_v1_Chapter_05.md,UNMAPPED,UNVERIFIED
REQ-00414,EAR1-C05-0086,5,measurement,,Moodify_Ear_v1_Chapter_05_Package/Moodify_Ear_v1_Chapter_05/Moodify_Ear_v1_Chapter_05.md,UNMAPPED,UNVERIFIED
REQ-00415,EAR1-C05-0087,5,measurement,,Moodify_Ear_v1_Chapter_05_Package/Moodify_Ear_v1_Chapter_05/Moodify_Ear_v1_Chapter_05.md,UNMAPPED,UNVERIFIED
REQ-00416,EAR1-C05-0090,5,measurement,,Moodify_Ear_v1_Chapter_05_Package/Moodify_Ear_v1_Chapter_05/Moodify_Ear_v1_Chapter_05.md,UNMAPPED,UNVERIFIED
REQ-00417,EAR1-C05-0091,5,measurement;evidence;verification,COMP-008,Moodify_Ear_v1_Chapter_05_Package/Moodify_Ear_v1_Chapter_05/Moodify_Ear_v1_Chapter_05.md,UNMAPPED,UNVERIFIED
REQ-00418,EAR1-C05-0092,5,evidence,COMP-008,Moodify_Ear_v1_Chapter_05_Package/Moodify_Ear_v1_Chapter_05/Moodify_Ear_v1_Chapter_05.md,UNMAPPED,UNVERIFIED
REQ-00419,EAR1-C05-0093,5,measurement;verification,,Moodify_Ear_v1_Chapter_05_Package/Moodify_Ear_v1_Chapter_05/Moodify_Ear_v1_Chapter_05.md,UNMAPPED,UNVERIFIED
REQ-00420,EAR1-C05-0096,5,measurement,,Moodify_Ear_v1_Chapter_05_Package/Moodify_Ear_v1_Chapter_05/Moodify_Ear_v1_Chapter_05.md,UNMAPPED,UNVERIFIED
REQ-00421,EAR1-C05-0097,5,measurement,,Moodify_Ear_v1_Chapter_05_Package/Moodify_Ear_v1_Chapter_05/Moodify_Ear_v1_Chapter_05.md,UNMAPPED,UNVERIFIED
REQ-00422,EAR1-C05-0100,5,measurement,COMP-008,Moodify_Ear_v1_Chapter_05_Package/Moodify_Ear_v1_Chapter_05/Moodify_Ear_v1_Chapter_05.md,UNMAPPED,UNVERIFIED
REQ-00423,EAR1-C05-0103,5,measurement,COMP-008,Moodify_Ear_v1_Chapter_05_Package/Moodify_Ear_v1_Chapter_05/Moodify_Ear_v1_Chapter_05.md,UNMAPPED,UNVERIFIED
REQ-00424,EAR1-C05-0109,5,evidence,COMP-008,Moodify_Ear_v1_Chapter_05_Package/Moodify_Ear_v1_Chapter_05/Moodify_Ear_v1_Chapter_05.md,UNMAPPED,UNVERIFIED
REQ-00425,EAR1-C05-0112,5,evidence,,Moodify_Ear_v1_Chapter_05_Package/Moodify_Ear_v1_Chapter_05/Moodify_Ear_v1_Chapter_05.md,UNMAPPED,UNVERIFIED
REQ-00426,EAR1-C05-0115,5,measurement,,Moodify_Ear_v1_Chapter_05_Package/Moodify_Ear_v1_Chapter_05/Moodify_Ear_v1_Chapter_05.md,UNMAPPED,UNVERIFIED
REQ-00427,EAR1-C05-0116,5,measurement,,Moodify_Ear_v1_Chapter_05_Package/Moodify_Ear_v1_Chapter_05/Moodify_Ear_v1_Chapter_05.md,UNMAPPED,UNVERIFIED
REQ-00428,EAR1-C05-0118,5,measurement;evidence;failure_recovery,COMP-008,Moodify_Ear_v1_Chapter_05_Package/Moodify_Ear_v1_Chapter_05/Moodify_Ear_v1_Chapter_05.md,UNMAPPED,UNVERIFIED
REQ-00429,EAR1-C05-0119,5,verification,COMP-011,Moodify_Ear_v1_Chapter_05_Package/Moodify_Ear_v1_Chapter_05/Moodify_Ear_v1_Chapter_05.md,UNMAPPED,UNVERIFIED
REQ-00430,EAR1-C05-0125,5,evidence,,Moodify_Ear_v1_Chapter_05_Package/Moodify_Ear_v1_Chapter_05/Moodify_Ear_v1_Chapter_05.md,UNMAPPED,UNVERIFIED
REQ-00431,EAR1-C05-0132,5,measurement,,Moodify_Ear_v1_Chapter_05_Package/Moodify_Ear_v1_Chapter_05/Moodify_Ear_v1_Chapter_05.md,UNMAPPED,UNVERIFIED
REQ-00432,EAR1-C05-0136,5,verification,,Moodify_Ear_v1_Chapter_05_Package/Moodify_Ear_v1_Chapter_05/Moodify_Ear_v1_Chapter_05.md,UNMAPPED,UNVERIFIED
REQ-00433,EAR1-C05-0137,5,measurement;verification,COMP-008,Moodify_Ear_v1_Chapter_05_Package/Moodify_Ear_v1_Chapter_05/Moodify_Ear_v1_Chapter_05.md,UNMAPPED,UNVERIFIED
REQ-00434,EAR1-C05-0139,5,measurement,,Moodify_Ear_v1_Chapter_05_Package/Moodify_Ear_v1_Chapter_05/Moodify_Ear_v1_Chapter_05.md,UNMAPPED,UNVERIFIED
REQ-00435,EAR1-C05-0140,5,evidence,,Moodify_Ear_v1_Chapter_05_Package/Moodify_Ear_v1_Chapter_05/Moodify_Ear_v1_Chapter_05.md,UNMAPPED,UNVERIFIED
REQ-00436,EAR1-C05-0141,5,evidence;failure_recovery,,Moodify_Ear_v1_Chapter_05_Package/Moodify_Ear_v1_Chapter_05/Moodify_Ear_v1_Chapter_05.md,UNMAPPED,UNVERIFIED
REQ-00437,EAR1-C05-0143,5,measurement,COMP-011,Moodify_Ear_v1_Chapter_05_Package/Moodify_Ear_v1_Chapter_05/Moodify_Ear_v1_Chapter_05.md,UNMAPPED,UNVERIFIED
REQ-00438,EAR1-C05-0144,5,measurement;verification,,Moodify_Ear_v1_Chapter_05_Package/Moodify_Ear_v1_Chapter_05/Moodify_Ear_v1_Chapter_05.md,UNMAPPED,UNVERIFIED
REQ-00439,EAR1-C05-0150,5,measurement,,Moodify_Ear_v1_Chapter_05_Package/Moodify_Ear_v1_Chapter_05/Moodify_Ear_v1_Chapter_05.md,UNMAPPED,UNVERIFIED
REQ-00440,EAR1-C05-0151,5,measurement,,Moodify_Ear_v1_Chapter_05_Package/Moodify_Ear_v1_Chapter_05/Moodify_Ear_v1_Chapter_05.md,UNMAPPED,UNVERIFIED
REQ-00441,EAR1-C05-0152,5,measurement,,Moodify_Ear_v1_Chapter_05_Package/Moodify_Ear_v1_Chapter_05/Moodify_Ear_v1_Chapter_05.md,UNMAPPED,UNVERIFIED
REQ-00442,EAR1-C05-0153,5,evidence,,Moodify_Ear_v1_Chapter_05_Package/Moodify_Ear_v1_Chapter_05/Moodify_Ear_v1_Chapter_05.md,UNMAPPED,UNVERIFIED
REQ-00443,EAR1-C05-0154,5,measurement;evidence,,Moodify_Ear_v1_Chapter_05_Package/Moodify_Ear_v1_Chapter_05/Moodify_Ear_v1_Chapter_05.md,UNMAPPED,UNVERIFIED
REQ-00444,EAR1-C05-0155,5,evidence;verification,COMP-004,Moodify_Ear_v1_Chapter_05_Package/Moodify_Ear_v1_Chapter_05/Moodify_Ear_v1_Chapter_05.md,UNMAPPED,UNVERIFIED
REQ-00445,EAR1-C05-0156,5,evidence,,Moodify_Ear_v1_Chapter_05_Package/Moodify_Ear_v1_Chapter_05/Moodify_Ear_v1_Chapter_05.md,UNMAPPED,UNVERIFIED
REQ-00446,EAR1-C05-0159,5,measurement;evidence,,Moodify_Ear_v1_Chapter_05_Package/Moodify_Ear_v1_Chapter_05/Moodify_Ear_v1_Chapter_05.md,UNMAPPED,UNVERIFIED
REQ-00447,EAR1-C05-0162,5,evidence;verification,COMP-002;COMP-003;COMP-009,Moodify_Ear_v1_Chapter_05_Package/Moodify_Ear_v1_Chapter_05/Moodify_Ear_v1_Chapter_05.md,UNMAPPED,UNVERIFIED
REQ-00448,EAR1-C05-0163,5,verification,,Moodify_Ear_v1_Chapter_05_Package/Moodify_Ear_v1_Chapter_05/Moodify_Ear_v1_Chapter_05.md,UNMAPPED,UNVERIFIED
REQ-00449,EAR1-C05-0165,5,verification,,Moodify_Ear_v1_Chapter_05_Package/Moodify_Ear_v1_Chapter_05/Moodify_Ear_v1_Chapter_05.md,UNMAPPED,UNVERIFIED
REQ-00450,EAR1-C05-0167,5,verification,,Moodify_Ear_v1_Chapter_05_Package/Moodify_Ear_v1_Chapter_05/Moodify_Ear_v1_Chapter_05.md,UNMAPPED,UNVERIFIED
REQ-00451,EAR1-C05-0168,5,evidence,,Moodify_Ear_v1_Chapter_05_Package/Moodify_Ear_v1_Chapter_05/Moodify_Ear_v1_Chapter_05.md,UNMAPPED,UNVERIFIED
REQ-00452,EAR1-C05-0170,5,evidence,COMP-003,Moodify_Ear_v1_Chapter_05_Package/Moodify_Ear_v1_Chapter_05/Moodify_Ear_v1_Chapter_05.md,UNMAPPED,UNVERIFIED
REQ-00453,EAR1-C05-0176,5,verification,,Moodify_Ear_v1_Chapter_05_Package/Moodify_Ear_v1_Chapter_05/Moodify_Ear_v1_Chapter_05.md,UNMAPPED,UNVERIFIED
REQ-00454,EAR1-C05-0178,5,verification,,Moodify_Ear_v1_Chapter_05_Package/Moodify_Ear_v1_Chapter_05/Moodify_Ear_v1_Chapter_05.md,UNMAPPED,UNVERIFIED
REQ-00455,EAR1-C05-0180,5,verification,,Moodify_Ear_v1_Chapter_05_Package/Moodify_Ear_v1_Chapter_05/Moodify_Ear_v1_Chapter_05.md,UNMAPPED,UNVERIFIED
REQ-00456,EAR1-C05-0181,5,measurement,,Moodify_Ear_v1_Chapter_05_Package/Moodify_Ear_v1_Chapter_05/Moodify_Ear_v1_Chapter_05.md,UNMAPPED,UNVERIFIED
REQ-00457,EAR1-C05-0182,5,evidence,,Moodify_Ear_v1_Chapter_05_Package/Moodify_Ear_v1_Chapter_05/Moodify_Ear_v1_Chapter_05.md,UNMAPPED,UNVERIFIED
REQ-00458,EAR1-C05-0183,5,verification,,Moodify_Ear_v1_Chapter_05_Package/Moodify_Ear_v1_Chapter_05/Moodify_Ear_v1_Chapter_05.md,UNMAPPED,UNVERIFIED
REQ-00459,EAR1-C05-0184,5,measurement;human_authority,,Moodify_Ear_v1_Chapter_05_Package/Moodify_Ear_v1_Chapter_05/Moodify_Ear_v1_Chapter_05.md,UNMAPPED,UNVERIFIED
REQ-00460,EAR1-C05-0185,5,verification,,Moodify_Ear_v1_Chapter_05_Package/Moodify_Ear_v1_Chapter_05/Moodify_Ear_v1_Chapter_05.md,UNMAPPED,UNVERIFIED
REQ-00461,EAR1-C05-0188,5,measurement,,Moodify_Ear_v1_Chapter_05_Package/Moodify_Ear_v1_Chapter_05/Moodify_Ear_v1_Chapter_05.md,UNMAPPED,UNVERIFIED
REQ-00462,EAR1-C05-0189,5,measurement,,Moodify_Ear_v1_Chapter_05_Package/Moodify_Ear_v1_Chapter_05/Moodify_Ear_v1_Chapter_05.md,UNMAPPED,UNVERIFIED
REQ-00463,EAR1-C05-0190,5,evidence,,Moodify_Ear_v1_Chapter_05_Package/Moodify_Ear_v1_Chapter_05/Moodify_Ear_v1_Chapter_05.md,UNMAPPED,UNVERIFIED
REQ-00464,EAR1-C05-0192,5,verification,,Moodify_Ear_v1_Chapter_05_Package/Moodify_Ear_v1_Chapter_05/Moodify_Ear_v1_Chapter_05.md,UNMAPPED,UNVERIFIED
REQ-00465,EAR1-C05-0193,5,evidence,,Moodify_Ear_v1_Chapter_05_Package/Moodify_Ear_v1_Chapter_05/Moodify_Ear_v1_Chapter_05.md,UNMAPPED,UNVERIFIED
REQ-00466,EAR1-C05-0196,5,measurement,,Moodify_Ear_v1_Chapter_05_Package/Moodify_Ear_v1_Chapter_05/Moodify_Ear_v1_Chapter_05.md,UNMAPPED,UNVERIFIED
REQ-00467,EAR1-C05-0198,5,evidence,,Moodify_Ear_v1_Chapter_05_Package/Moodify_Ear_v1_Chapter_05/Moodify_Ear_v1_Chapter_05.md,UNMAPPED,UNVERIFIED
REQ-00468,EAR1-C05-0200,5,evidence,,Moodify_Ear_v1_Chapter_05_Package/Moodify_Ear_v1_Chapter_05/Moodify_Ear_v1_Chapter_05.md,UNMAPPED,UNVERIFIED
REQ-00469,EAR1-C05-0202,5,verification,,Moodify_Ear_v1_Chapter_05_Package/Moodify_Ear_v1_Chapter_05/Moodify_Ear_v1_Chapter_05.md,UNMAPPED,UNVERIFIED
REQ-00470,EAR1-C05-0203,5,measurement,,Moodify_Ear_v1_Chapter_05_Package/Moodify_Ear_v1_Chapter_05/Moodify_Ear_v1_Chapter_05.md,UNMAPPED,UNVERIFIED
REQ-00471,EAR1-C05-0211,5,measurement,,Moodify_Ear_v1_Chapter_05_Package/Moodify_Ear_v1_Chapter_05/Moodify_Ear_v1_Chapter_05.md,UNMAPPED,UNVERIFIED
REQ-00472,EAR1-C05-0212,5,measurement,,Moodify_Ear_v1_Chapter_05_Package/Moodify_Ear_v1_Chapter_05/Moodify_Ear_v1_Chapter_05.md,UNMAPPED,UNVERIFIED
REQ-00473,EAR1-C05-0229,5,measurement,,Moodify_Ear_v1_Chapter_05_Package/Moodify_Ear_v1_Chapter_05/Moodify_Ear_v1_Chapter_05.md,UNMAPPED,UNVERIFIED
REQ-00474,EAR1-C05-0234,5,human_authority,,Moodify_Ear_v1_Chapter_05_Package/Moodify_Ear_v1_Chapter_05/Moodify_Ear_v1_Chapter_05.md,UNMAPPED,UNVERIFIED
REQ-00475,EAR1-C05-0236,5,measurement,,Moodify_Ear_v1_Chapter_05_Package/Moodify_Ear_v1_Chapter_05/Moodify_Ear_v1_Chapter_05.md,UNMAPPED,UNVERIFIED
REQ-00476,EAR1-C06-0003,6,measurement,,Moodify_Ear_v1_Chapter_06_Package/Moodify_Ear_v1_Chapter_06/Moodify_Ear_v1_Chapter_06.md,UNMAPPED,UNVERIFIED
REQ-00477,EAR1-C06-0005,6,measurement,,Moodify_Ear_v1_Chapter_06_Package/Moodify_Ear_v1_Chapter_06/Moodify_Ear_v1_Chapter_06.md,UNMAPPED,UNVERIFIED
REQ-00478,EAR1-C06-0008,6,evidence,,Moodify_Ear_v1_Chapter_06_Package/Moodify_Ear_v1_Chapter_06/Moodify_Ear_v1_Chapter_06.md,UNMAPPED,UNVERIFIED
REQ-00479,EAR1-C06-0015,6,measurement,,Moodify_Ear_v1_Chapter_06_Package/Moodify_Ear_v1_Chapter_06/Moodify_Ear_v1_Chapter_06.md,UNMAPPED,UNVERIFIED
REQ-00480,EAR1-C06-0017,6,measurement,,Moodify_Ear_v1_Chapter_06_Package/Moodify_Ear_v1_Chapter_06/Moodify_Ear_v1_Chapter_06.md,UNMAPPED,UNVERIFIED
REQ-00481,EAR1-C06-0018,6,measurement,COMP-009,Moodify_Ear_v1_Chapter_06_Package/Moodify_Ear_v1_Chapter_06/Moodify_Ear_v1_Chapter_06.md,UNMAPPED,UNVERIFIED
REQ-00482,EAR1-C06-0022,6,human_authority,,Moodify_Ear_v1_Chapter_06_Package/Moodify_Ear_v1_Chapter_06/Moodify_Ear_v1_Chapter_06.md,UNMAPPED,UNVERIFIED
REQ-00483,EAR1-C06-0026,6,measurement,COMP-009,Moodify_Ear_v1_Chapter_06_Package/Moodify_Ear_v1_Chapter_06/Moodify_Ear_v1_Chapter_06.md,UNMAPPED,UNVERIFIED
REQ-00484,EAR1-C06-0028,6,measurement,,Moodify_Ear_v1_Chapter_06_Package/Moodify_Ear_v1_Chapter_06/Moodify_Ear_v1_Chapter_06.md,UNMAPPED,UNVERIFIED
REQ-00485,EAR1-C06-0031,6,measurement;evidence,,Moodify_Ear_v1_Chapter_06_Package/Moodify_Ear_v1_Chapter_06/Moodify_Ear_v1_Chapter_06.md,UNMAPPED,UNVERIFIED
REQ-00486,EAR1-C06-0032,6,evidence,COMP-009,Moodify_Ear_v1_Chapter_06_Package/Moodify_Ear_v1_Chapter_06/Moodify_Ear_v1_Chapter_06.md,UNMAPPED,UNVERIFIED
REQ-00487,EAR1-C06-0033,6,failure_recovery;human_authority,,Moodify_Ear_v1_Chapter_06_Package/Moodify_Ear_v1_Chapter_06/Moodify_Ear_v1_Chapter_06.md,UNMAPPED,UNVERIFIED
REQ-00488,EAR1-C06-0035,6,measurement,,Moodify_Ear_v1_Chapter_06_Package/Moodify_Ear_v1_Chapter_06/Moodify_Ear_v1_Chapter_06.md,UNMAPPED,UNVERIFIED
REQ-00489,EAR1-C06-0038,6,evidence,COMP-009,Moodify_Ear_v1_Chapter_06_Package/Moodify_Ear_v1_Chapter_06/Moodify_Ear_v1_Chapter_06.md,UNMAPPED,UNVERIFIED
REQ-00490,EAR1-C06-0040,6,measurement,,Moodify_Ear_v1_Chapter_06_Package/Moodify_Ear_v1_Chapter_06/Moodify_Ear_v1_Chapter_06.md,UNMAPPED,UNVERIFIED
REQ-00491,EAR1-C06-0043,6,measurement,,Moodify_Ear_v1_Chapter_06_Package/Moodify_Ear_v1_Chapter_06/Moodify_Ear_v1_Chapter_06.md,UNMAPPED,UNVERIFIED
REQ-00492,EAR1-C06-0045,6,measurement,,Moodify_Ear_v1_Chapter_06_Package/Moodify_Ear_v1_Chapter_06/Moodify_Ear_v1_Chapter_06.md,UNMAPPED,UNVERIFIED
REQ-00493,EAR1-C06-0056,6,measurement,,Moodify_Ear_v1_Chapter_06_Package/Moodify_Ear_v1_Chapter_06/Moodify_Ear_v1_Chapter_06.md,UNMAPPED,UNVERIFIED
REQ-00494,EAR1-C06-0057,6,verification,,Moodify_Ear_v1_Chapter_06_Package/Moodify_Ear_v1_Chapter_06/Moodify_Ear_v1_Chapter_06.md,UNMAPPED,UNVERIFIED
REQ-00495,EAR1-C06-0058,6,evidence,,Moodify_Ear_v1_Chapter_06_Package/Moodify_Ear_v1_Chapter_06/Moodify_Ear_v1_Chapter_06.md,UNMAPPED,UNVERIFIED
REQ-00496,EAR1-C06-0061,6,verification,,Moodify_Ear_v1_Chapter_06_Package/Moodify_Ear_v1_Chapter_06/Moodify_Ear_v1_Chapter_06.md,UNMAPPED,UNVERIFIED
REQ-00497,EAR1-C06-0064,6,evidence,,Moodify_Ear_v1_Chapter_06_Package/Moodify_Ear_v1_Chapter_06/Moodify_Ear_v1_Chapter_06.md,UNMAPPED,UNVERIFIED
REQ-00498,EAR1-C06-0066,6,verification,,Moodify_Ear_v1_Chapter_06_Package/Moodify_Ear_v1_Chapter_06/Moodify_Ear_v1_Chapter_06.md,UNMAPPED,UNVERIFIED
REQ-00499,EAR1-C06-0069,6,measurement,COMP-009,Moodify_Ear_v1_Chapter_06_Package/Moodify_Ear_v1_Chapter_06/Moodify_Ear_v1_Chapter_06.md,UNMAPPED,UNVERIFIED
REQ-00500,EAR1-C06-0076,6,measurement;evidence,,Moodify_Ear_v1_Chapter_06_Package/Moodify_Ear_v1_Chapter_06/Moodify_Ear_v1_Chapter_06.md,UNMAPPED,UNVERIFIED
REQ-00501,EAR1-C06-0078,6,measurement;verification,,Moodify_Ear_v1_Chapter_06_Package/Moodify_Ear_v1_Chapter_06/Moodify_Ear_v1_Chapter_06.md,UNMAPPED,UNVERIFIED
REQ-00502,EAR1-C06-0086,6,measurement,,Moodify_Ear_v1_Chapter_06_Package/Moodify_Ear_v1_Chapter_06/Moodify_Ear_v1_Chapter_06.md,UNMAPPED,UNVERIFIED
REQ-00503,EAR1-C06-0088,6,measurement,,Moodify_Ear_v1_Chapter_06_Package/Moodify_Ear_v1_Chapter_06/Moodify_Ear_v1_Chapter_06.md,UNMAPPED,UNVERIFIED
REQ-00504,EAR1-C06-0090,6,measurement,,Moodify_Ear_v1_Chapter_06_Package/Moodify_Ear_v1_Chapter_06/Moodify_Ear_v1_Chapter_06.md,UNMAPPED,UNVERIFIED
REQ-00505,EAR1-C06-0091,6,evidence,,Moodify_Ear_v1_Chapter_06_Package/Moodify_Ear_v1_Chapter_06/Moodify_Ear_v1_Chapter_06.md,UNMAPPED,UNVERIFIED
REQ-00506,EAR1-C06-0093,6,measurement,,Moodify_Ear_v1_Chapter_06_Package/Moodify_Ear_v1_Chapter_06/Moodify_Ear_v1_Chapter_06.md,UNMAPPED,UNVERIFIED
REQ-00507,EAR1-C06-0097,6,measurement;evidence,,Moodify_Ear_v1_Chapter_06_Package/Moodify_Ear_v1_Chapter_06/Moodify_Ear_v1_Chapter_06.md,UNMAPPED,UNVERIFIED
REQ-00508,EAR1-C06-0104,6,measurement,COMP-009,Moodify_Ear_v1_Chapter_06_Package/Moodify_Ear_v1_Chapter_06/Moodify_Ear_v1_Chapter_06.md,UNMAPPED,UNVERIFIED
REQ-00509,EAR1-C06-0107,6,evidence,,Moodify_Ear_v1_Chapter_06_Package/Moodify_Ear_v1_Chapter_06/Moodify_Ear_v1_Chapter_06.md,UNMAPPED,UNVERIFIED
REQ-00510,EAR1-C06-0109,6,evidence;human_authority,,Moodify_Ear_v1_Chapter_06_Package/Moodify_Ear_v1_Chapter_06/Moodify_Ear_v1_Chapter_06.md,UNMAPPED,UNVERIFIED
REQ-00511,EAR1-C06-0113,6,evidence,,Moodify_Ear_v1_Chapter_06_Package/Moodify_Ear_v1_Chapter_06/Moodify_Ear_v1_Chapter_06.md,UNMAPPED,UNVERIFIED
REQ-00512,EAR1-C06-0120,6,measurement,,Moodify_Ear_v1_Chapter_06_Package/Moodify_Ear_v1_Chapter_06/Moodify_Ear_v1_Chapter_06.md,UNMAPPED,UNVERIFIED
REQ-00513,EAR1-C06-0126,6,measurement;evidence,,Moodify_Ear_v1_Chapter_06_Package/Moodify_Ear_v1_Chapter_06/Moodify_Ear_v1_Chapter_06.md,UNMAPPED,UNVERIFIED
REQ-00514,EAR1-C06-0127,6,measurement,,Moodify_Ear_v1_Chapter_06_Package/Moodify_Ear_v1_Chapter_06/Moodify_Ear_v1_Chapter_06.md,UNMAPPED,UNVERIFIED
REQ-00515,EAR1-C06-0138,6,evidence,,Moodify_Ear_v1_Chapter_06_Package/Moodify_Ear_v1_Chapter_06/Moodify_Ear_v1_Chapter_06.md,UNMAPPED,UNVERIFIED
REQ-00516,EAR1-C06-0142,6,failure_recovery,COMP-009,Moodify_Ear_v1_Chapter_06_Package/Moodify_Ear_v1_Chapter_06/Moodify_Ear_v1_Chapter_06.md,UNMAPPED,UNVERIFIED
REQ-00517,EAR1-C06-0148,6,measurement,COMP-002,Moodify_Ear_v1_Chapter_06_Package/Moodify_Ear_v1_Chapter_06/Moodify_Ear_v1_Chapter_06.md,UNMAPPED,UNVERIFIED
REQ-00518,EAR1-C06-0149,6,measurement,COMP-009,Moodify_Ear_v1_Chapter_06_Package/Moodify_Ear_v1_Chapter_06/Moodify_Ear_v1_Chapter_06.md,UNMAPPED,UNVERIFIED
REQ-00519,EAR1-C06-0151,6,measurement;evidence,,Moodify_Ear_v1_Chapter_06_Package/Moodify_Ear_v1_Chapter_06/Moodify_Ear_v1_Chapter_06.md,UNMAPPED,UNVERIFIED
REQ-00520,EAR1-C06-0155,6,verification,,Moodify_Ear_v1_Chapter_06_Package/Moodify_Ear_v1_Chapter_06/Moodify_Ear_v1_Chapter_06.md,UNMAPPED,UNVERIFIED
REQ-00521,EAR1-C06-0159,6,evidence,,Moodify_Ear_v1_Chapter_06_Package/Moodify_Ear_v1_Chapter_06/Moodify_Ear_v1_Chapter_06.md,UNMAPPED,UNVERIFIED
REQ-00522,EAR1-C06-0160,6,measurement,,Moodify_Ear_v1_Chapter_06_Package/Moodify_Ear_v1_Chapter_06/Moodify_Ear_v1_Chapter_06.md,UNMAPPED,UNVERIFIED
REQ-00523,EAR1-C06-0161,6,measurement,,Moodify_Ear_v1_Chapter_06_Package/Moodify_Ear_v1_Chapter_06/Moodify_Ear_v1_Chapter_06.md,UNMAPPED,UNVERIFIED
REQ-00524,EAR1-C06-0162,6,measurement,,Moodify_Ear_v1_Chapter_06_Package/Moodify_Ear_v1_Chapter_06/Moodify_Ear_v1_Chapter_06.md,UNMAPPED,UNVERIFIED
REQ-00525,EAR1-C06-0163,6,measurement,,Moodify_Ear_v1_Chapter_06_Package/Moodify_Ear_v1_Chapter_06/Moodify_Ear_v1_Chapter_06.md,UNMAPPED,UNVERIFIED
REQ-00526,EAR1-C06-0164,6,measurement,,Moodify_Ear_v1_Chapter_06_Package/Moodify_Ear_v1_Chapter_06/Moodify_Ear_v1_Chapter_06.md,UNMAPPED,UNVERIFIED
REQ-00527,EAR1-C06-0166,6,verification,,Moodify_Ear_v1_Chapter_06_Package/Moodify_Ear_v1_Chapter_06/Moodify_Ear_v1_Chapter_06.md,UNMAPPED,UNVERIFIED
REQ-00528,EAR1-C06-0167,6,evidence,,Moodify_Ear_v1_Chapter_06_Package/Moodify_Ear_v1_Chapter_06/Moodify_Ear_v1_Chapter_06.md,UNMAPPED,UNVERIFIED
REQ-00529,EAR1-C06-0172,6,measurement;evidence,,Moodify_Ear_v1_Chapter_06_Package/Moodify_Ear_v1_Chapter_06/Moodify_Ear_v1_Chapter_06.md,UNMAPPED,UNVERIFIED
REQ-00530,EAR1-C06-0178,6,measurement,,Moodify_Ear_v1_Chapter_06_Package/Moodify_Ear_v1_Chapter_06/Moodify_Ear_v1_Chapter_06.md,UNMAPPED,UNVERIFIED
REQ-00531,EAR1-C06-0179,6,evidence,,Moodify_Ear_v1_Chapter_06_Package/Moodify_Ear_v1_Chapter_06/Moodify_Ear_v1_Chapter_06.md,UNMAPPED,UNVERIFIED
REQ-00532,EAR1-C06-0180,6,measurement;evidence,,Moodify_Ear_v1_Chapter_06_Package/Moodify_Ear_v1_Chapter_06/Moodify_Ear_v1_Chapter_06.md,UNMAPPED,UNVERIFIED
REQ-00533,EAR1-C06-0182,6,measurement,,Moodify_Ear_v1_Chapter_06_Package/Moodify_Ear_v1_Chapter_06/Moodify_Ear_v1_Chapter_06.md,UNMAPPED,UNVERIFIED
REQ-00534,EAR1-C06-0185,6,measurement,,Moodify_Ear_v1_Chapter_06_Package/Moodify_Ear_v1_Chapter_06/Moodify_Ear_v1_Chapter_06.md,UNMAPPED,UNVERIFIED
REQ-00535,EAR1-C06-0186,6,evidence,,Moodify_Ear_v1_Chapter_06_Package/Moodify_Ear_v1_Chapter_06/Moodify_Ear_v1_Chapter_06.md,UNMAPPED,UNVERIFIED
REQ-00536,EAR1-C06-0191,6,measurement;verification,COMP-002;COMP-012,Moodify_Ear_v1_Chapter_06_Package/Moodify_Ear_v1_Chapter_06/Moodify_Ear_v1_Chapter_06.md,UNMAPPED,UNVERIFIED
REQ-00537,EAR1-C06-0240,6,measurement,,Moodify_Ear_v1_Chapter_06_Package/Moodify_Ear_v1_Chapter_06/Moodify_Ear_v1_Chapter_06.md,UNMAPPED,UNVERIFIED
REQ-00538,EAR1-C07-0001,7,evidence,COMP-010,Moodify_Ear_v1_Chapter_07_Package/Moodify_Ear_v1_Chapter_07/Moodify_Ear_v1_Chapter_07.md,UNMAPPED,UNVERIFIED
REQ-00539,EAR1-C07-0003,7,evidence;failure_recovery,,Moodify_Ear_v1_Chapter_07_Package/Moodify_Ear_v1_Chapter_07/Moodify_Ear_v1_Chapter_07.md,UNMAPPED,UNVERIFIED
REQ-00540,EAR1-C07-0006,7,verification;human_authority,,Moodify_Ear_v1_Chapter_07_Package/Moodify_Ear_v1_Chapter_07/Moodify_Ear_v1_Chapter_07.md,UNMAPPED,UNVERIFIED
REQ-00541,EAR1-C07-0007,7,evidence,,Moodify_Ear_v1_Chapter_07_Package/Moodify_Ear_v1_Chapter_07/Moodify_Ear_v1_Chapter_07.md,UNMAPPED,UNVERIFIED
REQ-00542,EAR1-C07-0009,7,evidence;verification;failure_recovery,,Moodify_Ear_v1_Chapter_07_Package/Moodify_Ear_v1_Chapter_07/Moodify_Ear_v1_Chapter_07.md,UNMAPPED,UNVERIFIED
REQ-00543,EAR1-C07-0012,7,evidence;verification;failure_recovery,,Moodify_Ear_v1_Chapter_07_Package/Moodify_Ear_v1_Chapter_07/Moodify_Ear_v1_Chapter_07.md,UNMAPPED,UNVERIFIED
REQ-00544,EAR1-C07-0015,7,verification,,Moodify_Ear_v1_Chapter_07_Package/Moodify_Ear_v1_Chapter_07/Moodify_Ear_v1_Chapter_07.md,UNMAPPED,UNVERIFIED
REQ-00545,EAR1-C07-0016,7,evidence;verification;failure_recovery,COMP-004;COMP-010,Moodify_Ear_v1_Chapter_07_Package/Moodify_Ear_v1_Chapter_07/Moodify_Ear_v1_Chapter_07.md,UNMAPPED,UNVERIFIED
REQ-00546,EAR1-C07-0018,7,evidence;human_authority,,Moodify_Ear_v1_Chapter_07_Package/Moodify_Ear_v1_Chapter_07/Moodify_Ear_v1_Chapter_07.md,UNMAPPED,UNVERIFIED
REQ-00547,EAR1-C07-0022,7,verification,,Moodify_Ear_v1_Chapter_07_Package/Moodify_Ear_v1_Chapter_07/Moodify_Ear_v1_Chapter_07.md,UNMAPPED,UNVERIFIED
REQ-00548,EAR1-C07-0024,7,evidence,,Moodify_Ear_v1_Chapter_07_Package/Moodify_Ear_v1_Chapter_07/Moodify_Ear_v1_Chapter_07.md,UNMAPPED,UNVERIFIED
REQ-00549,EAR1-C07-0025,7,evidence,,Moodify_Ear_v1_Chapter_07_Package/Moodify_Ear_v1_Chapter_07/Moodify_Ear_v1_Chapter_07.md,UNMAPPED,UNVERIFIED
REQ-00550,EAR1-C07-0029,7,verification,,Moodify_Ear_v1_Chapter_07_Package/Moodify_Ear_v1_Chapter_07/Moodify_Ear_v1_Chapter_07.md,UNMAPPED,UNVERIFIED
REQ-00551,EAR1-C07-0031,7,failure_recovery;human_authority,,Moodify_Ear_v1_Chapter_07_Package/Moodify_Ear_v1_Chapter_07/Moodify_Ear_v1_Chapter_07.md,UNMAPPED,UNVERIFIED
REQ-00552,EAR1-C07-0032,7,verification;failure_recovery,,Moodify_Ear_v1_Chapter_07_Package/Moodify_Ear_v1_Chapter_07/Moodify_Ear_v1_Chapter_07.md,UNMAPPED,UNVERIFIED
REQ-00553,EAR1-C07-0040,7,evidence,,Moodify_Ear_v1_Chapter_07_Package/Moodify_Ear_v1_Chapter_07/Moodify_Ear_v1_Chapter_07.md,UNMAPPED,UNVERIFIED
REQ-00554,EAR1-C07-0042,7,measurement,,Moodify_Ear_v1_Chapter_07_Package/Moodify_Ear_v1_Chapter_07/Moodify_Ear_v1_Chapter_07.md,UNMAPPED,UNVERIFIED
REQ-00555,EAR1-C07-0043,7,measurement,,Moodify_Ear_v1_Chapter_07_Package/Moodify_Ear_v1_Chapter_07/Moodify_Ear_v1_Chapter_07.md,UNMAPPED,UNVERIFIED
REQ-00556,EAR1-C07-0048,7,evidence,,Moodify_Ear_v1_Chapter_07_Package/Moodify_Ear_v1_Chapter_07/Moodify_Ear_v1_Chapter_07.md,UNMAPPED,UNVERIFIED
REQ-00557,EAR1-C07-0050,7,verification,,Moodify_Ear_v1_Chapter_07_Package/Moodify_Ear_v1_Chapter_07/Moodify_Ear_v1_Chapter_07.md,UNMAPPED,UNVERIFIED
REQ-00558,EAR1-C07-0051,7,failure_recovery,,Moodify_Ear_v1_Chapter_07_Package/Moodify_Ear_v1_Chapter_07/Moodify_Ear_v1_Chapter_07.md,UNMAPPED,UNVERIFIED
REQ-00559,EAR1-C07-0053,7,failure_recovery;human_authority,,Moodify_Ear_v1_Chapter_07_Package/Moodify_Ear_v1_Chapter_07/Moodify_Ear_v1_Chapter_07.md,UNMAPPED,UNVERIFIED
REQ-00560,EAR1-C07-0054,7,failure_recovery,,Moodify_Ear_v1_Chapter_07_Package/Moodify_Ear_v1_Chapter_07/Moodify_Ear_v1_Chapter_07.md,UNMAPPED,UNVERIFIED
REQ-00561,EAR1-C07-0055,7,evidence;verification,,Moodify_Ear_v1_Chapter_07_Package/Moodify_Ear_v1_Chapter_07/Moodify_Ear_v1_Chapter_07.md,UNMAPPED,UNVERIFIED
REQ-00562,EAR1-C07-0056,7,failure_recovery,,Moodify_Ear_v1_Chapter_07_Package/Moodify_Ear_v1_Chapter_07/Moodify_Ear_v1_Chapter_07.md,UNMAPPED,UNVERIFIED
REQ-00563,EAR1-C07-0058,7,failure_recovery;human_authority,,Moodify_Ear_v1_Chapter_07_Package/Moodify_Ear_v1_Chapter_07/Moodify_Ear_v1_Chapter_07.md,UNMAPPED,UNVERIFIED
REQ-00564,EAR1-C07-0059,7,failure_recovery,,Moodify_Ear_v1_Chapter_07_Package/Moodify_Ear_v1_Chapter_07/Moodify_Ear_v1_Chapter_07.md,UNMAPPED,UNVERIFIED
REQ-00565,EAR1-C07-0060,7,evidence;failure_recovery,,Moodify_Ear_v1_Chapter_07_Package/Moodify_Ear_v1_Chapter_07/Moodify_Ear_v1_Chapter_07.md,UNMAPPED,UNVERIFIED
REQ-00566,EAR1-C07-0061,7,evidence;failure_recovery,COMP-003,Moodify_Ear_v1_Chapter_07_Package/Moodify_Ear_v1_Chapter_07/Moodify_Ear_v1_Chapter_07.md,UNMAPPED,UNVERIFIED
REQ-00567,EAR1-C07-0063,7,evidence;failure_recovery,,Moodify_Ear_v1_Chapter_07_Package/Moodify_Ear_v1_Chapter_07/Moodify_Ear_v1_Chapter_07.md,UNMAPPED,UNVERIFIED
REQ-00568,EAR1-C07-0065,7,evidence;verification,COMP-010,Moodify_Ear_v1_Chapter_07_Package/Moodify_Ear_v1_Chapter_07/Moodify_Ear_v1_Chapter_07.md,UNMAPPED,UNVERIFIED
REQ-00569,EAR1-C07-0068,7,evidence,,Moodify_Ear_v1_Chapter_07_Package/Moodify_Ear_v1_Chapter_07/Moodify_Ear_v1_Chapter_07.md,UNMAPPED,UNVERIFIED
REQ-00570,EAR1-C07-0069,7,measurement;evidence;verification,,Moodify_Ear_v1_Chapter_07_Package/Moodify_Ear_v1_Chapter_07/Moodify_Ear_v1_Chapter_07.md,UNMAPPED,UNVERIFIED
REQ-00571,EAR1-C07-0070,7,measurement;evidence;verification,,Moodify_Ear_v1_Chapter_07_Package/Moodify_Ear_v1_Chapter_07/Moodify_Ear_v1_Chapter_07.md,UNMAPPED,UNVERIFIED
REQ-00572,EAR1-C07-0072,7,evidence,,Moodify_Ear_v1_Chapter_07_Package/Moodify_Ear_v1_Chapter_07/Moodify_Ear_v1_Chapter_07.md,UNMAPPED,UNVERIFIED
REQ-00573,EAR1-C07-0073,7,measurement;evidence;verification,,Moodify_Ear_v1_Chapter_07_Package/Moodify_Ear_v1_Chapter_07/Moodify_Ear_v1_Chapter_07.md,UNMAPPED,UNVERIFIED
REQ-00574,EAR1-C07-0074,7,evidence,,Moodify_Ear_v1_Chapter_07_Package/Moodify_Ear_v1_Chapter_07/Moodify_Ear_v1_Chapter_07.md,UNMAPPED,UNVERIFIED
REQ-00575,EAR1-C07-0076,7,human_authority,,Moodify_Ear_v1_Chapter_07_Package/Moodify_Ear_v1_Chapter_07/Moodify_Ear_v1_Chapter_07.md,UNMAPPED,UNVERIFIED
REQ-00576,EAR1-C07-0077,7,verification,COMP-010,Moodify_Ear_v1_Chapter_07_Package/Moodify_Ear_v1_Chapter_07/Moodify_Ear_v1_Chapter_07.md,UNMAPPED,UNVERIFIED
REQ-00577,EAR1-C07-0078,7,evidence,,Moodify_Ear_v1_Chapter_07_Package/Moodify_Ear_v1_Chapter_07/Moodify_Ear_v1_Chapter_07.md,UNMAPPED,UNVERIFIED
REQ-00578,EAR1-C07-0079,7,evidence,,Moodify_Ear_v1_Chapter_07_Package/Moodify_Ear_v1_Chapter_07/Moodify_Ear_v1_Chapter_07.md,UNMAPPED,UNVERIFIED
REQ-00579,EAR1-C07-0080,7,evidence;human_authority,,Moodify_Ear_v1_Chapter_07_Package/Moodify_Ear_v1_Chapter_07/Moodify_Ear_v1_Chapter_07.md,UNMAPPED,UNVERIFIED
REQ-00580,EAR1-C07-0082,7,evidence,,Moodify_Ear_v1_Chapter_07_Package/Moodify_Ear_v1_Chapter_07/Moodify_Ear_v1_Chapter_07.md,UNMAPPED,UNVERIFIED
REQ-00581,EAR1-C07-0083,7,evidence,,Moodify_Ear_v1_Chapter_07_Package/Moodify_Ear_v1_Chapter_07/Moodify_Ear_v1_Chapter_07.md,UNMAPPED,UNVERIFIED
REQ-00582,EAR1-C07-0085,7,human_authority,COMP-010,Moodify_Ear_v1_Chapter_07_Package/Moodify_Ear_v1_Chapter_07/Moodify_Ear_v1_Chapter_07.md,UNMAPPED,UNVERIFIED
REQ-00583,EAR1-C07-0090,7,measurement,,Moodify_Ear_v1_Chapter_07_Package/Moodify_Ear_v1_Chapter_07/Moodify_Ear_v1_Chapter_07.md,UNMAPPED,UNVERIFIED
REQ-00584,EAR1-C07-0092,7,human_authority,,Moodify_Ear_v1_Chapter_07_Package/Moodify_Ear_v1_Chapter_07/Moodify_Ear_v1_Chapter_07.md,UNMAPPED,UNVERIFIED
REQ-00585,EAR1-C07-0099,7,evidence;verification;failure_recovery,,Moodify_Ear_v1_Chapter_07_Package/Moodify_Ear_v1_Chapter_07/Moodify_Ear_v1_Chapter_07.md,UNMAPPED,UNVERIFIED
REQ-00586,EAR1-C07-0101,7,verification,,Moodify_Ear_v1_Chapter_07_Package/Moodify_Ear_v1_Chapter_07/Moodify_Ear_v1_Chapter_07.md,UNMAPPED,UNVERIFIED
REQ-00587,EAR1-C07-0102,7,measurement;evidence;verification;failure_recovery;human_authority,COMP-004,Moodify_Ear_v1_Chapter_07_Package/Moodify_Ear_v1_Chapter_07/Moodify_Ear_v1_Chapter_07.md,UNMAPPED,UNVERIFIED
REQ-00588,EAR1-C07-0103,7,evidence,,Moodify_Ear_v1_Chapter_07_Package/Moodify_Ear_v1_Chapter_07/Moodify_Ear_v1_Chapter_07.md,UNMAPPED,UNVERIFIED
REQ-00589,EAR1-C07-0104,7,verification,,Moodify_Ear_v1_Chapter_07_Package/Moodify_Ear_v1_Chapter_07/Moodify_Ear_v1_Chapter_07.md,UNMAPPED,UNVERIFIED
REQ-00590,EAR1-C07-0105,7,human_authority,COMP-004,Moodify_Ear_v1_Chapter_07_Package/Moodify_Ear_v1_Chapter_07/Moodify_Ear_v1_Chapter_07.md,UNMAPPED,UNVERIFIED
REQ-00591,EAR1-C07-0106,7,measurement;evidence,,Moodify_Ear_v1_Chapter_07_Package/Moodify_Ear_v1_Chapter_07/Moodify_Ear_v1_Chapter_07.md,UNMAPPED,UNVERIFIED
REQ-00592,EAR1-C07-0107,7,verification,,Moodify_Ear_v1_Chapter_07_Package/Moodify_Ear_v1_Chapter_07/Moodify_Ear_v1_Chapter_07.md,UNMAPPED,UNVERIFIED
REQ-00593,EAR1-C07-0108,7,verification,,Moodify_Ear_v1_Chapter_07_Package/Moodify_Ear_v1_Chapter_07/Moodify_Ear_v1_Chapter_07.md,UNMAPPED,UNVERIFIED
REQ-00594,EAR1-C07-0112,7,verification,,Moodify_Ear_v1_Chapter_07_Package/Moodify_Ear_v1_Chapter_07/Moodify_Ear_v1_Chapter_07.md,UNMAPPED,UNVERIFIED
REQ-00595,EAR1-C07-0113,7,verification,COMP-010,Moodify_Ear_v1_Chapter_07_Package/Moodify_Ear_v1_Chapter_07/Moodify_Ear_v1_Chapter_07.md,UNMAPPED,UNVERIFIED
REQ-00596,EAR1-C07-0114,7,evidence;verification,,Moodify_Ear_v1_Chapter_07_Package/Moodify_Ear_v1_Chapter_07/Moodify_Ear_v1_Chapter_07.md,UNMAPPED,UNVERIFIED
REQ-00597,EAR1-C07-0115,7,verification,,Moodify_Ear_v1_Chapter_07_Package/Moodify_Ear_v1_Chapter_07/Moodify_Ear_v1_Chapter_07.md,UNMAPPED,UNVERIFIED
REQ-00598,EAR1-C07-0116,7,measurement;failure_recovery,,Moodify_Ear_v1_Chapter_07_Package/Moodify_Ear_v1_Chapter_07/Moodify_Ear_v1_Chapter_07.md,UNMAPPED,UNVERIFIED
REQ-00599,EAR1-C07-0117,7,human_authority,,Moodify_Ear_v1_Chapter_07_Package/Moodify_Ear_v1_Chapter_07/Moodify_Ear_v1_Chapter_07.md,UNMAPPED,UNVERIFIED
REQ-00600,EAR1-C07-0119,7,evidence,,Moodify_Ear_v1_Chapter_07_Package/Moodify_Ear_v1_Chapter_07/Moodify_Ear_v1_Chapter_07.md,UNMAPPED,UNVERIFIED
REQ-00601,EAR1-C07-0121,7,verification,,Moodify_Ear_v1_Chapter_07_Package/Moodify_Ear_v1_Chapter_07/Moodify_Ear_v1_Chapter_07.md,UNMAPPED,UNVERIFIED
REQ-00602,EAR1-C07-0122,7,evidence,,Moodify_Ear_v1_Chapter_07_Package/Moodify_Ear_v1_Chapter_07/Moodify_Ear_v1_Chapter_07.md,UNMAPPED,UNVERIFIED
REQ-00603,EAR1-C07-0123,7,human_authority,,Moodify_Ear_v1_Chapter_07_Package/Moodify_Ear_v1_Chapter_07/Moodify_Ear_v1_Chapter_07.md,UNMAPPED,UNVERIFIED
REQ-00604,EAR1-C07-0124,7,evidence,,Moodify_Ear_v1_Chapter_07_Package/Moodify_Ear_v1_Chapter_07/Moodify_Ear_v1_Chapter_07.md,UNMAPPED,UNVERIFIED
REQ-00605,EAR1-C07-0125,7,verification,,Moodify_Ear_v1_Chapter_07_Package/Moodify_Ear_v1_Chapter_07/Moodify_Ear_v1_Chapter_07.md,UNMAPPED,UNVERIFIED
REQ-00606,EAR1-C07-0126,7,evidence,,Moodify_Ear_v1_Chapter_07_Package/Moodify_Ear_v1_Chapter_07/Moodify_Ear_v1_Chapter_07.md,UNMAPPED,UNVERIFIED
REQ-00607,EAR1-C07-0131,7,evidence;human_authority,COMP-003;COMP-010,Moodify_Ear_v1_Chapter_07_Package/Moodify_Ear_v1_Chapter_07/Moodify_Ear_v1_Chapter_07.md,UNMAPPED,UNVERIFIED
REQ-00608,EAR1-C07-0133,7,evidence,,Moodify_Ear_v1_Chapter_07_Package/Moodify_Ear_v1_Chapter_07/Moodify_Ear_v1_Chapter_07.md,UNMAPPED,UNVERIFIED
REQ-00609,EAR1-C07-0136,7,evidence;failure_recovery,,Moodify_Ear_v1_Chapter_07_Package/Moodify_Ear_v1_Chapter_07/Moodify_Ear_v1_Chapter_07.md,UNMAPPED,UNVERIFIED
REQ-00610,EAR1-C07-0137,7,verification;failure_recovery,,Moodify_Ear_v1_Chapter_07_Package/Moodify_Ear_v1_Chapter_07/Moodify_Ear_v1_Chapter_07.md,UNMAPPED,UNVERIFIED
REQ-00611,EAR1-C07-0140,7,failure_recovery,,Moodify_Ear_v1_Chapter_07_Package/Moodify_Ear_v1_Chapter_07/Moodify_Ear_v1_Chapter_07.md,UNMAPPED,UNVERIFIED
REQ-00612,EAR1-C07-0143,7,human_authority,,Moodify_Ear_v1_Chapter_07_Package/Moodify_Ear_v1_Chapter_07/Moodify_Ear_v1_Chapter_07.md,UNMAPPED,UNVERIFIED
REQ-00613,EAR1-C07-0144,7,evidence;failure_recovery,,Moodify_Ear_v1_Chapter_07_Package/Moodify_Ear_v1_Chapter_07/Moodify_Ear_v1_Chapter_07.md,UNMAPPED,UNVERIFIED
REQ-00614,EAR1-C07-0145,7,evidence;verification,,Moodify_Ear_v1_Chapter_07_Package/Moodify_Ear_v1_Chapter_07/Moodify_Ear_v1_Chapter_07.md,UNMAPPED,UNVERIFIED
REQ-00615,EAR1-C07-0146,7,evidence,,Moodify_Ear_v1_Chapter_07_Package/Moodify_Ear_v1_Chapter_07/Moodify_Ear_v1_Chapter_07.md,UNMAPPED,UNVERIFIED
REQ-00616,EAR1-C07-0148,7,evidence;failure_recovery,,Moodify_Ear_v1_Chapter_07_Package/Moodify_Ear_v1_Chapter_07/Moodify_Ear_v1_Chapter_07.md,UNMAPPED,UNVERIFIED
REQ-00617,EAR1-C07-0151,7,human_authority,,Moodify_Ear_v1_Chapter_07_Package/Moodify_Ear_v1_Chapter_07/Moodify_Ear_v1_Chapter_07.md,UNMAPPED,UNVERIFIED
REQ-00618,EAR1-C07-0153,7,evidence,,Moodify_Ear_v1_Chapter_07_Package/Moodify_Ear_v1_Chapter_07/Moodify_Ear_v1_Chapter_07.md,UNMAPPED,UNVERIFIED
REQ-00619,EAR1-C07-0155,7,evidence,COMP-010,Moodify_Ear_v1_Chapter_07_Package/Moodify_Ear_v1_Chapter_07/Moodify_Ear_v1_Chapter_07.md,UNMAPPED,UNVERIFIED
REQ-00620,EAR1-C07-0156,7,evidence,,Moodify_Ear_v1_Chapter_07_Package/Moodify_Ear_v1_Chapter_07/Moodify_Ear_v1_Chapter_07.md,UNMAPPED,UNVERIFIED
REQ-00621,EAR1-C07-0157,7,human_authority,,Moodify_Ear_v1_Chapter_07_Package/Moodify_Ear_v1_Chapter_07/Moodify_Ear_v1_Chapter_07.md,UNMAPPED,UNVERIFIED
REQ-00622,EAR1-C07-0160,7,measurement,,Moodify_Ear_v1_Chapter_07_Package/Moodify_Ear_v1_Chapter_07/Moodify_Ear_v1_Chapter_07.md,UNMAPPED,UNVERIFIED
REQ-00623,EAR1-C07-0161,7,measurement,COMP-010,Moodify_Ear_v1_Chapter_07_Package/Moodify_Ear_v1_Chapter_07/Moodify_Ear_v1_Chapter_07.md,UNMAPPED,UNVERIFIED
REQ-00624,EAR1-C07-0162,7,evidence;verification,,Moodify_Ear_v1_Chapter_07_Package/Moodify_Ear_v1_Chapter_07/Moodify_Ear_v1_Chapter_07.md,UNMAPPED,UNVERIFIED
REQ-00625,EAR1-C07-0164,7,evidence;verification,,Moodify_Ear_v1_Chapter_07_Package/Moodify_Ear_v1_Chapter_07/Moodify_Ear_v1_Chapter_07.md,UNMAPPED,UNVERIFIED
REQ-00626,EAR1-C07-0165,7,evidence,,Moodify_Ear_v1_Chapter_07_Package/Moodify_Ear_v1_Chapter_07/Moodify_Ear_v1_Chapter_07.md,UNMAPPED,UNVERIFIED
REQ-00627,EAR1-C07-0166,7,verification,COMP-010,Moodify_Ear_v1_Chapter_07_Package/Moodify_Ear_v1_Chapter_07/Moodify_Ear_v1_Chapter_07.md,UNMAPPED,UNVERIFIED
REQ-00628,EAR1-C07-0167,7,evidence,,Moodify_Ear_v1_Chapter_07_Package/Moodify_Ear_v1_Chapter_07/Moodify_Ear_v1_Chapter_07.md,UNMAPPED,UNVERIFIED
REQ-00629,EAR1-C07-0170,7,verification,,Moodify_Ear_v1_Chapter_07_Package/Moodify_Ear_v1_Chapter_07/Moodify_Ear_v1_Chapter_07.md,UNMAPPED,UNVERIFIED
REQ-00630,EAR1-C07-0172,7,evidence,,Moodify_Ear_v1_Chapter_07_Package/Moodify_Ear_v1_Chapter_07/Moodify_Ear_v1_Chapter_07.md,UNMAPPED,UNVERIFIED
REQ-00631,EAR1-C07-0173,7,evidence;verification,,Moodify_Ear_v1_Chapter_07_Package/Moodify_Ear_v1_Chapter_07/Moodify_Ear_v1_Chapter_07.md,UNMAPPED,UNVERIFIED
REQ-00632,EAR1-C07-0175,7,evidence,,Moodify_Ear_v1_Chapter_07_Package/Moodify_Ear_v1_Chapter_07/Moodify_Ear_v1_Chapter_07.md,UNMAPPED,UNVERIFIED
REQ-00633,EAR1-C07-0182,7,evidence;human_authority,,Moodify_Ear_v1_Chapter_07_Package/Moodify_Ear_v1_Chapter_07/Moodify_Ear_v1_Chapter_07.md,UNMAPPED,UNVERIFIED
REQ-00634,EAR1-C07-0183,7,verification,,Moodify_Ear_v1_Chapter_07_Package/Moodify_Ear_v1_Chapter_07/Moodify_Ear_v1_Chapter_07.md,UNMAPPED,UNVERIFIED
REQ-00635,EAR1-C07-0189,7,evidence,,Moodify_Ear_v1_Chapter_07_Package/Moodify_Ear_v1_Chapter_07/Moodify_Ear_v1_Chapter_07.md,UNMAPPED,UNVERIFIED
REQ-00636,EAR1-C07-0191,7,evidence;failure_recovery,,Moodify_Ear_v1_Chapter_07_Package/Moodify_Ear_v1_Chapter_07/Moodify_Ear_v1_Chapter_07.md,UNMAPPED,UNVERIFIED
REQ-00637,EAR1-C07-0192,7,verification,,Moodify_Ear_v1_Chapter_07_Package/Moodify_Ear_v1_Chapter_07/Moodify_Ear_v1_Chapter_07.md,UNMAPPED,UNVERIFIED
REQ-00638,EAR1-C07-0193,7,evidence,,Moodify_Ear_v1_Chapter_07_Package/Moodify_Ear_v1_Chapter_07/Moodify_Ear_v1_Chapter_07.md,UNMAPPED,UNVERIFIED
REQ-00639,EAR1-C07-0197,7,failure_recovery,,Moodify_Ear_v1_Chapter_07_Package/Moodify_Ear_v1_Chapter_07/Moodify_Ear_v1_Chapter_07.md,UNMAPPED,UNVERIFIED
REQ-00640,EAR1-C07-0198,7,evidence;verification,,Moodify_Ear_v1_Chapter_07_Package/Moodify_Ear_v1_Chapter_07/Moodify_Ear_v1_Chapter_07.md,UNMAPPED,UNVERIFIED
REQ-00641,EAR1-C07-0203,7,measurement;evidence;failure_recovery,,Moodify_Ear_v1_Chapter_07_Package/Moodify_Ear_v1_Chapter_07/Moodify_Ear_v1_Chapter_07.md,UNMAPPED,UNVERIFIED
REQ-00642,EAR1-C07-0206,7,verification,,Moodify_Ear_v1_Chapter_07_Package/Moodify_Ear_v1_Chapter_07/Moodify_Ear_v1_Chapter_07.md,UNMAPPED,UNVERIFIED
REQ-00643,EAR1-C07-0211,7,verification,,Moodify_Ear_v1_Chapter_07_Package/Moodify_Ear_v1_Chapter_07/Moodify_Ear_v1_Chapter_07.md,UNMAPPED,UNVERIFIED
REQ-00644,EAR1-C07-0213,7,verification,,Moodify_Ear_v1_Chapter_07_Package/Moodify_Ear_v1_Chapter_07/Moodify_Ear_v1_Chapter_07.md,UNMAPPED,UNVERIFIED
REQ-00645,EAR1-C07-0233,7,evidence,,Moodify_Ear_v1_Chapter_07_Package/Moodify_Ear_v1_Chapter_07/Moodify_Ear_v1_Chapter_07.md,UNMAPPED,UNVERIFIED
REQ-00646,EAR1-C07-0246,7,verification,,Moodify_Ear_v1_Chapter_07_Package/Moodify_Ear_v1_Chapter_07/Moodify_Ear_v1_Chapter_07.md,UNMAPPED,UNVERIFIED
REQ-00647,EAR1-C08-0001,8,verification,COMP-001,Moodify_Ear_v1_Chapter_08_Package/Moodify_Ear_v1_Chapter_08/Moodify_Ear_v1_Chapter_08.md,UNMAPPED,UNVERIFIED
REQ-00648,EAR1-C08-0006,8,evidence,COMP-002;COMP-012,Moodify_Ear_v1_Chapter_08_Package/Moodify_Ear_v1_Chapter_08/Moodify_Ear_v1_Chapter_08.md,UNMAPPED,UNVERIFIED
REQ-00649,EAR1-C08-0011,8,measurement;evidence,,Moodify_Ear_v1_Chapter_08_Package/Moodify_Ear_v1_Chapter_08/Moodify_Ear_v1_Chapter_08.md,UNMAPPED,UNVERIFIED
REQ-00650,EAR1-C08-0015,8,evidence,,Moodify_Ear_v1_Chapter_08_Package/Moodify_Ear_v1_Chapter_08/Moodify_Ear_v1_Chapter_08.md,UNMAPPED,UNVERIFIED
REQ-00651,EAR1-C08-0020,8,evidence,COMP-001,Moodify_Ear_v1_Chapter_08_Package/Moodify_Ear_v1_Chapter_08/Moodify_Ear_v1_Chapter_08.md,UNMAPPED,UNVERIFIED
REQ-00652,EAR1-C08-0023,8,measurement,,Moodify_Ear_v1_Chapter_08_Package/Moodify_Ear_v1_Chapter_08/Moodify_Ear_v1_Chapter_08.md,UNMAPPED,UNVERIFIED
REQ-00653,EAR1-C08-0024,8,measurement,,Moodify_Ear_v1_Chapter_08_Package/Moodify_Ear_v1_Chapter_08/Moodify_Ear_v1_Chapter_08.md,UNMAPPED,UNVERIFIED
REQ-00654,EAR1-C08-0025,8,evidence,,Moodify_Ear_v1_Chapter_08_Package/Moodify_Ear_v1_Chapter_08/Moodify_Ear_v1_Chapter_08.md,UNMAPPED,UNVERIFIED
REQ-00655,EAR1-C08-0029,8,measurement;evidence,,Moodify_Ear_v1_Chapter_08_Package/Moodify_Ear_v1_Chapter_08/Moodify_Ear_v1_Chapter_08.md,UNMAPPED,UNVERIFIED
REQ-00656,EAR1-C08-0034,8,measurement;evidence,,Moodify_Ear_v1_Chapter_08_Package/Moodify_Ear_v1_Chapter_08/Moodify_Ear_v1_Chapter_08.md,UNMAPPED,UNVERIFIED
REQ-00657,EAR1-C08-0038,8,evidence,,Moodify_Ear_v1_Chapter_08_Package/Moodify_Ear_v1_Chapter_08/Moodify_Ear_v1_Chapter_08.md,UNMAPPED,UNVERIFIED
REQ-00658,EAR1-C08-0042,8,evidence,,Moodify_Ear_v1_Chapter_08_Package/Moodify_Ear_v1_Chapter_08/Moodify_Ear_v1_Chapter_08.md,UNMAPPED,UNVERIFIED
REQ-00659,EAR1-C08-0043,8,measurement,,Moodify_Ear_v1_Chapter_08_Package/Moodify_Ear_v1_Chapter_08/Moodify_Ear_v1_Chapter_08.md,UNMAPPED,UNVERIFIED
REQ-00660,EAR1-C08-0044,8,measurement,,Moodify_Ear_v1_Chapter_08_Package/Moodify_Ear_v1_Chapter_08/Moodify_Ear_v1_Chapter_08.md,UNMAPPED,UNVERIFIED
REQ-00661,EAR1-C08-0050,8,measurement;evidence,,Moodify_Ear_v1_Chapter_08_Package/Moodify_Ear_v1_Chapter_08/Moodify_Ear_v1_Chapter_08.md,UNMAPPED,UNVERIFIED
REQ-00662,EAR1-C08-0051,8,evidence,,Moodify_Ear_v1_Chapter_08_Package/Moodify_Ear_v1_Chapter_08/Moodify_Ear_v1_Chapter_08.md,UNMAPPED,UNVERIFIED
REQ-00663,EAR1-C08-0052,8,human_authority,,Moodify_Ear_v1_Chapter_08_Package/Moodify_Ear_v1_Chapter_08/Moodify_Ear_v1_Chapter_08.md,UNMAPPED,UNVERIFIED
REQ-00664,EAR1-C08-0059,8,measurement;evidence;failure_recovery,,Moodify_Ear_v1_Chapter_08_Package/Moodify_Ear_v1_Chapter_08/Moodify_Ear_v1_Chapter_08.md,UNMAPPED,UNVERIFIED
REQ-00665,EAR1-C08-0060,8,evidence,,Moodify_Ear_v1_Chapter_08_Package/Moodify_Ear_v1_Chapter_08/Moodify_Ear_v1_Chapter_08.md,UNMAPPED,UNVERIFIED
REQ-00666,EAR1-C08-0062,8,evidence;verification,,Moodify_Ear_v1_Chapter_08_Package/Moodify_Ear_v1_Chapter_08/Moodify_Ear_v1_Chapter_08.md,UNMAPPED,UNVERIFIED
REQ-00667,EAR1-C08-0065,8,human_authority,,Moodify_Ear_v1_Chapter_08_Package/Moodify_Ear_v1_Chapter_08/Moodify_Ear_v1_Chapter_08.md,UNMAPPED,UNVERIFIED
REQ-00668,EAR1-C08-0068,8,failure_recovery,,Moodify_Ear_v1_Chapter_08_Package/Moodify_Ear_v1_Chapter_08/Moodify_Ear_v1_Chapter_08.md,UNMAPPED,UNVERIFIED
REQ-00669,EAR1-C08-0069,8,measurement,,Moodify_Ear_v1_Chapter_08_Package/Moodify_Ear_v1_Chapter_08/Moodify_Ear_v1_Chapter_08.md,UNMAPPED,UNVERIFIED
REQ-00670,EAR1-C08-0070,8,measurement;failure_recovery,,Moodify_Ear_v1_Chapter_08_Package/Moodify_Ear_v1_Chapter_08/Moodify_Ear_v1_Chapter_08.md,UNMAPPED,UNVERIFIED
REQ-00671,EAR1-C08-0071,8,failure_recovery,,Moodify_Ear_v1_Chapter_08_Package/Moodify_Ear_v1_Chapter_08/Moodify_Ear_v1_Chapter_08.md,UNMAPPED,UNVERIFIED
REQ-00672,EAR1-C08-0074,8,measurement,,Moodify_Ear_v1_Chapter_08_Package/Moodify_Ear_v1_Chapter_08/Moodify_Ear_v1_Chapter_08.md,UNMAPPED,UNVERIFIED
REQ-00673,EAR1-C08-0075,8,measurement,,Moodify_Ear_v1_Chapter_08_Package/Moodify_Ear_v1_Chapter_08/Moodify_Ear_v1_Chapter_08.md,UNMAPPED,UNVERIFIED
REQ-00674,EAR1-C08-0076,8,measurement,COMP-001,Moodify_Ear_v1_Chapter_08_Package/Moodify_Ear_v1_Chapter_08/Moodify_Ear_v1_Chapter_08.md,UNMAPPED,UNVERIFIED
REQ-00675,EAR1-C08-0079,8,measurement,,Moodify_Ear_v1_Chapter_08_Package/Moodify_Ear_v1_Chapter_08/Moodify_Ear_v1_Chapter_08.md,UNMAPPED,UNVERIFIED
REQ-00676,EAR1-C08-0081,8,evidence,,Moodify_Ear_v1_Chapter_08_Package/Moodify_Ear_v1_Chapter_08/Moodify_Ear_v1_Chapter_08.md,UNMAPPED,UNVERIFIED
REQ-00677,EAR1-C08-0082,8,evidence,,Moodify_Ear_v1_Chapter_08_Package/Moodify_Ear_v1_Chapter_08/Moodify_Ear_v1_Chapter_08.md,UNMAPPED,UNVERIFIED
REQ-00678,EAR1-C08-0084,8,evidence,,Moodify_Ear_v1_Chapter_08_Package/Moodify_Ear_v1_Chapter_08/Moodify_Ear_v1_Chapter_08.md,UNMAPPED,UNVERIFIED
REQ-00679,EAR1-C08-0087,8,measurement;evidence,,Moodify_Ear_v1_Chapter_08_Package/Moodify_Ear_v1_Chapter_08/Moodify_Ear_v1_Chapter_08.md,UNMAPPED,UNVERIFIED
REQ-00680,EAR1-C08-0089,8,verification,COMP-004,Moodify_Ear_v1_Chapter_08_Package/Moodify_Ear_v1_Chapter_08/Moodify_Ear_v1_Chapter_08.md,UNMAPPED,UNVERIFIED
REQ-00681,EAR1-C08-0095,8,measurement,,Moodify_Ear_v1_Chapter_08_Package/Moodify_Ear_v1_Chapter_08/Moodify_Ear_v1_Chapter_08.md,UNMAPPED,UNVERIFIED
REQ-00682,EAR1-C08-0099,8,measurement,,Moodify_Ear_v1_Chapter_08_Package/Moodify_Ear_v1_Chapter_08/Moodify_Ear_v1_Chapter_08.md,UNMAPPED,UNVERIFIED
REQ-00683,EAR1-C08-0100,8,evidence,,Moodify_Ear_v1_Chapter_08_Package/Moodify_Ear_v1_Chapter_08/Moodify_Ear_v1_Chapter_08.md,UNMAPPED,UNVERIFIED
REQ-00684,EAR1-C08-0101,8,evidence,,Moodify_Ear_v1_Chapter_08_Package/Moodify_Ear_v1_Chapter_08/Moodify_Ear_v1_Chapter_08.md,UNMAPPED,UNVERIFIED
REQ-00685,EAR1-C08-0103,8,evidence,,Moodify_Ear_v1_Chapter_08_Package/Moodify_Ear_v1_Chapter_08/Moodify_Ear_v1_Chapter_08.md,UNMAPPED,UNVERIFIED
REQ-00686,EAR1-C08-0109,8,evidence,,Moodify_Ear_v1_Chapter_08_Package/Moodify_Ear_v1_Chapter_08/Moodify_Ear_v1_Chapter_08.md,UNMAPPED,UNVERIFIED
REQ-00687,EAR1-C08-0110,8,evidence,COMP-001;COMP-003,Moodify_Ear_v1_Chapter_08_Package/Moodify_Ear_v1_Chapter_08/Moodify_Ear_v1_Chapter_08.md,UNMAPPED,UNVERIFIED
REQ-00688,EAR1-C08-0114,8,verification,,Moodify_Ear_v1_Chapter_08_Package/Moodify_Ear_v1_Chapter_08/Moodify_Ear_v1_Chapter_08.md,UNMAPPED,UNVERIFIED
REQ-00689,EAR1-C08-0115,8,measurement,,Moodify_Ear_v1_Chapter_08_Package/Moodify_Ear_v1_Chapter_08/Moodify_Ear_v1_Chapter_08.md,UNMAPPED,UNVERIFIED
REQ-00690,EAR1-C08-0116,8,measurement,,Moodify_Ear_v1_Chapter_08_Package/Moodify_Ear_v1_Chapter_08/Moodify_Ear_v1_Chapter_08.md,UNMAPPED,UNVERIFIED
REQ-00691,EAR1-C08-0117,8,evidence,,Moodify_Ear_v1_Chapter_08_Package/Moodify_Ear_v1_Chapter_08/Moodify_Ear_v1_Chapter_08.md,UNMAPPED,UNVERIFIED
REQ-00692,EAR1-C08-0120,8,evidence,,Moodify_Ear_v1_Chapter_08_Package/Moodify_Ear_v1_Chapter_08/Moodify_Ear_v1_Chapter_08.md,UNMAPPED,UNVERIFIED
REQ-00693,EAR1-C08-0121,8,measurement,,Moodify_Ear_v1_Chapter_08_Package/Moodify_Ear_v1_Chapter_08/Moodify_Ear_v1_Chapter_08.md,UNMAPPED,UNVERIFIED
REQ-00694,EAR1-C08-0123,8,evidence,,Moodify_Ear_v1_Chapter_08_Package/Moodify_Ear_v1_Chapter_08/Moodify_Ear_v1_Chapter_08.md,UNMAPPED,UNVERIFIED
REQ-00695,EAR1-C08-0124,8,verification,,Moodify_Ear_v1_Chapter_08_Package/Moodify_Ear_v1_Chapter_08/Moodify_Ear_v1_Chapter_08.md,UNMAPPED,UNVERIFIED
REQ-00696,EAR1-C08-0125,8,evidence,,Moodify_Ear_v1_Chapter_08_Package/Moodify_Ear_v1_Chapter_08/Moodify_Ear_v1_Chapter_08.md,UNMAPPED,UNVERIFIED
REQ-00697,EAR1-C08-0126,8,evidence,,Moodify_Ear_v1_Chapter_08_Package/Moodify_Ear_v1_Chapter_08/Moodify_Ear_v1_Chapter_08.md,UNMAPPED,UNVERIFIED
REQ-00698,EAR1-C08-0127,8,measurement,,Moodify_Ear_v1_Chapter_08_Package/Moodify_Ear_v1_Chapter_08/Moodify_Ear_v1_Chapter_08.md,UNMAPPED,UNVERIFIED
REQ-00699,EAR1-C08-0128,8,measurement,,Moodify_Ear_v1_Chapter_08_Package/Moodify_Ear_v1_Chapter_08/Moodify_Ear_v1_Chapter_08.md,UNMAPPED,UNVERIFIED
REQ-00700,EAR1-C08-0129,8,evidence,,Moodify_Ear_v1_Chapter_08_Package/Moodify_Ear_v1_Chapter_08/Moodify_Ear_v1_Chapter_08.md,UNMAPPED,UNVERIFIED
REQ-00701,EAR1-C08-0133,8,measurement;evidence;human_authority,,Moodify_Ear_v1_Chapter_08_Package/Moodify_Ear_v1_Chapter_08/Moodify_Ear_v1_Chapter_08.md,UNMAPPED,UNVERIFIED
REQ-00702,EAR1-C08-0134,8,human_authority,,Moodify_Ear_v1_Chapter_08_Package/Moodify_Ear_v1_Chapter_08/Moodify_Ear_v1_Chapter_08.md,UNMAPPED,UNVERIFIED
REQ-00703,EAR1-C08-0141,8,measurement,COMP-001,Moodify_Ear_v1_Chapter_08_Package/Moodify_Ear_v1_Chapter_08/Moodify_Ear_v1_Chapter_08.md,UNMAPPED,UNVERIFIED
REQ-00704,EAR1-C08-0143,8,evidence,,Moodify_Ear_v1_Chapter_08_Package/Moodify_Ear_v1_Chapter_08/Moodify_Ear_v1_Chapter_08.md,UNMAPPED,UNVERIFIED
REQ-00705,EAR1-C08-0145,8,evidence,COMP-001,Moodify_Ear_v1_Chapter_08_Package/Moodify_Ear_v1_Chapter_08/Moodify_Ear_v1_Chapter_08.md,UNMAPPED,UNVERIFIED
REQ-00706,EAR1-C08-0146,8,evidence,COMP-003,Moodify_Ear_v1_Chapter_08_Package/Moodify_Ear_v1_Chapter_08/Moodify_Ear_v1_Chapter_08.md,UNMAPPED,UNVERIFIED
REQ-00707,EAR1-C08-0148,8,evidence,COMP-003,Moodify_Ear_v1_Chapter_08_Package/Moodify_Ear_v1_Chapter_08/Moodify_Ear_v1_Chapter_08.md,UNMAPPED,UNVERIFIED
REQ-00708,EAR1-C08-0152,8,measurement;evidence;verification,COMP-004,Moodify_Ear_v1_Chapter_08_Package/Moodify_Ear_v1_Chapter_08/Moodify_Ear_v1_Chapter_08.md,UNMAPPED,UNVERIFIED
REQ-00709,EAR1-C08-0154,8,measurement,,Moodify_Ear_v1_Chapter_08_Package/Moodify_Ear_v1_Chapter_08/Moodify_Ear_v1_Chapter_08.md,UNMAPPED,UNVERIFIED
REQ-00710,EAR1-C08-0157,8,verification,,Moodify_Ear_v1_Chapter_08_Package/Moodify_Ear_v1_Chapter_08/Moodify_Ear_v1_Chapter_08.md,UNMAPPED,UNVERIFIED
REQ-00711,EAR1-C08-0159,8,verification,,Moodify_Ear_v1_Chapter_08_Package/Moodify_Ear_v1_Chapter_08/Moodify_Ear_v1_Chapter_08.md,UNMAPPED,UNVERIFIED
REQ-00712,EAR1-C08-0161,8,verification,,Moodify_Ear_v1_Chapter_08_Package/Moodify_Ear_v1_Chapter_08/Moodify_Ear_v1_Chapter_08.md,UNMAPPED,UNVERIFIED
REQ-00713,EAR1-C08-0162,8,measurement;evidence;verification;human_authority,,Moodify_Ear_v1_Chapter_08_Package/Moodify_Ear_v1_Chapter_08/Moodify_Ear_v1_Chapter_08.md,UNMAPPED,UNVERIFIED
REQ-00714,EAR1-C08-0163,8,evidence;verification,,Moodify_Ear_v1_Chapter_08_Package/Moodify_Ear_v1_Chapter_08/Moodify_Ear_v1_Chapter_08.md,UNMAPPED,UNVERIFIED
REQ-00715,EAR1-C08-0172,8,verification,,Moodify_Ear_v1_Chapter_08_Package/Moodify_Ear_v1_Chapter_08/Moodify_Ear_v1_Chapter_08.md,UNMAPPED,UNVERIFIED
REQ-00716,EAR1-C08-0174,8,evidence,,Moodify_Ear_v1_Chapter_08_Package/Moodify_Ear_v1_Chapter_08/Moodify_Ear_v1_Chapter_08.md,UNMAPPED,UNVERIFIED
REQ-00717,EAR1-C08-0175,8,evidence,,Moodify_Ear_v1_Chapter_08_Package/Moodify_Ear_v1_Chapter_08/Moodify_Ear_v1_Chapter_08.md,UNMAPPED,UNVERIFIED
REQ-00718,EAR1-C08-0184,8,failure_recovery,,Moodify_Ear_v1_Chapter_08_Package/Moodify_Ear_v1_Chapter_08/Moodify_Ear_v1_Chapter_08.md,UNMAPPED,UNVERIFIED
REQ-00719,EAR1-C08-0185,8,measurement,,Moodify_Ear_v1_Chapter_08_Package/Moodify_Ear_v1_Chapter_08/Moodify_Ear_v1_Chapter_08.md,UNMAPPED,UNVERIFIED
REQ-00720,EAR1-C08-0186,8,evidence,,Moodify_Ear_v1_Chapter_08_Package/Moodify_Ear_v1_Chapter_08/Moodify_Ear_v1_Chapter_08.md,UNMAPPED,UNVERIFIED
REQ-00721,EAR1-C08-0188,8,evidence,,Moodify_Ear_v1_Chapter_08_Package/Moodify_Ear_v1_Chapter_08/Moodify_Ear_v1_Chapter_08.md,UNMAPPED,UNVERIFIED
REQ-00722,EAR1-C08-0191,8,evidence,,Moodify_Ear_v1_Chapter_08_Package/Moodify_Ear_v1_Chapter_08/Moodify_Ear_v1_Chapter_08.md,UNMAPPED,UNVERIFIED
REQ-00723,EAR1-C08-0192,8,evidence,,Moodify_Ear_v1_Chapter_08_Package/Moodify_Ear_v1_Chapter_08/Moodify_Ear_v1_Chapter_08.md,UNMAPPED,UNVERIFIED
REQ-00724,EAR1-C08-0193,8,evidence,,Moodify_Ear_v1_Chapter_08_Package/Moodify_Ear_v1_Chapter_08/Moodify_Ear_v1_Chapter_08.md,UNMAPPED,UNVERIFIED
REQ-00725,EAR1-C08-0194,8,measurement,COMP-001,Moodify_Ear_v1_Chapter_08_Package/Moodify_Ear_v1_Chapter_08/Moodify_Ear_v1_Chapter_08.md,UNMAPPED,UNVERIFIED
REQ-00726,EAR1-C08-0195,8,evidence,,Moodify_Ear_v1_Chapter_08_Package/Moodify_Ear_v1_Chapter_08/Moodify_Ear_v1_Chapter_08.md,UNMAPPED,UNVERIFIED
REQ-00727,EAR1-C08-0196,8,verification,,Moodify_Ear_v1_Chapter_08_Package/Moodify_Ear_v1_Chapter_08/Moodify_Ear_v1_Chapter_08.md,UNMAPPED,UNVERIFIED
REQ-00728,EAR1-C08-0209,8,verification,,Moodify_Ear_v1_Chapter_08_Package/Moodify_Ear_v1_Chapter_08/Moodify_Ear_v1_Chapter_08.md,UNMAPPED,UNVERIFIED
REQ-00729,EAR1-C08-0211,8,human_authority,,Moodify_Ear_v1_Chapter_08_Package/Moodify_Ear_v1_Chapter_08/Moodify_Ear_v1_Chapter_08.md,UNMAPPED,UNVERIFIED
REQ-00730,EAR1-C08-0226,8,verification,,Moodify_Ear_v1_Chapter_08_Package/Moodify_Ear_v1_Chapter_08/Moodify_Ear_v1_Chapter_08.md,UNMAPPED,UNVERIFIED
REQ-00731,EAR1-C08-0233,8,measurement,,Moodify_Ear_v1_Chapter_08_Package/Moodify_Ear_v1_Chapter_08/Moodify_Ear_v1_Chapter_08.md,UNMAPPED,UNVERIFIED
REQ-00732,EAR1-C09-0001,9,measurement;evidence,,Moodify_Ear_v1_Chapter_09_Package/Moodify_Ear_v1_Chapter_09/Moodify_Ear_v1_Chapter_09.md,UNMAPPED,UNVERIFIED
REQ-00733,EAR1-C09-0002,9,measurement,,Moodify_Ear_v1_Chapter_09_Package/Moodify_Ear_v1_Chapter_09/Moodify_Ear_v1_Chapter_09.md,UNMAPPED,UNVERIFIED
REQ-00734,EAR1-C09-0003,9,measurement,,Moodify_Ear_v1_Chapter_09_Package/Moodify_Ear_v1_Chapter_09/Moodify_Ear_v1_Chapter_09.md,UNMAPPED,UNVERIFIED
REQ-00735,EAR1-C09-0005,9,human_authority,,Moodify_Ear_v1_Chapter_09_Package/Moodify_Ear_v1_Chapter_09/Moodify_Ear_v1_Chapter_09.md,UNMAPPED,UNVERIFIED
REQ-00736,EAR1-C09-0006,9,evidence,,Moodify_Ear_v1_Chapter_09_Package/Moodify_Ear_v1_Chapter_09/Moodify_Ear_v1_Chapter_09.md,UNMAPPED,UNVERIFIED
REQ-00737,EAR1-C09-0007,9,measurement;evidence,,Moodify_Ear_v1_Chapter_09_Package/Moodify_Ear_v1_Chapter_09/Moodify_Ear_v1_Chapter_09.md,UNMAPPED,UNVERIFIED
REQ-00738,EAR1-C09-0010,9,evidence,,Moodify_Ear_v1_Chapter_09_Package/Moodify_Ear_v1_Chapter_09/Moodify_Ear_v1_Chapter_09.md,UNMAPPED,UNVERIFIED
REQ-00739,EAR1-C09-0011,9,measurement,,Moodify_Ear_v1_Chapter_09_Package/Moodify_Ear_v1_Chapter_09/Moodify_Ear_v1_Chapter_09.md,UNMAPPED,UNVERIFIED
REQ-00740,EAR1-C09-0012,9,measurement;evidence;human_authority,,Moodify_Ear_v1_Chapter_09_Package/Moodify_Ear_v1_Chapter_09/Moodify_Ear_v1_Chapter_09.md,UNMAPPED,UNVERIFIED
REQ-00741,EAR1-C09-0015,9,evidence,,Moodify_Ear_v1_Chapter_09_Package/Moodify_Ear_v1_Chapter_09/Moodify_Ear_v1_Chapter_09.md,UNMAPPED,UNVERIFIED
REQ-00742,EAR1-C09-0016,9,measurement;evidence,,Moodify_Ear_v1_Chapter_09_Package/Moodify_Ear_v1_Chapter_09/Moodify_Ear_v1_Chapter_09.md,UNMAPPED,UNVERIFIED
REQ-00743,EAR1-C09-0017,9,evidence,,Moodify_Ear_v1_Chapter_09_Package/Moodify_Ear_v1_Chapter_09/Moodify_Ear_v1_Chapter_09.md,UNMAPPED,UNVERIFIED
REQ-00744,EAR1-C09-0023,9,measurement,,Moodify_Ear_v1_Chapter_09_Package/Moodify_Ear_v1_Chapter_09/Moodify_Ear_v1_Chapter_09.md,UNMAPPED,UNVERIFIED
REQ-00745,EAR1-C09-0027,9,evidence,,Moodify_Ear_v1_Chapter_09_Package/Moodify_Ear_v1_Chapter_09/Moodify_Ear_v1_Chapter_09.md,UNMAPPED,UNVERIFIED
REQ-00746,EAR1-C09-0033,9,measurement;evidence,,Moodify_Ear_v1_Chapter_09_Package/Moodify_Ear_v1_Chapter_09/Moodify_Ear_v1_Chapter_09.md,UNMAPPED,UNVERIFIED
REQ-00747,EAR1-C09-0035,9,evidence,,Moodify_Ear_v1_Chapter_09_Package/Moodify_Ear_v1_Chapter_09/Moodify_Ear_v1_Chapter_09.md,UNMAPPED,UNVERIFIED
REQ-00748,EAR1-C09-0038,9,verification,,Moodify_Ear_v1_Chapter_09_Package/Moodify_Ear_v1_Chapter_09/Moodify_Ear_v1_Chapter_09.md,UNMAPPED,UNVERIFIED
REQ-00749,EAR1-C09-0039,9,measurement;evidence,,Moodify_Ear_v1_Chapter_09_Package/Moodify_Ear_v1_Chapter_09/Moodify_Ear_v1_Chapter_09.md,UNMAPPED,UNVERIFIED
REQ-00750,EAR1-C09-0043,9,measurement,,Moodify_Ear_v1_Chapter_09_Package/Moodify_Ear_v1_Chapter_09/Moodify_Ear_v1_Chapter_09.md,UNMAPPED,UNVERIFIED
REQ-00751,EAR1-C09-0045,9,evidence,,Moodify_Ear_v1_Chapter_09_Package/Moodify_Ear_v1_Chapter_09/Moodify_Ear_v1_Chapter_09.md,UNMAPPED,UNVERIFIED
REQ-00752,EAR1-C09-0046,9,evidence;human_authority,COMP-002,Moodify_Ear_v1_Chapter_09_Package/Moodify_Ear_v1_Chapter_09/Moodify_Ear_v1_Chapter_09.md,UNMAPPED,UNVERIFIED
REQ-00753,EAR1-C09-0047,9,evidence,,Moodify_Ear_v1_Chapter_09_Package/Moodify_Ear_v1_Chapter_09/Moodify_Ear_v1_Chapter_09.md,UNMAPPED,UNVERIFIED
REQ-00754,EAR1-C09-0049,9,measurement,,Moodify_Ear_v1_Chapter_09_Package/Moodify_Ear_v1_Chapter_09/Moodify_Ear_v1_Chapter_09.md,UNMAPPED,UNVERIFIED
REQ-00755,EAR1-C09-0050,9,measurement,,Moodify_Ear_v1_Chapter_09_Package/Moodify_Ear_v1_Chapter_09/Moodify_Ear_v1_Chapter_09.md,UNMAPPED,UNVERIFIED
REQ-00756,EAR1-C09-0051,9,measurement,,Moodify_Ear_v1_Chapter_09_Package/Moodify_Ear_v1_Chapter_09/Moodify_Ear_v1_Chapter_09.md,UNMAPPED,UNVERIFIED
REQ-00757,EAR1-C09-0053,9,measurement,,Moodify_Ear_v1_Chapter_09_Package/Moodify_Ear_v1_Chapter_09/Moodify_Ear_v1_Chapter_09.md,UNMAPPED,UNVERIFIED
REQ-00758,EAR1-C09-0055,9,measurement;failure_recovery,,Moodify_Ear_v1_Chapter_09_Package/Moodify_Ear_v1_Chapter_09/Moodify_Ear_v1_Chapter_09.md,UNMAPPED,UNVERIFIED
REQ-00759,EAR1-C09-0056,9,measurement,,Moodify_Ear_v1_Chapter_09_Package/Moodify_Ear_v1_Chapter_09/Moodify_Ear_v1_Chapter_09.md,UNMAPPED,UNVERIFIED
REQ-00760,EAR1-C09-0058,9,measurement;evidence;human_authority,,Moodify_Ear_v1_Chapter_09_Package/Moodify_Ear_v1_Chapter_09/Moodify_Ear_v1_Chapter_09.md,UNMAPPED,UNVERIFIED
REQ-00761,EAR1-C09-0060,9,measurement,,Moodify_Ear_v1_Chapter_09_Package/Moodify_Ear_v1_Chapter_09/Moodify_Ear_v1_Chapter_09.md,UNMAPPED,UNVERIFIED
REQ-00762,EAR1-C09-0062,9,measurement;human_authority,,Moodify_Ear_v1_Chapter_09_Package/Moodify_Ear_v1_Chapter_09/Moodify_Ear_v1_Chapter_09.md,UNMAPPED,UNVERIFIED
REQ-00763,EAR1-C09-0067,9,verification,,Moodify_Ear_v1_Chapter_09_Package/Moodify_Ear_v1_Chapter_09/Moodify_Ear_v1_Chapter_09.md,UNMAPPED,UNVERIFIED
REQ-00764,EAR1-C09-0070,9,verification,,Moodify_Ear_v1_Chapter_09_Package/Moodify_Ear_v1_Chapter_09/Moodify_Ear_v1_Chapter_09.md,UNMAPPED,UNVERIFIED
REQ-00765,EAR1-C09-0073,9,verification,,Moodify_Ear_v1_Chapter_09_Package/Moodify_Ear_v1_Chapter_09/Moodify_Ear_v1_Chapter_09.md,UNMAPPED,UNVERIFIED
REQ-00766,EAR1-C09-0074,9,evidence,,Moodify_Ear_v1_Chapter_09_Package/Moodify_Ear_v1_Chapter_09/Moodify_Ear_v1_Chapter_09.md,UNMAPPED,UNVERIFIED
REQ-00767,EAR1-C09-0076,9,measurement,,Moodify_Ear_v1_Chapter_09_Package/Moodify_Ear_v1_Chapter_09/Moodify_Ear_v1_Chapter_09.md,UNMAPPED,UNVERIFIED
REQ-00768,EAR1-C09-0077,9,measurement;evidence;failure_recovery,,Moodify_Ear_v1_Chapter_09_Package/Moodify_Ear_v1_Chapter_09/Moodify_Ear_v1_Chapter_09.md,UNMAPPED,UNVERIFIED
REQ-00769,EAR1-C09-0078,9,evidence,,Moodify_Ear_v1_Chapter_09_Package/Moodify_Ear_v1_Chapter_09/Moodify_Ear_v1_Chapter_09.md,UNMAPPED,UNVERIFIED
REQ-00770,EAR1-C09-0081,9,measurement,,Moodify_Ear_v1_Chapter_09_Package/Moodify_Ear_v1_Chapter_09/Moodify_Ear_v1_Chapter_09.md,UNMAPPED,UNVERIFIED
REQ-00771,EAR1-C09-0086,9,measurement;verification,,Moodify_Ear_v1_Chapter_09_Package/Moodify_Ear_v1_Chapter_09/Moodify_Ear_v1_Chapter_09.md,UNMAPPED,UNVERIFIED
REQ-00772,EAR1-C09-0088,9,evidence,,Moodify_Ear_v1_Chapter_09_Package/Moodify_Ear_v1_Chapter_09/Moodify_Ear_v1_Chapter_09.md,UNMAPPED,UNVERIFIED
REQ-00773,EAR1-C09-0089,9,measurement,,Moodify_Ear_v1_Chapter_09_Package/Moodify_Ear_v1_Chapter_09/Moodify_Ear_v1_Chapter_09.md,UNMAPPED,UNVERIFIED
REQ-00774,EAR1-C09-0090,9,measurement,,Moodify_Ear_v1_Chapter_09_Package/Moodify_Ear_v1_Chapter_09/Moodify_Ear_v1_Chapter_09.md,UNMAPPED,UNVERIFIED
REQ-00775,EAR1-C09-0094,9,evidence,,Moodify_Ear_v1_Chapter_09_Package/Moodify_Ear_v1_Chapter_09/Moodify_Ear_v1_Chapter_09.md,UNMAPPED,UNVERIFIED
REQ-00776,EAR1-C09-0095,9,evidence,,Moodify_Ear_v1_Chapter_09_Package/Moodify_Ear_v1_Chapter_09/Moodify_Ear_v1_Chapter_09.md,UNMAPPED,UNVERIFIED
REQ-00777,EAR1-C09-0096,9,evidence,COMP-002,Moodify_Ear_v1_Chapter_09_Package/Moodify_Ear_v1_Chapter_09/Moodify_Ear_v1_Chapter_09.md,UNMAPPED,UNVERIFIED
REQ-00778,EAR1-C09-0097,9,measurement,,Moodify_Ear_v1_Chapter_09_Package/Moodify_Ear_v1_Chapter_09/Moodify_Ear_v1_Chapter_09.md,UNMAPPED,UNVERIFIED
REQ-00779,EAR1-C09-0098,9,measurement,,Moodify_Ear_v1_Chapter_09_Package/Moodify_Ear_v1_Chapter_09/Moodify_Ear_v1_Chapter_09.md,UNMAPPED,UNVERIFIED
REQ-00780,EAR1-C09-0100,9,measurement,,Moodify_Ear_v1_Chapter_09_Package/Moodify_Ear_v1_Chapter_09/Moodify_Ear_v1_Chapter_09.md,UNMAPPED,UNVERIFIED
REQ-00781,EAR1-C09-0102,9,evidence,,Moodify_Ear_v1_Chapter_09_Package/Moodify_Ear_v1_Chapter_09/Moodify_Ear_v1_Chapter_09.md,UNMAPPED,UNVERIFIED
REQ-00782,EAR1-C09-0107,9,verification,,Moodify_Ear_v1_Chapter_09_Package/Moodify_Ear_v1_Chapter_09/Moodify_Ear_v1_Chapter_09.md,UNMAPPED,UNVERIFIED
REQ-00783,EAR1-C09-0108,9,evidence,,Moodify_Ear_v1_Chapter_09_Package/Moodify_Ear_v1_Chapter_09/Moodify_Ear_v1_Chapter_09.md,UNMAPPED,UNVERIFIED
REQ-00784,EAR1-C09-0109,9,measurement;human_authority,,Moodify_Ear_v1_Chapter_09_Package/Moodify_Ear_v1_Chapter_09/Moodify_Ear_v1_Chapter_09.md,UNMAPPED,UNVERIFIED
REQ-00785,EAR1-C09-0115,9,evidence;human_authority,,Moodify_Ear_v1_Chapter_09_Package/Moodify_Ear_v1_Chapter_09/Moodify_Ear_v1_Chapter_09.md,UNMAPPED,UNVERIFIED
REQ-00786,EAR1-C09-0116,9,evidence,,Moodify_Ear_v1_Chapter_09_Package/Moodify_Ear_v1_Chapter_09/Moodify_Ear_v1_Chapter_09.md,UNMAPPED,UNVERIFIED
REQ-00787,EAR1-C09-0118,9,measurement;evidence;verification,,Moodify_Ear_v1_Chapter_09_Package/Moodify_Ear_v1_Chapter_09/Moodify_Ear_v1_Chapter_09.md,UNMAPPED,UNVERIFIED
REQ-00788,EAR1-C09-0120,9,verification,,Moodify_Ear_v1_Chapter_09_Package/Moodify_Ear_v1_Chapter_09/Moodify_Ear_v1_Chapter_09.md,UNMAPPED,UNVERIFIED
REQ-00789,EAR1-C09-0123,9,evidence;verification,,Moodify_Ear_v1_Chapter_09_Package/Moodify_Ear_v1_Chapter_09/Moodify_Ear_v1_Chapter_09.md,UNMAPPED,UNVERIFIED
REQ-00790,EAR1-C09-0124,9,measurement;evidence;verification,,Moodify_Ear_v1_Chapter_09_Package/Moodify_Ear_v1_Chapter_09/Moodify_Ear_v1_Chapter_09.md,UNMAPPED,UNVERIFIED
REQ-00791,EAR1-C09-0125,9,measurement,,Moodify_Ear_v1_Chapter_09_Package/Moodify_Ear_v1_Chapter_09/Moodify_Ear_v1_Chapter_09.md,UNMAPPED,UNVERIFIED
REQ-00792,EAR1-C09-0126,9,evidence,,Moodify_Ear_v1_Chapter_09_Package/Moodify_Ear_v1_Chapter_09/Moodify_Ear_v1_Chapter_09.md,UNMAPPED,UNVERIFIED
REQ-00793,EAR1-C09-0127,9,evidence,,Moodify_Ear_v1_Chapter_09_Package/Moodify_Ear_v1_Chapter_09/Moodify_Ear_v1_Chapter_09.md,UNMAPPED,UNVERIFIED
REQ-00794,EAR1-C09-0128,9,measurement;evidence;failure_recovery,,Moodify_Ear_v1_Chapter_09_Package/Moodify_Ear_v1_Chapter_09/Moodify_Ear_v1_Chapter_09.md,UNMAPPED,UNVERIFIED
REQ-00795,EAR1-C09-0129,9,evidence,,Moodify_Ear_v1_Chapter_09_Package/Moodify_Ear_v1_Chapter_09/Moodify_Ear_v1_Chapter_09.md,UNMAPPED,UNVERIFIED
REQ-00796,EAR1-C09-0131,9,measurement;evidence;human_authority,,Moodify_Ear_v1_Chapter_09_Package/Moodify_Ear_v1_Chapter_09/Moodify_Ear_v1_Chapter_09.md,UNMAPPED,UNVERIFIED
REQ-00797,EAR1-C09-0132,9,evidence,,Moodify_Ear_v1_Chapter_09_Package/Moodify_Ear_v1_Chapter_09/Moodify_Ear_v1_Chapter_09.md,UNMAPPED,UNVERIFIED
REQ-00798,EAR1-C09-0135,9,evidence;human_authority,,Moodify_Ear_v1_Chapter_09_Package/Moodify_Ear_v1_Chapter_09/Moodify_Ear_v1_Chapter_09.md,UNMAPPED,UNVERIFIED
REQ-00799,EAR1-C09-0136,9,verification,,Moodify_Ear_v1_Chapter_09_Package/Moodify_Ear_v1_Chapter_09/Moodify_Ear_v1_Chapter_09.md,UNMAPPED,UNVERIFIED
REQ-00800,EAR1-C09-0137,9,verification,,Moodify_Ear_v1_Chapter_09_Package/Moodify_Ear_v1_Chapter_09/Moodify_Ear_v1_Chapter_09.md,UNMAPPED,UNVERIFIED
REQ-00801,EAR1-C09-0138,9,evidence,,Moodify_Ear_v1_Chapter_09_Package/Moodify_Ear_v1_Chapter_09/Moodify_Ear_v1_Chapter_09.md,UNMAPPED,UNVERIFIED
REQ-00802,EAR1-C09-0139,9,verification,COMP-011,Moodify_Ear_v1_Chapter_09_Package/Moodify_Ear_v1_Chapter_09/Moodify_Ear_v1_Chapter_09.md,UNMAPPED,UNVERIFIED
REQ-00803,EAR1-C09-0140,9,verification,,Moodify_Ear_v1_Chapter_09_Package/Moodify_Ear_v1_Chapter_09/Moodify_Ear_v1_Chapter_09.md,UNMAPPED,UNVERIFIED
REQ-00804,EAR1-C09-0141,9,measurement;evidence,,Moodify_Ear_v1_Chapter_09_Package/Moodify_Ear_v1_Chapter_09/Moodify_Ear_v1_Chapter_09.md,UNMAPPED,UNVERIFIED
REQ-00805,EAR1-C09-0142,9,verification,,Moodify_Ear_v1_Chapter_09_Package/Moodify_Ear_v1_Chapter_09/Moodify_Ear_v1_Chapter_09.md,UNMAPPED,UNVERIFIED
REQ-00806,EAR1-C09-0144,9,measurement,,Moodify_Ear_v1_Chapter_09_Package/Moodify_Ear_v1_Chapter_09/Moodify_Ear_v1_Chapter_09.md,UNMAPPED,UNVERIFIED
REQ-00807,EAR1-C09-0146,9,verification,,Moodify_Ear_v1_Chapter_09_Package/Moodify_Ear_v1_Chapter_09/Moodify_Ear_v1_Chapter_09.md,UNMAPPED,UNVERIFIED
REQ-00808,EAR1-C09-0152,9,evidence;verification,,Moodify_Ear_v1_Chapter_09_Package/Moodify_Ear_v1_Chapter_09/Moodify_Ear_v1_Chapter_09.md,UNMAPPED,UNVERIFIED
REQ-00809,EAR1-C09-0153,9,human_authority,COMP-002;COMP-006,Moodify_Ear_v1_Chapter_09_Package/Moodify_Ear_v1_Chapter_09/Moodify_Ear_v1_Chapter_09.md,UNMAPPED,UNVERIFIED
REQ-00810,EAR1-C09-0154,9,measurement;evidence,,Moodify_Ear_v1_Chapter_09_Package/Moodify_Ear_v1_Chapter_09/Moodify_Ear_v1_Chapter_09.md,UNMAPPED,UNVERIFIED
REQ-00811,EAR1-C09-0155,9,evidence,,Moodify_Ear_v1_Chapter_09_Package/Moodify_Ear_v1_Chapter_09/Moodify_Ear_v1_Chapter_09.md,UNMAPPED,UNVERIFIED
REQ-00812,EAR1-C09-0156,9,measurement,,Moodify_Ear_v1_Chapter_09_Package/Moodify_Ear_v1_Chapter_09/Moodify_Ear_v1_Chapter_09.md,UNMAPPED,UNVERIFIED
REQ-00813,EAR1-C09-0157,9,measurement,,Moodify_Ear_v1_Chapter_09_Package/Moodify_Ear_v1_Chapter_09/Moodify_Ear_v1_Chapter_09.md,UNMAPPED,UNVERIFIED
REQ-00814,EAR1-C09-0159,9,evidence,,Moodify_Ear_v1_Chapter_09_Package/Moodify_Ear_v1_Chapter_09/Moodify_Ear_v1_Chapter_09.md,UNMAPPED,UNVERIFIED
REQ-00815,EAR1-C09-0160,9,measurement,,Moodify_Ear_v1_Chapter_09_Package/Moodify_Ear_v1_Chapter_09/Moodify_Ear_v1_Chapter_09.md,UNMAPPED,UNVERIFIED
REQ-00816,EAR1-C09-0161,9,measurement,,Moodify_Ear_v1_Chapter_09_Package/Moodify_Ear_v1_Chapter_09/Moodify_Ear_v1_Chapter_09.md,UNMAPPED,UNVERIFIED
REQ-00817,EAR1-C09-0165,9,evidence,,Moodify_Ear_v1_Chapter_09_Package/Moodify_Ear_v1_Chapter_09/Moodify_Ear_v1_Chapter_09.md,UNMAPPED,UNVERIFIED
REQ-00818,EAR1-C09-0168,9,verification,,Moodify_Ear_v1_Chapter_09_Package/Moodify_Ear_v1_Chapter_09/Moodify_Ear_v1_Chapter_09.md,UNMAPPED,UNVERIFIED
REQ-00819,EAR1-C09-0172,9,measurement;evidence,,Moodify_Ear_v1_Chapter_09_Package/Moodify_Ear_v1_Chapter_09/Moodify_Ear_v1_Chapter_09.md,UNMAPPED,UNVERIFIED
REQ-00820,EAR1-C09-0180,9,measurement,,Moodify_Ear_v1_Chapter_09_Package/Moodify_Ear_v1_Chapter_09/Moodify_Ear_v1_Chapter_09.md,UNMAPPED,UNVERIFIED
REQ-00821,EAR1-C09-0198,9,measurement,,Moodify_Ear_v1_Chapter_09_Package/Moodify_Ear_v1_Chapter_09/Moodify_Ear_v1_Chapter_09.md,UNMAPPED,UNVERIFIED
REQ-00822,EAR1-C09-0200,9,measurement,,Moodify_Ear_v1_Chapter_09_Package/Moodify_Ear_v1_Chapter_09/Moodify_Ear_v1_Chapter_09.md,UNMAPPED,UNVERIFIED
REQ-00823,EAR1-C09-0202,9,human_authority,,Moodify_Ear_v1_Chapter_09_Package/Moodify_Ear_v1_Chapter_09/Moodify_Ear_v1_Chapter_09.md,UNMAPPED,UNVERIFIED
REQ-00824,EAR1-C09-0206,9,verification,,Moodify_Ear_v1_Chapter_09_Package/Moodify_Ear_v1_Chapter_09/Moodify_Ear_v1_Chapter_09.md,UNMAPPED,UNVERIFIED
REQ-00825,EAR1-C10-0001,10,measurement,,Moodify_Ear_v1_Chapter_10_Package/Moodify_Ear_v1_Chapter_10/Moodify_Ear_v1_Chapter_10.md,UNMAPPED,UNVERIFIED
REQ-00826,EAR1-C10-0003,10,evidence,,Moodify_Ear_v1_Chapter_10_Package/Moodify_Ear_v1_Chapter_10/Moodify_Ear_v1_Chapter_10.md,UNMAPPED,UNVERIFIED
REQ-00827,EAR1-C10-0006,10,measurement,,Moodify_Ear_v1_Chapter_10_Package/Moodify_Ear_v1_Chapter_10/Moodify_Ear_v1_Chapter_10.md,UNMAPPED,UNVERIFIED
REQ-00828,EAR1-C10-0007,10,measurement,,Moodify_Ear_v1_Chapter_10_Package/Moodify_Ear_v1_Chapter_10/Moodify_Ear_v1_Chapter_10.md,UNMAPPED,UNVERIFIED
REQ-00829,EAR1-C10-0008,10,evidence,,Moodify_Ear_v1_Chapter_10_Package/Moodify_Ear_v1_Chapter_10/Moodify_Ear_v1_Chapter_10.md,UNMAPPED,UNVERIFIED
REQ-00830,EAR1-C10-0009,10,evidence,,Moodify_Ear_v1_Chapter_10_Package/Moodify_Ear_v1_Chapter_10/Moodify_Ear_v1_Chapter_10.md,UNMAPPED,UNVERIFIED
REQ-00831,EAR1-C10-0010,10,measurement,,Moodify_Ear_v1_Chapter_10_Package/Moodify_Ear_v1_Chapter_10/Moodify_Ear_v1_Chapter_10.md,UNMAPPED,UNVERIFIED
REQ-00832,EAR1-C10-0012,10,measurement,,Moodify_Ear_v1_Chapter_10_Package/Moodify_Ear_v1_Chapter_10/Moodify_Ear_v1_Chapter_10.md,UNMAPPED,UNVERIFIED
REQ-00833,EAR1-C10-0014,10,measurement,,Moodify_Ear_v1_Chapter_10_Package/Moodify_Ear_v1_Chapter_10/Moodify_Ear_v1_Chapter_10.md,UNMAPPED,UNVERIFIED
REQ-00834,EAR1-C10-0015,10,measurement,,Moodify_Ear_v1_Chapter_10_Package/Moodify_Ear_v1_Chapter_10/Moodify_Ear_v1_Chapter_10.md,UNMAPPED,UNVERIFIED
REQ-00835,EAR1-C10-0016,10,measurement,COMP-002,Moodify_Ear_v1_Chapter_10_Package/Moodify_Ear_v1_Chapter_10/Moodify_Ear_v1_Chapter_10.md,UNMAPPED,UNVERIFIED
REQ-00836,EAR1-C10-0017,10,measurement;evidence;verification,,Moodify_Ear_v1_Chapter_10_Package/Moodify_Ear_v1_Chapter_10/Moodify_Ear_v1_Chapter_10.md,UNMAPPED,UNVERIFIED
REQ-00837,EAR1-C10-0019,10,measurement,,Moodify_Ear_v1_Chapter_10_Package/Moodify_Ear_v1_Chapter_10/Moodify_Ear_v1_Chapter_10.md,UNMAPPED,UNVERIFIED
REQ-00838,EAR1-C10-0020,10,measurement;verification,,Moodify_Ear_v1_Chapter_10_Package/Moodify_Ear_v1_Chapter_10/Moodify_Ear_v1_Chapter_10.md,UNMAPPED,UNVERIFIED
REQ-00839,EAR1-C10-0022,10,measurement,,Moodify_Ear_v1_Chapter_10_Package/Moodify_Ear_v1_Chapter_10/Moodify_Ear_v1_Chapter_10.md,UNMAPPED,UNVERIFIED
REQ-00840,EAR1-C10-0023,10,measurement;evidence,,Moodify_Ear_v1_Chapter_10_Package/Moodify_Ear_v1_Chapter_10/Moodify_Ear_v1_Chapter_10.md,UNMAPPED,UNVERIFIED
REQ-00841,EAR1-C10-0024,10,measurement;evidence;failure_recovery,,Moodify_Ear_v1_Chapter_10_Package/Moodify_Ear_v1_Chapter_10/Moodify_Ear_v1_Chapter_10.md,UNMAPPED,UNVERIFIED
REQ-00842,EAR1-C10-0025,10,measurement,,Moodify_Ear_v1_Chapter_10_Package/Moodify_Ear_v1_Chapter_10/Moodify_Ear_v1_Chapter_10.md,UNMAPPED,UNVERIFIED
REQ-00843,EAR1-C10-0026,10,measurement;evidence,,Moodify_Ear_v1_Chapter_10_Package/Moodify_Ear_v1_Chapter_10/Moodify_Ear_v1_Chapter_10.md,UNMAPPED,UNVERIFIED
REQ-00844,EAR1-C10-0031,10,measurement;verification,,Moodify_Ear_v1_Chapter_10_Package/Moodify_Ear_v1_Chapter_10/Moodify_Ear_v1_Chapter_10.md,UNMAPPED,UNVERIFIED
REQ-00845,EAR1-C10-0032,10,measurement,,Moodify_Ear_v1_Chapter_10_Package/Moodify_Ear_v1_Chapter_10/Moodify_Ear_v1_Chapter_10.md,UNMAPPED,UNVERIFIED
REQ-00846,EAR1-C10-0034,10,measurement;evidence,,Moodify_Ear_v1_Chapter_10_Package/Moodify_Ear_v1_Chapter_10/Moodify_Ear_v1_Chapter_10.md,UNMAPPED,UNVERIFIED
REQ-00847,EAR1-C10-0036,10,measurement,,Moodify_Ear_v1_Chapter_10_Package/Moodify_Ear_v1_Chapter_10/Moodify_Ear_v1_Chapter_10.md,UNMAPPED,UNVERIFIED
REQ-00848,EAR1-C10-0039,10,measurement,,Moodify_Ear_v1_Chapter_10_Package/Moodify_Ear_v1_Chapter_10/Moodify_Ear_v1_Chapter_10.md,UNMAPPED,UNVERIFIED
REQ-00849,EAR1-C10-0040,10,measurement,,Moodify_Ear_v1_Chapter_10_Package/Moodify_Ear_v1_Chapter_10/Moodify_Ear_v1_Chapter_10.md,UNMAPPED,UNVERIFIED
REQ-00850,EAR1-C10-0041,10,measurement;verification,,Moodify_Ear_v1_Chapter_10_Package/Moodify_Ear_v1_Chapter_10/Moodify_Ear_v1_Chapter_10.md,UNMAPPED,UNVERIFIED
REQ-00851,EAR1-C10-0042,10,measurement;failure_recovery,,Moodify_Ear_v1_Chapter_10_Package/Moodify_Ear_v1_Chapter_10/Moodify_Ear_v1_Chapter_10.md,UNMAPPED,UNVERIFIED
REQ-00852,EAR1-C10-0043,10,measurement;failure_recovery,,Moodify_Ear_v1_Chapter_10_Package/Moodify_Ear_v1_Chapter_10/Moodify_Ear_v1_Chapter_10.md,UNMAPPED,UNVERIFIED
REQ-00853,EAR1-C10-0050,10,evidence;verification,,Moodify_Ear_v1_Chapter_10_Package/Moodify_Ear_v1_Chapter_10/Moodify_Ear_v1_Chapter_10.md,UNMAPPED,UNVERIFIED
REQ-00854,EAR1-C10-0055,10,measurement,,Moodify_Ear_v1_Chapter_10_Package/Moodify_Ear_v1_Chapter_10/Moodify_Ear_v1_Chapter_10.md,UNMAPPED,UNVERIFIED
REQ-00855,EAR1-C10-0056,10,evidence,,Moodify_Ear_v1_Chapter_10_Package/Moodify_Ear_v1_Chapter_10/Moodify_Ear_v1_Chapter_10.md,UNMAPPED,UNVERIFIED
REQ-00856,EAR1-C10-0058,10,failure_recovery,,Moodify_Ear_v1_Chapter_10_Package/Moodify_Ear_v1_Chapter_10/Moodify_Ear_v1_Chapter_10.md,UNMAPPED,UNVERIFIED
REQ-00857,EAR1-C10-0062,10,measurement,,Moodify_Ear_v1_Chapter_10_Package/Moodify_Ear_v1_Chapter_10/Moodify_Ear_v1_Chapter_10.md,UNMAPPED,UNVERIFIED
REQ-00858,EAR1-C10-0067,10,measurement,,Moodify_Ear_v1_Chapter_10_Package/Moodify_Ear_v1_Chapter_10/Moodify_Ear_v1_Chapter_10.md,UNMAPPED,UNVERIFIED
REQ-00859,EAR1-C10-0069,10,evidence,,Moodify_Ear_v1_Chapter_10_Package/Moodify_Ear_v1_Chapter_10/Moodify_Ear_v1_Chapter_10.md,UNMAPPED,UNVERIFIED
REQ-00860,EAR1-C10-0070,10,evidence;failure_recovery,,Moodify_Ear_v1_Chapter_10_Package/Moodify_Ear_v1_Chapter_10/Moodify_Ear_v1_Chapter_10.md,UNMAPPED,UNVERIFIED
REQ-00861,EAR1-C10-0071,10,measurement;evidence,,Moodify_Ear_v1_Chapter_10_Package/Moodify_Ear_v1_Chapter_10/Moodify_Ear_v1_Chapter_10.md,UNMAPPED,UNVERIFIED
REQ-00862,EAR1-C10-0078,10,measurement,,Moodify_Ear_v1_Chapter_10_Package/Moodify_Ear_v1_Chapter_10/Moodify_Ear_v1_Chapter_10.md,UNMAPPED,UNVERIFIED
REQ-00863,EAR1-C10-0079,10,evidence,,Moodify_Ear_v1_Chapter_10_Package/Moodify_Ear_v1_Chapter_10/Moodify_Ear_v1_Chapter_10.md,UNMAPPED,UNVERIFIED
REQ-00864,EAR1-C10-0081,10,evidence;verification;human_authority,,Moodify_Ear_v1_Chapter_10_Package/Moodify_Ear_v1_Chapter_10/Moodify_Ear_v1_Chapter_10.md,UNMAPPED,UNVERIFIED
REQ-00865,EAR1-C10-0082,10,evidence,,Moodify_Ear_v1_Chapter_10_Package/Moodify_Ear_v1_Chapter_10/Moodify_Ear_v1_Chapter_10.md,UNMAPPED,UNVERIFIED
REQ-00866,EAR1-C10-0083,10,measurement,,Moodify_Ear_v1_Chapter_10_Package/Moodify_Ear_v1_Chapter_10/Moodify_Ear_v1_Chapter_10.md,UNMAPPED,UNVERIFIED
REQ-00867,EAR1-C10-0085,10,evidence,,Moodify_Ear_v1_Chapter_10_Package/Moodify_Ear_v1_Chapter_10/Moodify_Ear_v1_Chapter_10.md,UNMAPPED,UNVERIFIED
REQ-00868,EAR1-C10-0086,10,evidence,,Moodify_Ear_v1_Chapter_10_Package/Moodify_Ear_v1_Chapter_10/Moodify_Ear_v1_Chapter_10.md,UNMAPPED,UNVERIFIED
REQ-00869,EAR1-C10-0087,10,measurement,,Moodify_Ear_v1_Chapter_10_Package/Moodify_Ear_v1_Chapter_10/Moodify_Ear_v1_Chapter_10.md,UNMAPPED,UNVERIFIED
REQ-00870,EAR1-C10-0090,10,measurement;evidence,,Moodify_Ear_v1_Chapter_10_Package/Moodify_Ear_v1_Chapter_10/Moodify_Ear_v1_Chapter_10.md,UNMAPPED,UNVERIFIED
REQ-00871,EAR1-C10-0091,10,measurement,,Moodify_Ear_v1_Chapter_10_Package/Moodify_Ear_v1_Chapter_10/Moodify_Ear_v1_Chapter_10.md,UNMAPPED,UNVERIFIED
REQ-00872,EAR1-C10-0092,10,measurement,,Moodify_Ear_v1_Chapter_10_Package/Moodify_Ear_v1_Chapter_10/Moodify_Ear_v1_Chapter_10.md,UNMAPPED,UNVERIFIED
REQ-00873,EAR1-C10-0094,10,measurement;evidence,,Moodify_Ear_v1_Chapter_10_Package/Moodify_Ear_v1_Chapter_10/Moodify_Ear_v1_Chapter_10.md,UNMAPPED,UNVERIFIED
REQ-00874,EAR1-C10-0096,10,measurement,,Moodify_Ear_v1_Chapter_10_Package/Moodify_Ear_v1_Chapter_10/Moodify_Ear_v1_Chapter_10.md,UNMAPPED,UNVERIFIED
REQ-00875,EAR1-C10-0097,10,verification,,Moodify_Ear_v1_Chapter_10_Package/Moodify_Ear_v1_Chapter_10/Moodify_Ear_v1_Chapter_10.md,UNMAPPED,UNVERIFIED
REQ-00876,EAR1-C10-0107,10,verification,,Moodify_Ear_v1_Chapter_10_Package/Moodify_Ear_v1_Chapter_10/Moodify_Ear_v1_Chapter_10.md,UNMAPPED,UNVERIFIED
REQ-00877,EAR1-C10-0110,10,failure_recovery,,Moodify_Ear_v1_Chapter_10_Package/Moodify_Ear_v1_Chapter_10/Moodify_Ear_v1_Chapter_10.md,UNMAPPED,UNVERIFIED
REQ-00878,EAR1-C10-0111,10,measurement,,Moodify_Ear_v1_Chapter_10_Package/Moodify_Ear_v1_Chapter_10/Moodify_Ear_v1_Chapter_10.md,UNMAPPED,UNVERIFIED
REQ-00879,EAR1-C10-0112,10,failure_recovery,,Moodify_Ear_v1_Chapter_10_Package/Moodify_Ear_v1_Chapter_10/Moodify_Ear_v1_Chapter_10.md,UNMAPPED,UNVERIFIED
REQ-00880,EAR1-C10-0114,10,measurement;evidence;failure_recovery;human_authority,,Moodify_Ear_v1_Chapter_10_Package/Moodify_Ear_v1_Chapter_10/Moodify_Ear_v1_Chapter_10.md,UNMAPPED,UNVERIFIED
REQ-00881,EAR1-C10-0115,10,evidence;failure_recovery,,Moodify_Ear_v1_Chapter_10_Package/Moodify_Ear_v1_Chapter_10/Moodify_Ear_v1_Chapter_10.md,UNMAPPED,UNVERIFIED
REQ-00882,EAR1-C10-0116,10,measurement,,Moodify_Ear_v1_Chapter_10_Package/Moodify_Ear_v1_Chapter_10/Moodify_Ear_v1_Chapter_10.md,UNMAPPED,UNVERIFIED
REQ-00883,EAR1-C10-0117,10,evidence;human_authority,,Moodify_Ear_v1_Chapter_10_Package/Moodify_Ear_v1_Chapter_10/Moodify_Ear_v1_Chapter_10.md,UNMAPPED,UNVERIFIED
REQ-00884,EAR1-C10-0118,10,evidence,,Moodify_Ear_v1_Chapter_10_Package/Moodify_Ear_v1_Chapter_10/Moodify_Ear_v1_Chapter_10.md,UNMAPPED,UNVERIFIED
REQ-00885,EAR1-C10-0124,10,human_authority,,Moodify_Ear_v1_Chapter_10_Package/Moodify_Ear_v1_Chapter_10/Moodify_Ear_v1_Chapter_10.md,UNMAPPED,UNVERIFIED
REQ-00886,EAR1-C10-0125,10,measurement,,Moodify_Ear_v1_Chapter_10_Package/Moodify_Ear_v1_Chapter_10/Moodify_Ear_v1_Chapter_10.md,UNMAPPED,UNVERIFIED
REQ-00887,EAR1-C10-0127,10,evidence;human_authority,,Moodify_Ear_v1_Chapter_10_Package/Moodify_Ear_v1_Chapter_10/Moodify_Ear_v1_Chapter_10.md,UNMAPPED,UNVERIFIED
REQ-00888,EAR1-C10-0128,10,human_authority,,Moodify_Ear_v1_Chapter_10_Package/Moodify_Ear_v1_Chapter_10/Moodify_Ear_v1_Chapter_10.md,UNMAPPED,UNVERIFIED
REQ-00889,EAR1-C10-0129,10,human_authority,,Moodify_Ear_v1_Chapter_10_Package/Moodify_Ear_v1_Chapter_10/Moodify_Ear_v1_Chapter_10.md,UNMAPPED,UNVERIFIED
REQ-00890,EAR1-C10-0130,10,human_authority,,Moodify_Ear_v1_Chapter_10_Package/Moodify_Ear_v1_Chapter_10/Moodify_Ear_v1_Chapter_10.md,UNMAPPED,UNVERIFIED
REQ-00891,EAR1-C10-0134,10,verification;human_authority,,Moodify_Ear_v1_Chapter_10_Package/Moodify_Ear_v1_Chapter_10/Moodify_Ear_v1_Chapter_10.md,UNMAPPED,UNVERIFIED
REQ-00892,EAR1-C10-0135,10,measurement,,Moodify_Ear_v1_Chapter_10_Package/Moodify_Ear_v1_Chapter_10/Moodify_Ear_v1_Chapter_10.md,UNMAPPED,UNVERIFIED
REQ-00893,EAR1-C10-0136,10,measurement;evidence,,Moodify_Ear_v1_Chapter_10_Package/Moodify_Ear_v1_Chapter_10/Moodify_Ear_v1_Chapter_10.md,UNMAPPED,UNVERIFIED
REQ-00894,EAR1-C10-0138,10,measurement,,Moodify_Ear_v1_Chapter_10_Package/Moodify_Ear_v1_Chapter_10/Moodify_Ear_v1_Chapter_10.md,UNMAPPED,UNVERIFIED
REQ-00895,EAR1-C10-0139,10,measurement;evidence,,Moodify_Ear_v1_Chapter_10_Package/Moodify_Ear_v1_Chapter_10/Moodify_Ear_v1_Chapter_10.md,UNMAPPED,UNVERIFIED
REQ-00896,EAR1-C10-0140,10,measurement,,Moodify_Ear_v1_Chapter_10_Package/Moodify_Ear_v1_Chapter_10/Moodify_Ear_v1_Chapter_10.md,UNMAPPED,UNVERIFIED
REQ-00897,EAR1-C10-0141,10,measurement,,Moodify_Ear_v1_Chapter_10_Package/Moodify_Ear_v1_Chapter_10/Moodify_Ear_v1_Chapter_10.md,UNMAPPED,UNVERIFIED
REQ-00898,EAR1-C10-0142,10,measurement,,Moodify_Ear_v1_Chapter_10_Package/Moodify_Ear_v1_Chapter_10/Moodify_Ear_v1_Chapter_10.md,UNMAPPED,UNVERIFIED
REQ-00899,EAR1-C10-0146,10,verification,,Moodify_Ear_v1_Chapter_10_Package/Moodify_Ear_v1_Chapter_10/Moodify_Ear_v1_Chapter_10.md,UNMAPPED,UNVERIFIED
REQ-00900,EAR1-C10-0147,10,measurement,,Moodify_Ear_v1_Chapter_10_Package/Moodify_Ear_v1_Chapter_10/Moodify_Ear_v1_Chapter_10.md,UNMAPPED,UNVERIFIED
REQ-00901,EAR1-C10-0148,10,evidence,,Moodify_Ear_v1_Chapter_10_Package/Moodify_Ear_v1_Chapter_10/Moodify_Ear_v1_Chapter_10.md,UNMAPPED,UNVERIFIED
REQ-00902,EAR1-C10-0152,10,measurement,,Moodify_Ear_v1_Chapter_10_Package/Moodify_Ear_v1_Chapter_10/Moodify_Ear_v1_Chapter_10.md,UNMAPPED,UNVERIFIED
REQ-00903,EAR1-C10-0153,10,measurement,,Moodify_Ear_v1_Chapter_10_Package/Moodify_Ear_v1_Chapter_10/Moodify_Ear_v1_Chapter_10.md,UNMAPPED,UNVERIFIED
REQ-00904,EAR1-C10-0155,10,measurement;evidence;verification,,Moodify_Ear_v1_Chapter_10_Package/Moodify_Ear_v1_Chapter_10/Moodify_Ear_v1_Chapter_10.md,UNMAPPED,UNVERIFIED
REQ-00905,EAR1-C10-0156,10,evidence,,Moodify_Ear_v1_Chapter_10_Package/Moodify_Ear_v1_Chapter_10/Moodify_Ear_v1_Chapter_10.md,UNMAPPED,UNVERIFIED
REQ-00906,EAR1-C10-0157,10,measurement;evidence;failure_recovery;human_authority,,Moodify_Ear_v1_Chapter_10_Package/Moodify_Ear_v1_Chapter_10/Moodify_Ear_v1_Chapter_10.md,UNMAPPED,UNVERIFIED
REQ-00907,EAR1-C10-0158,10,verification,,Moodify_Ear_v1_Chapter_10_Package/Moodify_Ear_v1_Chapter_10/Moodify_Ear_v1_Chapter_10.md,UNMAPPED,UNVERIFIED
REQ-00908,EAR1-C10-0160,10,measurement;evidence,,Moodify_Ear_v1_Chapter_10_Package/Moodify_Ear_v1_Chapter_10/Moodify_Ear_v1_Chapter_10.md,UNMAPPED,UNVERIFIED
REQ-00909,EAR1-C10-0161,10,measurement,,Moodify_Ear_v1_Chapter_10_Package/Moodify_Ear_v1_Chapter_10/Moodify_Ear_v1_Chapter_10.md,UNMAPPED,UNVERIFIED
REQ-00910,EAR1-C10-0163,10,measurement;verification,COMP-011,Moodify_Ear_v1_Chapter_10_Package/Moodify_Ear_v1_Chapter_10/Moodify_Ear_v1_Chapter_10.md,UNMAPPED,UNVERIFIED
REQ-00911,EAR1-C10-0164,10,failure_recovery,,Moodify_Ear_v1_Chapter_10_Package/Moodify_Ear_v1_Chapter_10/Moodify_Ear_v1_Chapter_10.md,UNMAPPED,UNVERIFIED
REQ-00912,EAR1-C10-0165,10,measurement;evidence,,Moodify_Ear_v1_Chapter_10_Package/Moodify_Ear_v1_Chapter_10/Moodify_Ear_v1_Chapter_10.md,UNMAPPED,UNVERIFIED
REQ-00913,EAR1-C10-0166,10,evidence;verification;failure_recovery,,Moodify_Ear_v1_Chapter_10_Package/Moodify_Ear_v1_Chapter_10/Moodify_Ear_v1_Chapter_10.md,UNMAPPED,UNVERIFIED
REQ-00914,EAR1-C10-0167,10,evidence,,Moodify_Ear_v1_Chapter_10_Package/Moodify_Ear_v1_Chapter_10/Moodify_Ear_v1_Chapter_10.md,UNMAPPED,UNVERIFIED
REQ-00915,EAR1-C10-0168,10,measurement;evidence,,Moodify_Ear_v1_Chapter_10_Package/Moodify_Ear_v1_Chapter_10/Moodify_Ear_v1_Chapter_10.md,UNMAPPED,UNVERIFIED
REQ-00916,EAR1-C10-0169,10,failure_recovery,,Moodify_Ear_v1_Chapter_10_Package/Moodify_Ear_v1_Chapter_10/Moodify_Ear_v1_Chapter_10.md,UNMAPPED,UNVERIFIED
REQ-00917,EAR1-C10-0170,10,measurement,,Moodify_Ear_v1_Chapter_10_Package/Moodify_Ear_v1_Chapter_10/Moodify_Ear_v1_Chapter_10.md,UNMAPPED,UNVERIFIED
REQ-00918,EAR1-C10-0171,10,measurement,,Moodify_Ear_v1_Chapter_10_Package/Moodify_Ear_v1_Chapter_10/Moodify_Ear_v1_Chapter_10.md,UNMAPPED,UNVERIFIED
REQ-00919,EAR1-C10-0172,10,measurement,,Moodify_Ear_v1_Chapter_10_Package/Moodify_Ear_v1_Chapter_10/Moodify_Ear_v1_Chapter_10.md,UNMAPPED,UNVERIFIED
REQ-00920,EAR1-C10-0173,10,measurement;evidence;failure_recovery,,Moodify_Ear_v1_Chapter_10_Package/Moodify_Ear_v1_Chapter_10/Moodify_Ear_v1_Chapter_10.md,UNMAPPED,UNVERIFIED
REQ-00921,EAR1-C10-0174,10,measurement,,Moodify_Ear_v1_Chapter_10_Package/Moodify_Ear_v1_Chapter_10/Moodify_Ear_v1_Chapter_10.md,UNMAPPED,UNVERIFIED
REQ-00922,EAR1-C10-0176,10,evidence,,Moodify_Ear_v1_Chapter_10_Package/Moodify_Ear_v1_Chapter_10/Moodify_Ear_v1_Chapter_10.md,UNMAPPED,UNVERIFIED
REQ-00923,EAR1-C10-0178,10,evidence,,Moodify_Ear_v1_Chapter_10_Package/Moodify_Ear_v1_Chapter_10/Moodify_Ear_v1_Chapter_10.md,UNMAPPED,UNVERIFIED
REQ-00924,EAR1-C10-0180,10,measurement,,Moodify_Ear_v1_Chapter_10_Package/Moodify_Ear_v1_Chapter_10/Moodify_Ear_v1_Chapter_10.md,UNMAPPED,UNVERIFIED
REQ-00925,EAR1-C10-0182,10,human_authority,,Moodify_Ear_v1_Chapter_10_Package/Moodify_Ear_v1_Chapter_10/Moodify_Ear_v1_Chapter_10.md,UNMAPPED,UNVERIFIED
REQ-00926,EAR1-C10-0184,10,measurement;evidence,,Moodify_Ear_v1_Chapter_10_Package/Moodify_Ear_v1_Chapter_10/Moodify_Ear_v1_Chapter_10.md,UNMAPPED,UNVERIFIED
REQ-00927,EAR1-C10-0185,10,evidence,,Moodify_Ear_v1_Chapter_10_Package/Moodify_Ear_v1_Chapter_10/Moodify_Ear_v1_Chapter_10.md,UNMAPPED,UNVERIFIED
REQ-00928,EAR1-C10-0186,10,measurement,,Moodify_Ear_v1_Chapter_10_Package/Moodify_Ear_v1_Chapter_10/Moodify_Ear_v1_Chapter_10.md,UNMAPPED,UNVERIFIED
REQ-00929,EAR1-C10-0191,10,measurement,,Moodify_Ear_v1_Chapter_10_Package/Moodify_Ear_v1_Chapter_10/Moodify_Ear_v1_Chapter_10.md,UNMAPPED,UNVERIFIED
REQ-00930,EAR1-C10-0193,10,verification,,Moodify_Ear_v1_Chapter_10_Package/Moodify_Ear_v1_Chapter_10/Moodify_Ear_v1_Chapter_10.md,UNMAPPED,UNVERIFIED
REQ-00931,EAR1-C10-0194,10,human_authority,,Moodify_Ear_v1_Chapter_10_Package/Moodify_Ear_v1_Chapter_10/Moodify_Ear_v1_Chapter_10.md,UNMAPPED,UNVERIFIED
REQ-00932,EAR1-C10-0198,10,measurement,,Moodify_Ear_v1_Chapter_10_Package/Moodify_Ear_v1_Chapter_10/Moodify_Ear_v1_Chapter_10.md,UNMAPPED,UNVERIFIED
REQ-00933,EAR1-C10-0205,10,verification,,Moodify_Ear_v1_Chapter_10_Package/Moodify_Ear_v1_Chapter_10/Moodify_Ear_v1_Chapter_10.md,UNMAPPED,UNVERIFIED
REQ-00934,EAR1-C10-0206,10,verification,,Moodify_Ear_v1_Chapter_10_Package/Moodify_Ear_v1_Chapter_10/Moodify_Ear_v1_Chapter_10.md,UNMAPPED,UNVERIFIED
REQ-00935,EAR1-C10-0207,10,measurement,,Moodify_Ear_v1_Chapter_10_Package/Moodify_Ear_v1_Chapter_10/Moodify_Ear_v1_Chapter_10.md,UNMAPPED,UNVERIFIED
REQ-00936,EAR1-C10-0209,10,measurement,,Moodify_Ear_v1_Chapter_10_Package/Moodify_Ear_v1_Chapter_10/Moodify_Ear_v1_Chapter_10.md,UNMAPPED,UNVERIFIED
REQ-00937,EAR1-C10-0215,10,measurement,,Moodify_Ear_v1_Chapter_10_Package/Moodify_Ear_v1_Chapter_10/Moodify_Ear_v1_Chapter_10.md,UNMAPPED,UNVERIFIED
REQ-00938,EAR1-C10-0225,10,measurement;verification,,Moodify_Ear_v1_Chapter_10_Package/Moodify_Ear_v1_Chapter_10/Moodify_Ear_v1_Chapter_10.md,UNMAPPED,UNVERIFIED
REQ-00939,EAR1-C10-0228,10,measurement,,Moodify_Ear_v1_Chapter_10_Package/Moodify_Ear_v1_Chapter_10/Moodify_Ear_v1_Chapter_10.md,UNMAPPED,UNVERIFIED
REQ-00940,EAR1-C11-0001,11,evidence,,Moodify_Ear_v1_Chapter_11_Package/Moodify_Ear_v1_Chapter_11/Moodify_Ear_v1_Chapter_11.md,UNMAPPED,UNVERIFIED
REQ-00941,EAR1-C11-0006,11,evidence,,Moodify_Ear_v1_Chapter_11_Package/Moodify_Ear_v1_Chapter_11/Moodify_Ear_v1_Chapter_11.md,UNMAPPED,UNVERIFIED
REQ-00942,EAR1-C11-0007,11,evidence;human_authority,,Moodify_Ear_v1_Chapter_11_Package/Moodify_Ear_v1_Chapter_11/Moodify_Ear_v1_Chapter_11.md,UNMAPPED,UNVERIFIED
REQ-00943,EAR1-C11-0009,11,evidence,,Moodify_Ear_v1_Chapter_11_Package/Moodify_Ear_v1_Chapter_11/Moodify_Ear_v1_Chapter_11.md,UNMAPPED,UNVERIFIED
REQ-00944,EAR1-C11-0012,11,evidence,,Moodify_Ear_v1_Chapter_11_Package/Moodify_Ear_v1_Chapter_11/Moodify_Ear_v1_Chapter_11.md,UNMAPPED,UNVERIFIED
REQ-00945,EAR1-C11-0013,11,evidence,,Moodify_Ear_v1_Chapter_11_Package/Moodify_Ear_v1_Chapter_11/Moodify_Ear_v1_Chapter_11.md,UNMAPPED,UNVERIFIED
REQ-00946,EAR1-C11-0014,11,evidence,,Moodify_Ear_v1_Chapter_11_Package/Moodify_Ear_v1_Chapter_11/Moodify_Ear_v1_Chapter_11.md,UNMAPPED,UNVERIFIED
REQ-00947,EAR1-C11-0015,11,evidence,,Moodify_Ear_v1_Chapter_11_Package/Moodify_Ear_v1_Chapter_11/Moodify_Ear_v1_Chapter_11.md,UNMAPPED,UNVERIFIED
REQ-00948,EAR1-C11-0016,11,evidence,,Moodify_Ear_v1_Chapter_11_Package/Moodify_Ear_v1_Chapter_11/Moodify_Ear_v1_Chapter_11.md,UNMAPPED,UNVERIFIED
REQ-00949,EAR1-C11-0019,11,evidence,,Moodify_Ear_v1_Chapter_11_Package/Moodify_Ear_v1_Chapter_11/Moodify_Ear_v1_Chapter_11.md,UNMAPPED,UNVERIFIED
REQ-00950,EAR1-C11-0020,11,evidence,,Moodify_Ear_v1_Chapter_11_Package/Moodify_Ear_v1_Chapter_11/Moodify_Ear_v1_Chapter_11.md,UNMAPPED,UNVERIFIED
REQ-00951,EAR1-C11-0021,11,measurement,,Moodify_Ear_v1_Chapter_11_Package/Moodify_Ear_v1_Chapter_11/Moodify_Ear_v1_Chapter_11.md,UNMAPPED,UNVERIFIED
REQ-00952,EAR1-C11-0024,11,evidence,,Moodify_Ear_v1_Chapter_11_Package/Moodify_Ear_v1_Chapter_11/Moodify_Ear_v1_Chapter_11.md,UNMAPPED,UNVERIFIED
REQ-00953,EAR1-C11-0025,11,measurement;evidence,,Moodify_Ear_v1_Chapter_11_Package/Moodify_Ear_v1_Chapter_11/Moodify_Ear_v1_Chapter_11.md,UNMAPPED,UNVERIFIED
REQ-00954,EAR1-C11-0026,11,evidence,,Moodify_Ear_v1_Chapter_11_Package/Moodify_Ear_v1_Chapter_11/Moodify_Ear_v1_Chapter_11.md,UNMAPPED,UNVERIFIED
REQ-00955,EAR1-C11-0028,11,evidence,,Moodify_Ear_v1_Chapter_11_Package/Moodify_Ear_v1_Chapter_11/Moodify_Ear_v1_Chapter_11.md,UNMAPPED,UNVERIFIED
REQ-00956,EAR1-C11-0029,11,evidence,,Moodify_Ear_v1_Chapter_11_Package/Moodify_Ear_v1_Chapter_11/Moodify_Ear_v1_Chapter_11.md,UNMAPPED,UNVERIFIED
REQ-00957,EAR1-C11-0030,11,measurement;evidence;human_authority,,Moodify_Ear_v1_Chapter_11_Package/Moodify_Ear_v1_Chapter_11/Moodify_Ear_v1_Chapter_11.md,UNMAPPED,UNVERIFIED
REQ-00958,EAR1-C11-0031,11,evidence;human_authority,,Moodify_Ear_v1_Chapter_11_Package/Moodify_Ear_v1_Chapter_11/Moodify_Ear_v1_Chapter_11.md,UNMAPPED,UNVERIFIED
REQ-00959,EAR1-C11-0033,11,evidence;human_authority,,Moodify_Ear_v1_Chapter_11_Package/Moodify_Ear_v1_Chapter_11/Moodify_Ear_v1_Chapter_11.md,UNMAPPED,UNVERIFIED
REQ-00960,EAR1-C11-0034,11,evidence,,Moodify_Ear_v1_Chapter_11_Package/Moodify_Ear_v1_Chapter_11/Moodify_Ear_v1_Chapter_11.md,UNMAPPED,UNVERIFIED
REQ-00961,EAR1-C11-0036,11,measurement,,Moodify_Ear_v1_Chapter_11_Package/Moodify_Ear_v1_Chapter_11/Moodify_Ear_v1_Chapter_11.md,UNMAPPED,UNVERIFIED
REQ-00962,EAR1-C11-0037,11,evidence,,Moodify_Ear_v1_Chapter_11_Package/Moodify_Ear_v1_Chapter_11/Moodify_Ear_v1_Chapter_11.md,UNMAPPED,UNVERIFIED
REQ-00963,EAR1-C11-0038,11,evidence,,Moodify_Ear_v1_Chapter_11_Package/Moodify_Ear_v1_Chapter_11/Moodify_Ear_v1_Chapter_11.md,UNMAPPED,UNVERIFIED
REQ-00964,EAR1-C11-0039,11,evidence,,Moodify_Ear_v1_Chapter_11_Package/Moodify_Ear_v1_Chapter_11/Moodify_Ear_v1_Chapter_11.md,UNMAPPED,UNVERIFIED
REQ-00965,EAR1-C11-0041,11,evidence;failure_recovery,,Moodify_Ear_v1_Chapter_11_Package/Moodify_Ear_v1_Chapter_11/Moodify_Ear_v1_Chapter_11.md,UNMAPPED,UNVERIFIED
REQ-00966,EAR1-C11-0042,11,evidence;verification,,Moodify_Ear_v1_Chapter_11_Package/Moodify_Ear_v1_Chapter_11/Moodify_Ear_v1_Chapter_11.md,UNMAPPED,UNVERIFIED
REQ-00967,EAR1-C11-0043,11,evidence,,Moodify_Ear_v1_Chapter_11_Package/Moodify_Ear_v1_Chapter_11/Moodify_Ear_v1_Chapter_11.md,UNMAPPED,UNVERIFIED
REQ-00968,EAR1-C11-0045,11,evidence,,Moodify_Ear_v1_Chapter_11_Package/Moodify_Ear_v1_Chapter_11/Moodify_Ear_v1_Chapter_11.md,UNMAPPED,UNVERIFIED
REQ-00969,EAR1-C11-0046,11,evidence;verification,,Moodify_Ear_v1_Chapter_11_Package/Moodify_Ear_v1_Chapter_11/Moodify_Ear_v1_Chapter_11.md,UNMAPPED,UNVERIFIED
REQ-00970,EAR1-C11-0047,11,evidence,,Moodify_Ear_v1_Chapter_11_Package/Moodify_Ear_v1_Chapter_11/Moodify_Ear_v1_Chapter_11.md,UNMAPPED,UNVERIFIED
REQ-00971,EAR1-C11-0048,11,evidence,,Moodify_Ear_v1_Chapter_11_Package/Moodify_Ear_v1_Chapter_11/Moodify_Ear_v1_Chapter_11.md,UNMAPPED,UNVERIFIED
REQ-00972,EAR1-C11-0051,11,measurement;verification,,Moodify_Ear_v1_Chapter_11_Package/Moodify_Ear_v1_Chapter_11/Moodify_Ear_v1_Chapter_11.md,UNMAPPED,UNVERIFIED
REQ-00973,EAR1-C11-0054,11,human_authority,,Moodify_Ear_v1_Chapter_11_Package/Moodify_Ear_v1_Chapter_11/Moodify_Ear_v1_Chapter_11.md,UNMAPPED,UNVERIFIED
REQ-00974,EAR1-C11-0058,11,failure_recovery;human_authority,,Moodify_Ear_v1_Chapter_11_Package/Moodify_Ear_v1_Chapter_11/Moodify_Ear_v1_Chapter_11.md,UNMAPPED,UNVERIFIED
REQ-00975,EAR1-C11-0060,11,evidence,,Moodify_Ear_v1_Chapter_11_Package/Moodify_Ear_v1_Chapter_11/Moodify_Ear_v1_Chapter_11.md,UNMAPPED,UNVERIFIED
REQ-00976,EAR1-C11-0064,11,measurement;evidence;verification,,Moodify_Ear_v1_Chapter_11_Package/Moodify_Ear_v1_Chapter_11/Moodify_Ear_v1_Chapter_11.md,UNMAPPED,UNVERIFIED
REQ-00977,EAR1-C11-0065,11,evidence,,Moodify_Ear_v1_Chapter_11_Package/Moodify_Ear_v1_Chapter_11/Moodify_Ear_v1_Chapter_11.md,UNMAPPED,UNVERIFIED
REQ-00978,EAR1-C11-0066,11,verification,,Moodify_Ear_v1_Chapter_11_Package/Moodify_Ear_v1_Chapter_11/Moodify_Ear_v1_Chapter_11.md,UNMAPPED,UNVERIFIED
REQ-00979,EAR1-C11-0067,11,verification,COMP-011,Moodify_Ear_v1_Chapter_11_Package/Moodify_Ear_v1_Chapter_11/Moodify_Ear_v1_Chapter_11.md,UNMAPPED,UNVERIFIED
REQ-00980,EAR1-C11-0070,11,evidence,,Moodify_Ear_v1_Chapter_11_Package/Moodify_Ear_v1_Chapter_11/Moodify_Ear_v1_Chapter_11.md,UNMAPPED,UNVERIFIED
REQ-00981,EAR1-C11-0072,11,evidence,,Moodify_Ear_v1_Chapter_11_Package/Moodify_Ear_v1_Chapter_11/Moodify_Ear_v1_Chapter_11.md,UNMAPPED,UNVERIFIED
REQ-00982,EAR1-C11-0073,11,failure_recovery,,Moodify_Ear_v1_Chapter_11_Package/Moodify_Ear_v1_Chapter_11/Moodify_Ear_v1_Chapter_11.md,UNMAPPED,UNVERIFIED
REQ-00983,EAR1-C11-0074,11,human_authority,,Moodify_Ear_v1_Chapter_11_Package/Moodify_Ear_v1_Chapter_11/Moodify_Ear_v1_Chapter_11.md,UNMAPPED,UNVERIFIED
REQ-00984,EAR1-C11-0075,11,human_authority,,Moodify_Ear_v1_Chapter_11_Package/Moodify_Ear_v1_Chapter_11/Moodify_Ear_v1_Chapter_11.md,UNMAPPED,UNVERIFIED
REQ-00985,EAR1-C11-0076,11,evidence,,Moodify_Ear_v1_Chapter_11_Package/Moodify_Ear_v1_Chapter_11/Moodify_Ear_v1_Chapter_11.md,UNMAPPED,UNVERIFIED
REQ-00986,EAR1-C11-0077,11,evidence;verification,,Moodify_Ear_v1_Chapter_11_Package/Moodify_Ear_v1_Chapter_11/Moodify_Ear_v1_Chapter_11.md,UNMAPPED,UNVERIFIED
REQ-00987,EAR1-C11-0080,11,measurement;evidence;verification;human_authority,,Moodify_Ear_v1_Chapter_11_Package/Moodify_Ear_v1_Chapter_11/Moodify_Ear_v1_Chapter_11.md,UNMAPPED,UNVERIFIED
REQ-00988,EAR1-C11-0086,11,measurement,,Moodify_Ear_v1_Chapter_11_Package/Moodify_Ear_v1_Chapter_11/Moodify_Ear_v1_Chapter_11.md,UNMAPPED,UNVERIFIED
REQ-00989,EAR1-C11-0088,11,evidence,,Moodify_Ear_v1_Chapter_11_Package/Moodify_Ear_v1_Chapter_11/Moodify_Ear_v1_Chapter_11.md,UNMAPPED,UNVERIFIED
REQ-00990,EAR1-C11-0091,11,evidence,,Moodify_Ear_v1_Chapter_11_Package/Moodify_Ear_v1_Chapter_11/Moodify_Ear_v1_Chapter_11.md,UNMAPPED,UNVERIFIED
REQ-00991,EAR1-C11-0093,11,verification,,Moodify_Ear_v1_Chapter_11_Package/Moodify_Ear_v1_Chapter_11/Moodify_Ear_v1_Chapter_11.md,UNMAPPED,UNVERIFIED
REQ-00992,EAR1-C11-0099,11,evidence;verification,COMP-002,Moodify_Ear_v1_Chapter_11_Package/Moodify_Ear_v1_Chapter_11/Moodify_Ear_v1_Chapter_11.md,UNMAPPED,UNVERIFIED
REQ-00993,EAR1-C11-0100,11,human_authority,,Moodify_Ear_v1_Chapter_11_Package/Moodify_Ear_v1_Chapter_11/Moodify_Ear_v1_Chapter_11.md,UNMAPPED,UNVERIFIED
REQ-00994,EAR1-C11-0107,11,measurement;evidence,,Moodify_Ear_v1_Chapter_11_Package/Moodify_Ear_v1_Chapter_11/Moodify_Ear_v1_Chapter_11.md,UNMAPPED,UNVERIFIED
REQ-00995,EAR1-C11-0111,11,human_authority,,Moodify_Ear_v1_Chapter_11_Package/Moodify_Ear_v1_Chapter_11/Moodify_Ear_v1_Chapter_11.md,UNMAPPED,UNVERIFIED
REQ-00996,EAR1-C11-0113,11,human_authority,,Moodify_Ear_v1_Chapter_11_Package/Moodify_Ear_v1_Chapter_11/Moodify_Ear_v1_Chapter_11.md,UNMAPPED,UNVERIFIED
REQ-00997,EAR1-C11-0114,11,evidence,,Moodify_Ear_v1_Chapter_11_Package/Moodify_Ear_v1_Chapter_11/Moodify_Ear_v1_Chapter_11.md,UNMAPPED,UNVERIFIED
REQ-00998,EAR1-C11-0115,11,evidence,,Moodify_Ear_v1_Chapter_11_Package/Moodify_Ear_v1_Chapter_11/Moodify_Ear_v1_Chapter_11.md,UNMAPPED,UNVERIFIED
REQ-00999,EAR1-C11-0116,11,evidence,,Moodify_Ear_v1_Chapter_11_Package/Moodify_Ear_v1_Chapter_11/Moodify_Ear_v1_Chapter_11.md,UNMAPPED,UNVERIFIED
REQ-01000,EAR1-C11-0117,11,evidence,,Moodify_Ear_v1_Chapter_11_Package/Moodify_Ear_v1_Chapter_11/Moodify_Ear_v1_Chapter_11.md,UNMAPPED,UNVERIFIED
REQ-01001,EAR1-C11-0119,11,evidence,,Moodify_Ear_v1_Chapter_11_Package/Moodify_Ear_v1_Chapter_11/Moodify_Ear_v1_Chapter_11.md,UNMAPPED,UNVERIFIED
REQ-01002,EAR1-C11-0120,11,evidence,,Moodify_Ear_v1_Chapter_11_Package/Moodify_Ear_v1_Chapter_11/Moodify_Ear_v1_Chapter_11.md,UNMAPPED,UNVERIFIED
REQ-01003,EAR1-C11-0121,11,measurement;evidence,,Moodify_Ear_v1_Chapter_11_Package/Moodify_Ear_v1_Chapter_11/Moodify_Ear_v1_Chapter_11.md,UNMAPPED,UNVERIFIED
REQ-01004,EAR1-C11-0122,11,evidence,,Moodify_Ear_v1_Chapter_11_Package/Moodify_Ear_v1_Chapter_11/Moodify_Ear_v1_Chapter_11.md,UNMAPPED,UNVERIFIED
REQ-01005,EAR1-C11-0123,11,evidence,,Moodify_Ear_v1_Chapter_11_Package/Moodify_Ear_v1_Chapter_11/Moodify_Ear_v1_Chapter_11.md,UNMAPPED,UNVERIFIED
REQ-01006,EAR1-C11-0124,11,evidence;failure_recovery,,Moodify_Ear_v1_Chapter_11_Package/Moodify_Ear_v1_Chapter_11/Moodify_Ear_v1_Chapter_11.md,UNMAPPED,UNVERIFIED
REQ-01007,EAR1-C11-0125,11,evidence;verification,,Moodify_Ear_v1_Chapter_11_Package/Moodify_Ear_v1_Chapter_11/Moodify_Ear_v1_Chapter_11.md,UNMAPPED,UNVERIFIED
REQ-01008,EAR1-C11-0128,11,evidence,,Moodify_Ear_v1_Chapter_11_Package/Moodify_Ear_v1_Chapter_11/Moodify_Ear_v1_Chapter_11.md,UNMAPPED,UNVERIFIED
REQ-01009,EAR1-C11-0129,11,evidence,,Moodify_Ear_v1_Chapter_11_Package/Moodify_Ear_v1_Chapter_11/Moodify_Ear_v1_Chapter_11.md,UNMAPPED,UNVERIFIED
REQ-01010,EAR1-C11-0131,11,evidence,,Moodify_Ear_v1_Chapter_11_Package/Moodify_Ear_v1_Chapter_11/Moodify_Ear_v1_Chapter_11.md,UNMAPPED,UNVERIFIED
REQ-01011,EAR1-C11-0132,11,measurement,,Moodify_Ear_v1_Chapter_11_Package/Moodify_Ear_v1_Chapter_11/Moodify_Ear_v1_Chapter_11.md,UNMAPPED,UNVERIFIED
REQ-01012,EAR1-C11-0134,11,verification,,Moodify_Ear_v1_Chapter_11_Package/Moodify_Ear_v1_Chapter_11/Moodify_Ear_v1_Chapter_11.md,UNMAPPED,UNVERIFIED
REQ-01013,EAR1-C11-0136,11,failure_recovery,,Moodify_Ear_v1_Chapter_11_Package/Moodify_Ear_v1_Chapter_11/Moodify_Ear_v1_Chapter_11.md,UNMAPPED,UNVERIFIED
REQ-01014,EAR1-C11-0138,11,measurement,,Moodify_Ear_v1_Chapter_11_Package/Moodify_Ear_v1_Chapter_11/Moodify_Ear_v1_Chapter_11.md,UNMAPPED,UNVERIFIED
REQ-01015,EAR1-C11-0139,11,measurement;evidence,,Moodify_Ear_v1_Chapter_11_Package/Moodify_Ear_v1_Chapter_11/Moodify_Ear_v1_Chapter_11.md,UNMAPPED,UNVERIFIED
REQ-01016,EAR1-C11-0141,11,human_authority,,Moodify_Ear_v1_Chapter_11_Package/Moodify_Ear_v1_Chapter_11/Moodify_Ear_v1_Chapter_11.md,UNMAPPED,UNVERIFIED
REQ-01017,EAR1-C11-0142,11,measurement;evidence;human_authority,,Moodify_Ear_v1_Chapter_11_Package/Moodify_Ear_v1_Chapter_11/Moodify_Ear_v1_Chapter_11.md,UNMAPPED,UNVERIFIED
REQ-01018,EAR1-C11-0146,11,evidence,,Moodify_Ear_v1_Chapter_11_Package/Moodify_Ear_v1_Chapter_11/Moodify_Ear_v1_Chapter_11.md,UNMAPPED,UNVERIFIED
REQ-01019,EAR1-C11-0147,11,evidence,,Moodify_Ear_v1_Chapter_11_Package/Moodify_Ear_v1_Chapter_11/Moodify_Ear_v1_Chapter_11.md,UNMAPPED,UNVERIFIED
REQ-01020,EAR1-C11-0148,11,measurement,,Moodify_Ear_v1_Chapter_11_Package/Moodify_Ear_v1_Chapter_11/Moodify_Ear_v1_Chapter_11.md,UNMAPPED,UNVERIFIED
REQ-01021,EAR1-C11-0149,11,evidence,,Moodify_Ear_v1_Chapter_11_Package/Moodify_Ear_v1_Chapter_11/Moodify_Ear_v1_Chapter_11.md,UNMAPPED,UNVERIFIED
REQ-01022,EAR1-C11-0150,11,measurement;evidence;verification,,Moodify_Ear_v1_Chapter_11_Package/Moodify_Ear_v1_Chapter_11/Moodify_Ear_v1_Chapter_11.md,UNMAPPED,UNVERIFIED
REQ-01023,EAR1-C11-0151,11,evidence,,Moodify_Ear_v1_Chapter_11_Package/Moodify_Ear_v1_Chapter_11/Moodify_Ear_v1_Chapter_11.md,UNMAPPED,UNVERIFIED
REQ-01024,EAR1-C11-0152,11,evidence,,Moodify_Ear_v1_Chapter_11_Package/Moodify_Ear_v1_Chapter_11/Moodify_Ear_v1_Chapter_11.md,UNMAPPED,UNVERIFIED
REQ-01025,EAR1-C11-0153,11,human_authority,,Moodify_Ear_v1_Chapter_11_Package/Moodify_Ear_v1_Chapter_11/Moodify_Ear_v1_Chapter_11.md,UNMAPPED,UNVERIFIED
REQ-01026,EAR1-C11-0155,11,evidence;human_authority,COMP-003,Moodify_Ear_v1_Chapter_11_Package/Moodify_Ear_v1_Chapter_11/Moodify_Ear_v1_Chapter_11.md,UNMAPPED,UNVERIFIED
REQ-01027,EAR1-C11-0156,11,human_authority,,Moodify_Ear_v1_Chapter_11_Package/Moodify_Ear_v1_Chapter_11/Moodify_Ear_v1_Chapter_11.md,UNMAPPED,UNVERIFIED
REQ-01028,EAR1-C11-0157,11,evidence,,Moodify_Ear_v1_Chapter_11_Package/Moodify_Ear_v1_Chapter_11/Moodify_Ear_v1_Chapter_11.md,UNMAPPED,UNVERIFIED
REQ-01029,EAR1-C11-0158,11,evidence,COMP-004,Moodify_Ear_v1_Chapter_11_Package/Moodify_Ear_v1_Chapter_11/Moodify_Ear_v1_Chapter_11.md,UNMAPPED,UNVERIFIED
REQ-01030,EAR1-C11-0159,11,evidence,,Moodify_Ear_v1_Chapter_11_Package/Moodify_Ear_v1_Chapter_11/Moodify_Ear_v1_Chapter_11.md,UNMAPPED,UNVERIFIED
REQ-01031,EAR1-C11-0160,11,human_authority,,Moodify_Ear_v1_Chapter_11_Package/Moodify_Ear_v1_Chapter_11/Moodify_Ear_v1_Chapter_11.md,UNMAPPED,UNVERIFIED
REQ-01032,EAR1-C11-0161,11,evidence;human_authority,,Moodify_Ear_v1_Chapter_11_Package/Moodify_Ear_v1_Chapter_11/Moodify_Ear_v1_Chapter_11.md,UNMAPPED,UNVERIFIED
REQ-01033,EAR1-C11-0162,11,evidence;failure_recovery;human_authority,,Moodify_Ear_v1_Chapter_11_Package/Moodify_Ear_v1_Chapter_11/Moodify_Ear_v1_Chapter_11.md,UNMAPPED,UNVERIFIED
REQ-01034,EAR1-C11-0163,11,evidence;failure_recovery,,Moodify_Ear_v1_Chapter_11_Package/Moodify_Ear_v1_Chapter_11/Moodify_Ear_v1_Chapter_11.md,UNMAPPED,UNVERIFIED
REQ-01035,EAR1-C11-0164,11,human_authority,,Moodify_Ear_v1_Chapter_11_Package/Moodify_Ear_v1_Chapter_11/Moodify_Ear_v1_Chapter_11.md,UNMAPPED,UNVERIFIED
REQ-01036,EAR1-C11-0165,11,evidence,,Moodify_Ear_v1_Chapter_11_Package/Moodify_Ear_v1_Chapter_11/Moodify_Ear_v1_Chapter_11.md,UNMAPPED,UNVERIFIED
REQ-01037,EAR1-C11-0167,11,evidence,,Moodify_Ear_v1_Chapter_11_Package/Moodify_Ear_v1_Chapter_11/Moodify_Ear_v1_Chapter_11.md,UNMAPPED,UNVERIFIED
REQ-01038,EAR1-C11-0170,11,verification,,Moodify_Ear_v1_Chapter_11_Package/Moodify_Ear_v1_Chapter_11/Moodify_Ear_v1_Chapter_11.md,UNMAPPED,UNVERIFIED
REQ-01039,EAR1-C11-0171,11,evidence,,Moodify_Ear_v1_Chapter_11_Package/Moodify_Ear_v1_Chapter_11/Moodify_Ear_v1_Chapter_11.md,UNMAPPED,UNVERIFIED
REQ-01040,EAR1-C11-0172,11,measurement,,Moodify_Ear_v1_Chapter_11_Package/Moodify_Ear_v1_Chapter_11/Moodify_Ear_v1_Chapter_11.md,UNMAPPED,UNVERIFIED
REQ-01041,EAR1-C11-0174,11,measurement;evidence;failure_recovery,,Moodify_Ear_v1_Chapter_11_Package/Moodify_Ear_v1_Chapter_11/Moodify_Ear_v1_Chapter_11.md,UNMAPPED,UNVERIFIED
REQ-01042,EAR1-C11-0177,11,evidence,,Moodify_Ear_v1_Chapter_11_Package/Moodify_Ear_v1_Chapter_11/Moodify_Ear_v1_Chapter_11.md,UNMAPPED,UNVERIFIED
REQ-01043,EAR1-C11-0178,11,evidence,,Moodify_Ear_v1_Chapter_11_Package/Moodify_Ear_v1_Chapter_11/Moodify_Ear_v1_Chapter_11.md,UNMAPPED,UNVERIFIED
REQ-01044,EAR1-C11-0180,11,evidence,,Moodify_Ear_v1_Chapter_11_Package/Moodify_Ear_v1_Chapter_11/Moodify_Ear_v1_Chapter_11.md,UNMAPPED,UNVERIFIED
REQ-01045,EAR1-C11-0181,11,evidence,,Moodify_Ear_v1_Chapter_11_Package/Moodify_Ear_v1_Chapter_11/Moodify_Ear_v1_Chapter_11.md,UNMAPPED,UNVERIFIED
REQ-01046,EAR1-C11-0182,11,evidence,,Moodify_Ear_v1_Chapter_11_Package/Moodify_Ear_v1_Chapter_11/Moodify_Ear_v1_Chapter_11.md,UNMAPPED,UNVERIFIED
REQ-01047,EAR1-C11-0183,11,verification,,Moodify_Ear_v1_Chapter_11_Package/Moodify_Ear_v1_Chapter_11/Moodify_Ear_v1_Chapter_11.md,UNMAPPED,UNVERIFIED
REQ-01048,EAR1-C11-0184,11,evidence,,Moodify_Ear_v1_Chapter_11_Package/Moodify_Ear_v1_Chapter_11/Moodify_Ear_v1_Chapter_11.md,UNMAPPED,UNVERIFIED
REQ-01049,EAR1-C11-0185,11,evidence,,Moodify_Ear_v1_Chapter_11_Package/Moodify_Ear_v1_Chapter_11/Moodify_Ear_v1_Chapter_11.md,UNMAPPED,UNVERIFIED
REQ-01050,EAR1-C11-0186,11,evidence,,Moodify_Ear_v1_Chapter_11_Package/Moodify_Ear_v1_Chapter_11/Moodify_Ear_v1_Chapter_11.md,UNMAPPED,UNVERIFIED
REQ-01051,EAR1-C11-0187,11,evidence,,Moodify_Ear_v1_Chapter_11_Package/Moodify_Ear_v1_Chapter_11/Moodify_Ear_v1_Chapter_11.md,UNMAPPED,UNVERIFIED
REQ-01052,EAR1-C11-0188,11,evidence,,Moodify_Ear_v1_Chapter_11_Package/Moodify_Ear_v1_Chapter_11/Moodify_Ear_v1_Chapter_11.md,UNMAPPED,UNVERIFIED
REQ-01053,EAR1-C11-0190,11,human_authority,,Moodify_Ear_v1_Chapter_11_Package/Moodify_Ear_v1_Chapter_11/Moodify_Ear_v1_Chapter_11.md,UNMAPPED,UNVERIFIED
REQ-01054,EAR1-C11-0191,11,evidence,,Moodify_Ear_v1_Chapter_11_Package/Moodify_Ear_v1_Chapter_11/Moodify_Ear_v1_Chapter_11.md,UNMAPPED,UNVERIFIED
REQ-01055,EAR1-C11-0192,11,evidence,,Moodify_Ear_v1_Chapter_11_Package/Moodify_Ear_v1_Chapter_11/Moodify_Ear_v1_Chapter_11.md,UNMAPPED,UNVERIFIED
REQ-01056,EAR1-C11-0193,11,verification;human_authority,,Moodify_Ear_v1_Chapter_11_Package/Moodify_Ear_v1_Chapter_11/Moodify_Ear_v1_Chapter_11.md,UNMAPPED,UNVERIFIED
REQ-01057,EAR1-C11-0196,11,evidence,,Moodify_Ear_v1_Chapter_11_Package/Moodify_Ear_v1_Chapter_11/Moodify_Ear_v1_Chapter_11.md,UNMAPPED,UNVERIFIED
REQ-01058,EAR1-C11-0197,11,evidence,,Moodify_Ear_v1_Chapter_11_Package/Moodify_Ear_v1_Chapter_11/Moodify_Ear_v1_Chapter_11.md,UNMAPPED,UNVERIFIED
REQ-01059,EAR1-C11-0198,11,human_authority,,Moodify_Ear_v1_Chapter_11_Package/Moodify_Ear_v1_Chapter_11/Moodify_Ear_v1_Chapter_11.md,UNMAPPED,UNVERIFIED
REQ-01060,EAR1-C11-0200,11,measurement;evidence,,Moodify_Ear_v1_Chapter_11_Package/Moodify_Ear_v1_Chapter_11/Moodify_Ear_v1_Chapter_11.md,UNMAPPED,UNVERIFIED
REQ-01061,EAR1-C11-0202,11,verification;human_authority,,Moodify_Ear_v1_Chapter_11_Package/Moodify_Ear_v1_Chapter_11/Moodify_Ear_v1_Chapter_11.md,UNMAPPED,UNVERIFIED
REQ-01062,EAR1-C11-0203,11,evidence,,Moodify_Ear_v1_Chapter_11_Package/Moodify_Ear_v1_Chapter_11/Moodify_Ear_v1_Chapter_11.md,UNMAPPED,UNVERIFIED
REQ-01063,EAR1-C11-0205,11,evidence,,Moodify_Ear_v1_Chapter_11_Package/Moodify_Ear_v1_Chapter_11/Moodify_Ear_v1_Chapter_11.md,UNMAPPED,UNVERIFIED
REQ-01064,EAR1-C11-0209,11,human_authority,,Moodify_Ear_v1_Chapter_11_Package/Moodify_Ear_v1_Chapter_11/Moodify_Ear_v1_Chapter_11.md,UNMAPPED,UNVERIFIED
REQ-01065,EAR1-C11-0210,11,verification,,Moodify_Ear_v1_Chapter_11_Package/Moodify_Ear_v1_Chapter_11/Moodify_Ear_v1_Chapter_11.md,UNMAPPED,UNVERIFIED
REQ-01066,EAR1-C11-0211,11,evidence,,Moodify_Ear_v1_Chapter_11_Package/Moodify_Ear_v1_Chapter_11/Moodify_Ear_v1_Chapter_11.md,UNMAPPED,UNVERIFIED
REQ-01067,EAR1-C11-0213,11,evidence,,Moodify_Ear_v1_Chapter_11_Package/Moodify_Ear_v1_Chapter_11/Moodify_Ear_v1_Chapter_11.md,UNMAPPED,UNVERIFIED
REQ-01068,EAR1-C11-0218,11,evidence,,Moodify_Ear_v1_Chapter_11_Package/Moodify_Ear_v1_Chapter_11/Moodify_Ear_v1_Chapter_11.md,UNMAPPED,UNVERIFIED
REQ-01069,EAR1-C11-0221,11,verification,,Moodify_Ear_v1_Chapter_11_Package/Moodify_Ear_v1_Chapter_11/Moodify_Ear_v1_Chapter_11.md,UNMAPPED,UNVERIFIED
REQ-01070,EAR1-C11-0223,11,evidence,,Moodify_Ear_v1_Chapter_11_Package/Moodify_Ear_v1_Chapter_11/Moodify_Ear_v1_Chapter_11.md,UNMAPPED,UNVERIFIED
REQ-01071,EAR1-C11-0227,11,evidence,,Moodify_Ear_v1_Chapter_11_Package/Moodify_Ear_v1_Chapter_11/Moodify_Ear_v1_Chapter_11.md,UNMAPPED,UNVERIFIED
REQ-01072,EAR1-C11-0231,11,evidence,,Moodify_Ear_v1_Chapter_11_Package/Moodify_Ear_v1_Chapter_11/Moodify_Ear_v1_Chapter_11.md,UNMAPPED,UNVERIFIED
REQ-01073,EAR1-C11-0235,11,verification,,Moodify_Ear_v1_Chapter_11_Package/Moodify_Ear_v1_Chapter_11/Moodify_Ear_v1_Chapter_11.md,UNMAPPED,UNVERIFIED
REQ-01074,EAR1-C11-0239,11,human_authority,,Moodify_Ear_v1_Chapter_11_Package/Moodify_Ear_v1_Chapter_11/Moodify_Ear_v1_Chapter_11.md,UNMAPPED,UNVERIFIED
REQ-01075,EAR1-C12-0001,12,evidence,COMP-006,Moodify_Ear_v1_Chapter_12_Package/Moodify_Ear_v1_Chapter_12/Moodify_Ear_v1_Chapter_12.md,UNMAPPED,UNVERIFIED
REQ-01076,EAR1-C12-0004,12,measurement;evidence,,Moodify_Ear_v1_Chapter_12_Package/Moodify_Ear_v1_Chapter_12/Moodify_Ear_v1_Chapter_12.md,UNMAPPED,UNVERIFIED
REQ-01077,EAR1-C12-0006,12,measurement;evidence;human_authority,,Moodify_Ear_v1_Chapter_12_Package/Moodify_Ear_v1_Chapter_12/Moodify_Ear_v1_Chapter_12.md,UNMAPPED,UNVERIFIED
REQ-01078,EAR1-C12-0007,12,evidence,,Moodify_Ear_v1_Chapter_12_Package/Moodify_Ear_v1_Chapter_12/Moodify_Ear_v1_Chapter_12.md,UNMAPPED,UNVERIFIED
REQ-01079,EAR1-C12-0011,12,evidence,COMP-004,Moodify_Ear_v1_Chapter_12_Package/Moodify_Ear_v1_Chapter_12/Moodify_Ear_v1_Chapter_12.md,UNMAPPED,UNVERIFIED
REQ-01080,EAR1-C12-0013,12,evidence;human_authority,COMP-006,Moodify_Ear_v1_Chapter_12_Package/Moodify_Ear_v1_Chapter_12/Moodify_Ear_v1_Chapter_12.md,UNMAPPED,UNVERIFIED
REQ-01081,EAR1-C12-0014,12,human_authority,,Moodify_Ear_v1_Chapter_12_Package/Moodify_Ear_v1_Chapter_12/Moodify_Ear_v1_Chapter_12.md,UNMAPPED,UNVERIFIED
REQ-01082,EAR1-C12-0015,12,evidence;human_authority,,Moodify_Ear_v1_Chapter_12_Package/Moodify_Ear_v1_Chapter_12/Moodify_Ear_v1_Chapter_12.md,UNMAPPED,UNVERIFIED
REQ-01083,EAR1-C12-0018,12,evidence;verification,,Moodify_Ear_v1_Chapter_12_Package/Moodify_Ear_v1_Chapter_12/Moodify_Ear_v1_Chapter_12.md,UNMAPPED,UNVERIFIED
REQ-01084,EAR1-C12-0022,12,verification,,Moodify_Ear_v1_Chapter_12_Package/Moodify_Ear_v1_Chapter_12/Moodify_Ear_v1_Chapter_12.md,UNMAPPED,UNVERIFIED
REQ-01085,EAR1-C12-0026,12,measurement,,Moodify_Ear_v1_Chapter_12_Package/Moodify_Ear_v1_Chapter_12/Moodify_Ear_v1_Chapter_12.md,UNMAPPED,UNVERIFIED
REQ-01086,EAR1-C12-0027,12,verification,,Moodify_Ear_v1_Chapter_12_Package/Moodify_Ear_v1_Chapter_12/Moodify_Ear_v1_Chapter_12.md,UNMAPPED,UNVERIFIED
REQ-01087,EAR1-C12-0029,12,measurement,COMP-006,Moodify_Ear_v1_Chapter_12_Package/Moodify_Ear_v1_Chapter_12/Moodify_Ear_v1_Chapter_12.md,UNMAPPED,UNVERIFIED
REQ-01088,EAR1-C12-0031,12,measurement;evidence;failure_recovery,,Moodify_Ear_v1_Chapter_12_Package/Moodify_Ear_v1_Chapter_12/Moodify_Ear_v1_Chapter_12.md,UNMAPPED,UNVERIFIED
REQ-01089,EAR1-C12-0037,12,measurement,,Moodify_Ear_v1_Chapter_12_Package/Moodify_Ear_v1_Chapter_12/Moodify_Ear_v1_Chapter_12.md,UNMAPPED,UNVERIFIED
REQ-01090,EAR1-C12-0038,12,verification;human_authority,,Moodify_Ear_v1_Chapter_12_Package/Moodify_Ear_v1_Chapter_12/Moodify_Ear_v1_Chapter_12.md,UNMAPPED,UNVERIFIED
REQ-01091,EAR1-C12-0040,12,evidence,,Moodify_Ear_v1_Chapter_12_Package/Moodify_Ear_v1_Chapter_12/Moodify_Ear_v1_Chapter_12.md,UNMAPPED,UNVERIFIED
REQ-01092,EAR1-C12-0041,12,measurement,,Moodify_Ear_v1_Chapter_12_Package/Moodify_Ear_v1_Chapter_12/Moodify_Ear_v1_Chapter_12.md,UNMAPPED,UNVERIFIED
REQ-01093,EAR1-C12-0042,12,measurement;human_authority,,Moodify_Ear_v1_Chapter_12_Package/Moodify_Ear_v1_Chapter_12/Moodify_Ear_v1_Chapter_12.md,UNMAPPED,UNVERIFIED
REQ-01094,EAR1-C12-0045,12,measurement;verification,,Moodify_Ear_v1_Chapter_12_Package/Moodify_Ear_v1_Chapter_12/Moodify_Ear_v1_Chapter_12.md,UNMAPPED,UNVERIFIED
REQ-01095,EAR1-C12-0046,12,measurement,,Moodify_Ear_v1_Chapter_12_Package/Moodify_Ear_v1_Chapter_12/Moodify_Ear_v1_Chapter_12.md,UNMAPPED,UNVERIFIED
REQ-01096,EAR1-C12-0047,12,measurement,,Moodify_Ear_v1_Chapter_12_Package/Moodify_Ear_v1_Chapter_12/Moodify_Ear_v1_Chapter_12.md,UNMAPPED,UNVERIFIED
REQ-01097,EAR1-C12-0048,12,measurement;evidence;verification;failure_recovery,,Moodify_Ear_v1_Chapter_12_Package/Moodify_Ear_v1_Chapter_12/Moodify_Ear_v1_Chapter_12.md,UNMAPPED,UNVERIFIED
REQ-01098,EAR1-C12-0050,12,evidence,,Moodify_Ear_v1_Chapter_12_Package/Moodify_Ear_v1_Chapter_12/Moodify_Ear_v1_Chapter_12.md,UNMAPPED,UNVERIFIED
REQ-01099,EAR1-C12-0052,12,measurement;evidence,,Moodify_Ear_v1_Chapter_12_Package/Moodify_Ear_v1_Chapter_12/Moodify_Ear_v1_Chapter_12.md,UNMAPPED,UNVERIFIED
REQ-01100,EAR1-C12-0053,12,evidence,,Moodify_Ear_v1_Chapter_12_Package/Moodify_Ear_v1_Chapter_12/Moodify_Ear_v1_Chapter_12.md,UNMAPPED,UNVERIFIED
REQ-01101,EAR1-C12-0055,12,evidence,,Moodify_Ear_v1_Chapter_12_Package/Moodify_Ear_v1_Chapter_12/Moodify_Ear_v1_Chapter_12.md,UNMAPPED,UNVERIFIED
REQ-01102,EAR1-C12-0057,12,measurement,,Moodify_Ear_v1_Chapter_12_Package/Moodify_Ear_v1_Chapter_12/Moodify_Ear_v1_Chapter_12.md,UNMAPPED,UNVERIFIED
REQ-01103,EAR1-C12-0061,12,measurement,,Moodify_Ear_v1_Chapter_12_Package/Moodify_Ear_v1_Chapter_12/Moodify_Ear_v1_Chapter_12.md,UNMAPPED,UNVERIFIED
REQ-01104,EAR1-C12-0062,12,evidence,,Moodify_Ear_v1_Chapter_12_Package/Moodify_Ear_v1_Chapter_12/Moodify_Ear_v1_Chapter_12.md,UNMAPPED,UNVERIFIED
REQ-01105,EAR1-C12-0063,12,human_authority,,Moodify_Ear_v1_Chapter_12_Package/Moodify_Ear_v1_Chapter_12/Moodify_Ear_v1_Chapter_12.md,UNMAPPED,UNVERIFIED
REQ-01106,EAR1-C12-0064,12,measurement,,Moodify_Ear_v1_Chapter_12_Package/Moodify_Ear_v1_Chapter_12/Moodify_Ear_v1_Chapter_12.md,UNMAPPED,UNVERIFIED
REQ-01107,EAR1-C12-0067,12,evidence,,Moodify_Ear_v1_Chapter_12_Package/Moodify_Ear_v1_Chapter_12/Moodify_Ear_v1_Chapter_12.md,UNMAPPED,UNVERIFIED
REQ-01108,EAR1-C12-0068,12,measurement;evidence,,Moodify_Ear_v1_Chapter_12_Package/Moodify_Ear_v1_Chapter_12/Moodify_Ear_v1_Chapter_12.md,UNMAPPED,UNVERIFIED
REQ-01109,EAR1-C12-0071,12,evidence;verification;human_authority,,Moodify_Ear_v1_Chapter_12_Package/Moodify_Ear_v1_Chapter_12/Moodify_Ear_v1_Chapter_12.md,UNMAPPED,UNVERIFIED
REQ-01110,EAR1-C12-0076,12,verification;failure_recovery;human_authority,,Moodify_Ear_v1_Chapter_12_Package/Moodify_Ear_v1_Chapter_12/Moodify_Ear_v1_Chapter_12.md,UNMAPPED,UNVERIFIED
REQ-01111,EAR1-C12-0081,12,measurement,,Moodify_Ear_v1_Chapter_12_Package/Moodify_Ear_v1_Chapter_12/Moodify_Ear_v1_Chapter_12.md,UNMAPPED,UNVERIFIED
REQ-01112,EAR1-C12-0084,12,measurement;evidence;verification;failure_recovery,,Moodify_Ear_v1_Chapter_12_Package/Moodify_Ear_v1_Chapter_12/Moodify_Ear_v1_Chapter_12.md,UNMAPPED,UNVERIFIED
REQ-01113,EAR1-C12-0085,12,failure_recovery,,Moodify_Ear_v1_Chapter_12_Package/Moodify_Ear_v1_Chapter_12/Moodify_Ear_v1_Chapter_12.md,UNMAPPED,UNVERIFIED
REQ-01114,EAR1-C12-0088,12,measurement;human_authority,,Moodify_Ear_v1_Chapter_12_Package/Moodify_Ear_v1_Chapter_12/Moodify_Ear_v1_Chapter_12.md,UNMAPPED,UNVERIFIED
REQ-01115,EAR1-C12-0089,12,measurement,,Moodify_Ear_v1_Chapter_12_Package/Moodify_Ear_v1_Chapter_12/Moodify_Ear_v1_Chapter_12.md,UNMAPPED,UNVERIFIED
REQ-01116,EAR1-C12-0094,12,evidence,,Moodify_Ear_v1_Chapter_12_Package/Moodify_Ear_v1_Chapter_12/Moodify_Ear_v1_Chapter_12.md,UNMAPPED,UNVERIFIED
REQ-01117,EAR1-C12-0099,12,evidence,,Moodify_Ear_v1_Chapter_12_Package/Moodify_Ear_v1_Chapter_12/Moodify_Ear_v1_Chapter_12.md,UNMAPPED,UNVERIFIED
REQ-01118,EAR1-C12-0101,12,evidence,,Moodify_Ear_v1_Chapter_12_Package/Moodify_Ear_v1_Chapter_12/Moodify_Ear_v1_Chapter_12.md,UNMAPPED,UNVERIFIED
REQ-01119,EAR1-C12-0102,12,measurement;evidence,,Moodify_Ear_v1_Chapter_12_Package/Moodify_Ear_v1_Chapter_12/Moodify_Ear_v1_Chapter_12.md,UNMAPPED,UNVERIFIED
REQ-01120,EAR1-C12-0106,12,failure_recovery,,Moodify_Ear_v1_Chapter_12_Package/Moodify_Ear_v1_Chapter_12/Moodify_Ear_v1_Chapter_12.md,UNMAPPED,UNVERIFIED
REQ-01121,EAR1-C12-0107,12,measurement;failure_recovery,,Moodify_Ear_v1_Chapter_12_Package/Moodify_Ear_v1_Chapter_12/Moodify_Ear_v1_Chapter_12.md,UNMAPPED,UNVERIFIED
REQ-01122,EAR1-C12-0108,12,failure_recovery,,Moodify_Ear_v1_Chapter_12_Package/Moodify_Ear_v1_Chapter_12/Moodify_Ear_v1_Chapter_12.md,UNMAPPED,UNVERIFIED
REQ-01123,EAR1-C12-0110,12,evidence,,Moodify_Ear_v1_Chapter_12_Package/Moodify_Ear_v1_Chapter_12/Moodify_Ear_v1_Chapter_12.md,UNMAPPED,UNVERIFIED
REQ-01124,EAR1-C12-0111,12,evidence,,Moodify_Ear_v1_Chapter_12_Package/Moodify_Ear_v1_Chapter_12/Moodify_Ear_v1_Chapter_12.md,UNMAPPED,UNVERIFIED
REQ-01125,EAR1-C12-0121,12,verification,,Moodify_Ear_v1_Chapter_12_Package/Moodify_Ear_v1_Chapter_12/Moodify_Ear_v1_Chapter_12.md,UNMAPPED,UNVERIFIED
REQ-01126,EAR1-C12-0123,12,verification,,Moodify_Ear_v1_Chapter_12_Package/Moodify_Ear_v1_Chapter_12/Moodify_Ear_v1_Chapter_12.md,UNMAPPED,UNVERIFIED
REQ-01127,EAR1-C12-0125,12,evidence,,Moodify_Ear_v1_Chapter_12_Package/Moodify_Ear_v1_Chapter_12/Moodify_Ear_v1_Chapter_12.md,UNMAPPED,UNVERIFIED
REQ-01128,EAR1-C12-0126,12,measurement;evidence,,Moodify_Ear_v1_Chapter_12_Package/Moodify_Ear_v1_Chapter_12/Moodify_Ear_v1_Chapter_12.md,UNMAPPED,UNVERIFIED
REQ-01129,EAR1-C12-0128,12,human_authority,,Moodify_Ear_v1_Chapter_12_Package/Moodify_Ear_v1_Chapter_12/Moodify_Ear_v1_Chapter_12.md,UNMAPPED,UNVERIFIED
REQ-01130,EAR1-C12-0129,12,evidence,,Moodify_Ear_v1_Chapter_12_Package/Moodify_Ear_v1_Chapter_12/Moodify_Ear_v1_Chapter_12.md,UNMAPPED,UNVERIFIED
REQ-01131,EAR1-C12-0130,12,human_authority,,Moodify_Ear_v1_Chapter_12_Package/Moodify_Ear_v1_Chapter_12/Moodify_Ear_v1_Chapter_12.md,UNMAPPED,UNVERIFIED
REQ-01132,EAR1-C12-0131,12,evidence,,Moodify_Ear_v1_Chapter_12_Package/Moodify_Ear_v1_Chapter_12/Moodify_Ear_v1_Chapter_12.md,UNMAPPED,UNVERIFIED
REQ-01133,EAR1-C12-0132,12,measurement;evidence;verification,,Moodify_Ear_v1_Chapter_12_Package/Moodify_Ear_v1_Chapter_12/Moodify_Ear_v1_Chapter_12.md,UNMAPPED,UNVERIFIED
REQ-01134,EAR1-C12-0133,12,evidence,,Moodify_Ear_v1_Chapter_12_Package/Moodify_Ear_v1_Chapter_12/Moodify_Ear_v1_Chapter_12.md,UNMAPPED,UNVERIFIED
REQ-01135,EAR1-C12-0135,12,verification,,Moodify_Ear_v1_Chapter_12_Package/Moodify_Ear_v1_Chapter_12/Moodify_Ear_v1_Chapter_12.md,UNMAPPED,UNVERIFIED
REQ-01136,EAR1-C12-0136,12,evidence,,Moodify_Ear_v1_Chapter_12_Package/Moodify_Ear_v1_Chapter_12/Moodify_Ear_v1_Chapter_12.md,UNMAPPED,UNVERIFIED
REQ-01137,EAR1-C12-0138,12,evidence,COMP-002,Moodify_Ear_v1_Chapter_12_Package/Moodify_Ear_v1_Chapter_12/Moodify_Ear_v1_Chapter_12.md,UNMAPPED,UNVERIFIED
REQ-01138,EAR1-C12-0139,12,measurement;evidence,,Moodify_Ear_v1_Chapter_12_Package/Moodify_Ear_v1_Chapter_12/Moodify_Ear_v1_Chapter_12.md,UNMAPPED,UNVERIFIED
REQ-01139,EAR1-C12-0140,12,human_authority,,Moodify_Ear_v1_Chapter_12_Package/Moodify_Ear_v1_Chapter_12/Moodify_Ear_v1_Chapter_12.md,UNMAPPED,UNVERIFIED
REQ-01140,EAR1-C12-0142,12,measurement;evidence,,Moodify_Ear_v1_Chapter_12_Package/Moodify_Ear_v1_Chapter_12/Moodify_Ear_v1_Chapter_12.md,UNMAPPED,UNVERIFIED
REQ-01141,EAR1-C12-0143,12,measurement;failure_recovery,,Moodify_Ear_v1_Chapter_12_Package/Moodify_Ear_v1_Chapter_12/Moodify_Ear_v1_Chapter_12.md,UNMAPPED,UNVERIFIED
REQ-01142,EAR1-C12-0146,12,human_authority,,Moodify_Ear_v1_Chapter_12_Package/Moodify_Ear_v1_Chapter_12/Moodify_Ear_v1_Chapter_12.md,UNMAPPED,UNVERIFIED
REQ-01143,EAR1-C12-0148,12,human_authority,,Moodify_Ear_v1_Chapter_12_Package/Moodify_Ear_v1_Chapter_12/Moodify_Ear_v1_Chapter_12.md,UNMAPPED,UNVERIFIED
REQ-01144,EAR1-C12-0149,12,measurement;evidence;verification;failure_recovery;human_authority,COMP-002,Moodify_Ear_v1_Chapter_12_Package/Moodify_Ear_v1_Chapter_12/Moodify_Ear_v1_Chapter_12.md,UNMAPPED,UNVERIFIED
REQ-01145,EAR1-C12-0151,12,human_authority,,Moodify_Ear_v1_Chapter_12_Package/Moodify_Ear_v1_Chapter_12/Moodify_Ear_v1_Chapter_12.md,UNMAPPED,UNVERIFIED
REQ-01146,EAR1-C12-0152,12,human_authority,COMP-006,Moodify_Ear_v1_Chapter_12_Package/Moodify_Ear_v1_Chapter_12/Moodify_Ear_v1_Chapter_12.md,UNMAPPED,UNVERIFIED
REQ-01147,EAR1-C12-0153,12,evidence;human_authority,,Moodify_Ear_v1_Chapter_12_Package/Moodify_Ear_v1_Chapter_12/Moodify_Ear_v1_Chapter_12.md,UNMAPPED,UNVERIFIED
REQ-01148,EAR1-C12-0154,12,measurement;evidence;human_authority,,Moodify_Ear_v1_Chapter_12_Package/Moodify_Ear_v1_Chapter_12/Moodify_Ear_v1_Chapter_12.md,UNMAPPED,UNVERIFIED
REQ-01149,EAR1-C12-0155,12,evidence;human_authority,,Moodify_Ear_v1_Chapter_12_Package/Moodify_Ear_v1_Chapter_12/Moodify_Ear_v1_Chapter_12.md,UNMAPPED,UNVERIFIED
REQ-01150,EAR1-C12-0156,12,verification,,Moodify_Ear_v1_Chapter_12_Package/Moodify_Ear_v1_Chapter_12/Moodify_Ear_v1_Chapter_12.md,UNMAPPED,UNVERIFIED
REQ-01151,EAR1-C12-0157,12,evidence;failure_recovery,,Moodify_Ear_v1_Chapter_12_Package/Moodify_Ear_v1_Chapter_12/Moodify_Ear_v1_Chapter_12.md,UNMAPPED,UNVERIFIED
REQ-01152,EAR1-C12-0158,12,verification,,Moodify_Ear_v1_Chapter_12_Package/Moodify_Ear_v1_Chapter_12/Moodify_Ear_v1_Chapter_12.md,UNMAPPED,UNVERIFIED
REQ-01153,EAR1-C12-0159,12,measurement,,Moodify_Ear_v1_Chapter_12_Package/Moodify_Ear_v1_Chapter_12/Moodify_Ear_v1_Chapter_12.md,UNMAPPED,UNVERIFIED
REQ-01154,EAR1-C12-0160,12,measurement;verification,,Moodify_Ear_v1_Chapter_12_Package/Moodify_Ear_v1_Chapter_12/Moodify_Ear_v1_Chapter_12.md,UNMAPPED,UNVERIFIED
REQ-01155,EAR1-C12-0161,12,evidence,,Moodify_Ear_v1_Chapter_12_Package/Moodify_Ear_v1_Chapter_12/Moodify_Ear_v1_Chapter_12.md,UNMAPPED,UNVERIFIED
REQ-01156,EAR1-C12-0164,12,evidence,,Moodify_Ear_v1_Chapter_12_Package/Moodify_Ear_v1_Chapter_12/Moodify_Ear_v1_Chapter_12.md,UNMAPPED,UNVERIFIED
REQ-01157,EAR1-C12-0165,12,verification,,Moodify_Ear_v1_Chapter_12_Package/Moodify_Ear_v1_Chapter_12/Moodify_Ear_v1_Chapter_12.md,UNMAPPED,UNVERIFIED
REQ-01158,EAR1-C12-0166,12,verification,,Moodify_Ear_v1_Chapter_12_Package/Moodify_Ear_v1_Chapter_12/Moodify_Ear_v1_Chapter_12.md,UNMAPPED,UNVERIFIED
REQ-01159,EAR1-C12-0167,12,evidence;human_authority,,Moodify_Ear_v1_Chapter_12_Package/Moodify_Ear_v1_Chapter_12/Moodify_Ear_v1_Chapter_12.md,UNMAPPED,UNVERIFIED
REQ-01160,EAR1-C12-0170,12,evidence;human_authority,,Moodify_Ear_v1_Chapter_12_Package/Moodify_Ear_v1_Chapter_12/Moodify_Ear_v1_Chapter_12.md,UNMAPPED,UNVERIFIED
REQ-01161,EAR1-C12-0171,12,measurement;evidence,,Moodify_Ear_v1_Chapter_12_Package/Moodify_Ear_v1_Chapter_12/Moodify_Ear_v1_Chapter_12.md,UNMAPPED,UNVERIFIED
REQ-01162,EAR1-C12-0172,12,verification,,Moodify_Ear_v1_Chapter_12_Package/Moodify_Ear_v1_Chapter_12/Moodify_Ear_v1_Chapter_12.md,UNMAPPED,UNVERIFIED
REQ-01163,EAR1-C12-0173,12,measurement,,Moodify_Ear_v1_Chapter_12_Package/Moodify_Ear_v1_Chapter_12/Moodify_Ear_v1_Chapter_12.md,UNMAPPED,UNVERIFIED
REQ-01164,EAR1-C12-0176,12,human_authority,,Moodify_Ear_v1_Chapter_12_Package/Moodify_Ear_v1_Chapter_12/Moodify_Ear_v1_Chapter_12.md,UNMAPPED,UNVERIFIED
REQ-01165,EAR1-C12-0178,12,measurement,,Moodify_Ear_v1_Chapter_12_Package/Moodify_Ear_v1_Chapter_12/Moodify_Ear_v1_Chapter_12.md,UNMAPPED,UNVERIFIED
REQ-01166,EAR1-C12-0179,12,evidence;human_authority,,Moodify_Ear_v1_Chapter_12_Package/Moodify_Ear_v1_Chapter_12/Moodify_Ear_v1_Chapter_12.md,UNMAPPED,UNVERIFIED
REQ-01167,EAR1-C12-0182,12,evidence,COMP-006,Moodify_Ear_v1_Chapter_12_Package/Moodify_Ear_v1_Chapter_12/Moodify_Ear_v1_Chapter_12.md,UNMAPPED,UNVERIFIED
REQ-01168,EAR1-C12-0184,12,human_authority,,Moodify_Ear_v1_Chapter_12_Package/Moodify_Ear_v1_Chapter_12/Moodify_Ear_v1_Chapter_12.md,UNMAPPED,UNVERIFIED
REQ-01169,EAR1-C12-0192,12,measurement,,Moodify_Ear_v1_Chapter_12_Package/Moodify_Ear_v1_Chapter_12/Moodify_Ear_v1_Chapter_12.md,UNMAPPED,UNVERIFIED
REQ-01170,EAR1-C12-0196,12,evidence,,Moodify_Ear_v1_Chapter_12_Package/Moodify_Ear_v1_Chapter_12/Moodify_Ear_v1_Chapter_12.md,UNMAPPED,UNVERIFIED
REQ-01171,EAR1-C12-0202,12,evidence,,Moodify_Ear_v1_Chapter_12_Package/Moodify_Ear_v1_Chapter_12/Moodify_Ear_v1_Chapter_12.md,UNMAPPED,UNVERIFIED
REQ-01172,EAR1-C12-0206,12,measurement,,Moodify_Ear_v1_Chapter_12_Package/Moodify_Ear_v1_Chapter_12/Moodify_Ear_v1_Chapter_12.md,UNMAPPED,UNVERIFIED
REQ-01173,EAR1-C12-0208,12,measurement,,Moodify_Ear_v1_Chapter_12_Package/Moodify_Ear_v1_Chapter_12/Moodify_Ear_v1_Chapter_12.md,UNMAPPED,UNVERIFIED
REQ-01174,EAR1-C12-0212,12,measurement,,Moodify_Ear_v1_Chapter_12_Package/Moodify_Ear_v1_Chapter_12/Moodify_Ear_v1_Chapter_12.md,UNMAPPED,UNVERIFIED
REQ-01175,EAR1-C12-0213,12,human_authority,,Moodify_Ear_v1_Chapter_12_Package/Moodify_Ear_v1_Chapter_12/Moodify_Ear_v1_Chapter_12.md,UNMAPPED,UNVERIFIED
REQ-01176,EAR1-C12-0218,12,measurement;verification,,Moodify_Ear_v1_Chapter_12_Package/Moodify_Ear_v1_Chapter_12/Moodify_Ear_v1_Chapter_12.md,UNMAPPED,UNVERIFIED
REQ-01177,EAR1-C12-0220,12,measurement,,Moodify_Ear_v1_Chapter_12_Package/Moodify_Ear_v1_Chapter_12/Moodify_Ear_v1_Chapter_12.md,UNMAPPED,UNVERIFIED
REQ-01178,EAR1-C12-0222,12,verification,,Moodify_Ear_v1_Chapter_12_Package/Moodify_Ear_v1_Chapter_12/Moodify_Ear_v1_Chapter_12.md,UNMAPPED,UNVERIFIED
REQ-01179,EAR1-C13-0003,13,evidence;human_authority,,Moodify_Ear_v1_Chapter_13_Package/Moodify_Ear_v1_Chapter_13/Moodify_Ear_v1_Chapter_13.md,UNMAPPED,UNVERIFIED
REQ-01180,EAR1-C13-0005,13,measurement;evidence;human_authority,,Moodify_Ear_v1_Chapter_13_Package/Moodify_Ear_v1_Chapter_13/Moodify_Ear_v1_Chapter_13.md,UNMAPPED,UNVERIFIED
REQ-01181,EAR1-C13-0006,13,evidence;human_authority,,Moodify_Ear_v1_Chapter_13_Package/Moodify_Ear_v1_Chapter_13/Moodify_Ear_v1_Chapter_13.md,UNMAPPED,UNVERIFIED
REQ-01182,EAR1-C13-0007,13,failure_recovery,,Moodify_Ear_v1_Chapter_13_Package/Moodify_Ear_v1_Chapter_13/Moodify_Ear_v1_Chapter_13.md,UNMAPPED,UNVERIFIED
REQ-01183,EAR1-C13-0008,13,failure_recovery,,Moodify_Ear_v1_Chapter_13_Package/Moodify_Ear_v1_Chapter_13/Moodify_Ear_v1_Chapter_13.md,UNMAPPED,UNVERIFIED
REQ-01184,EAR1-C13-0012,13,evidence,,Moodify_Ear_v1_Chapter_13_Package/Moodify_Ear_v1_Chapter_13/Moodify_Ear_v1_Chapter_13.md,UNMAPPED,UNVERIFIED
REQ-01185,EAR1-C13-0013,13,evidence,,Moodify_Ear_v1_Chapter_13_Package/Moodify_Ear_v1_Chapter_13/Moodify_Ear_v1_Chapter_13.md,UNMAPPED,UNVERIFIED
REQ-01186,EAR1-C13-0014,13,human_authority,,Moodify_Ear_v1_Chapter_13_Package/Moodify_Ear_v1_Chapter_13/Moodify_Ear_v1_Chapter_13.md,UNMAPPED,UNVERIFIED
REQ-01187,EAR1-C13-0015,13,evidence,,Moodify_Ear_v1_Chapter_13_Package/Moodify_Ear_v1_Chapter_13/Moodify_Ear_v1_Chapter_13.md,UNMAPPED,UNVERIFIED
REQ-01188,EAR1-C13-0016,13,evidence,,Moodify_Ear_v1_Chapter_13_Package/Moodify_Ear_v1_Chapter_13/Moodify_Ear_v1_Chapter_13.md,UNMAPPED,UNVERIFIED
REQ-01189,EAR1-C13-0018,13,verification;human_authority,COMP-011,Moodify_Ear_v1_Chapter_13_Package/Moodify_Ear_v1_Chapter_13/Moodify_Ear_v1_Chapter_13.md,UNMAPPED,UNVERIFIED
REQ-01190,EAR1-C13-0019,13,evidence,,Moodify_Ear_v1_Chapter_13_Package/Moodify_Ear_v1_Chapter_13/Moodify_Ear_v1_Chapter_13.md,UNMAPPED,UNVERIFIED
REQ-01191,EAR1-C13-0020,13,verification,,Moodify_Ear_v1_Chapter_13_Package/Moodify_Ear_v1_Chapter_13/Moodify_Ear_v1_Chapter_13.md,UNMAPPED,UNVERIFIED
REQ-01192,EAR1-C13-0024,13,evidence,,Moodify_Ear_v1_Chapter_13_Package/Moodify_Ear_v1_Chapter_13/Moodify_Ear_v1_Chapter_13.md,UNMAPPED,UNVERIFIED
REQ-01193,EAR1-C13-0029,13,failure_recovery,,Moodify_Ear_v1_Chapter_13_Package/Moodify_Ear_v1_Chapter_13/Moodify_Ear_v1_Chapter_13.md,UNMAPPED,UNVERIFIED
REQ-01194,EAR1-C13-0032,13,measurement;verification,,Moodify_Ear_v1_Chapter_13_Package/Moodify_Ear_v1_Chapter_13/Moodify_Ear_v1_Chapter_13.md,UNMAPPED,UNVERIFIED
REQ-01195,EAR1-C13-0033,13,evidence,,Moodify_Ear_v1_Chapter_13_Package/Moodify_Ear_v1_Chapter_13/Moodify_Ear_v1_Chapter_13.md,UNMAPPED,UNVERIFIED
REQ-01196,EAR1-C13-0035,13,verification,,Moodify_Ear_v1_Chapter_13_Package/Moodify_Ear_v1_Chapter_13/Moodify_Ear_v1_Chapter_13.md,UNMAPPED,UNVERIFIED
REQ-01197,EAR1-C13-0037,13,evidence,,Moodify_Ear_v1_Chapter_13_Package/Moodify_Ear_v1_Chapter_13/Moodify_Ear_v1_Chapter_13.md,UNMAPPED,UNVERIFIED
REQ-01198,EAR1-C13-0038,13,evidence,,Moodify_Ear_v1_Chapter_13_Package/Moodify_Ear_v1_Chapter_13/Moodify_Ear_v1_Chapter_13.md,UNMAPPED,UNVERIFIED
REQ-01199,EAR1-C13-0040,13,failure_recovery,,Moodify_Ear_v1_Chapter_13_Package/Moodify_Ear_v1_Chapter_13/Moodify_Ear_v1_Chapter_13.md,UNMAPPED,UNVERIFIED
REQ-01200,EAR1-C13-0042,13,evidence,,Moodify_Ear_v1_Chapter_13_Package/Moodify_Ear_v1_Chapter_13/Moodify_Ear_v1_Chapter_13.md,UNMAPPED,UNVERIFIED
REQ-01201,EAR1-C13-0043,13,evidence,,Moodify_Ear_v1_Chapter_13_Package/Moodify_Ear_v1_Chapter_13/Moodify_Ear_v1_Chapter_13.md,UNMAPPED,UNVERIFIED
REQ-01202,EAR1-C13-0044,13,measurement;evidence;verification;human_authority,,Moodify_Ear_v1_Chapter_13_Package/Moodify_Ear_v1_Chapter_13/Moodify_Ear_v1_Chapter_13.md,UNMAPPED,UNVERIFIED
REQ-01203,EAR1-C13-0045,13,evidence,,Moodify_Ear_v1_Chapter_13_Package/Moodify_Ear_v1_Chapter_13/Moodify_Ear_v1_Chapter_13.md,UNMAPPED,UNVERIFIED
REQ-01204,EAR1-C13-0047,13,measurement;evidence;human_authority,,Moodify_Ear_v1_Chapter_13_Package/Moodify_Ear_v1_Chapter_13/Moodify_Ear_v1_Chapter_13.md,UNMAPPED,UNVERIFIED
REQ-01205,EAR1-C13-0049,13,measurement,,Moodify_Ear_v1_Chapter_13_Package/Moodify_Ear_v1_Chapter_13/Moodify_Ear_v1_Chapter_13.md,UNMAPPED,UNVERIFIED
REQ-01206,EAR1-C13-0050,13,evidence,,Moodify_Ear_v1_Chapter_13_Package/Moodify_Ear_v1_Chapter_13/Moodify_Ear_v1_Chapter_13.md,UNMAPPED,UNVERIFIED
REQ-01207,EAR1-C13-0051,13,evidence;failure_recovery,,Moodify_Ear_v1_Chapter_13_Package/Moodify_Ear_v1_Chapter_13/Moodify_Ear_v1_Chapter_13.md,UNMAPPED,UNVERIFIED
REQ-01208,EAR1-C13-0053,13,measurement;evidence,,Moodify_Ear_v1_Chapter_13_Package/Moodify_Ear_v1_Chapter_13/Moodify_Ear_v1_Chapter_13.md,UNMAPPED,UNVERIFIED
REQ-01209,EAR1-C13-0055,13,failure_recovery,,Moodify_Ear_v1_Chapter_13_Package/Moodify_Ear_v1_Chapter_13/Moodify_Ear_v1_Chapter_13.md,UNMAPPED,UNVERIFIED
REQ-01210,EAR1-C13-0056,13,measurement;evidence,,Moodify_Ear_v1_Chapter_13_Package/Moodify_Ear_v1_Chapter_13/Moodify_Ear_v1_Chapter_13.md,UNMAPPED,UNVERIFIED
REQ-01211,EAR1-C13-0057,13,measurement,,Moodify_Ear_v1_Chapter_13_Package/Moodify_Ear_v1_Chapter_13/Moodify_Ear_v1_Chapter_13.md,UNMAPPED,UNVERIFIED
REQ-01212,EAR1-C13-0059,13,verification,,Moodify_Ear_v1_Chapter_13_Package/Moodify_Ear_v1_Chapter_13/Moodify_Ear_v1_Chapter_13.md,UNMAPPED,UNVERIFIED
REQ-01213,EAR1-C13-0063,13,evidence,,Moodify_Ear_v1_Chapter_13_Package/Moodify_Ear_v1_Chapter_13/Moodify_Ear_v1_Chapter_13.md,UNMAPPED,UNVERIFIED
REQ-01214,EAR1-C13-0064,13,evidence,,Moodify_Ear_v1_Chapter_13_Package/Moodify_Ear_v1_Chapter_13/Moodify_Ear_v1_Chapter_13.md,UNMAPPED,UNVERIFIED
REQ-01215,EAR1-C13-0067,13,evidence,,Moodify_Ear_v1_Chapter_13_Package/Moodify_Ear_v1_Chapter_13/Moodify_Ear_v1_Chapter_13.md,UNMAPPED,UNVERIFIED
REQ-01216,EAR1-C13-0069,13,evidence,,Moodify_Ear_v1_Chapter_13_Package/Moodify_Ear_v1_Chapter_13/Moodify_Ear_v1_Chapter_13.md,UNMAPPED,UNVERIFIED
REQ-01217,EAR1-C13-0070,13,evidence;verification,,Moodify_Ear_v1_Chapter_13_Package/Moodify_Ear_v1_Chapter_13/Moodify_Ear_v1_Chapter_13.md,UNMAPPED,UNVERIFIED
REQ-01218,EAR1-C13-0071,13,evidence,,Moodify_Ear_v1_Chapter_13_Package/Moodify_Ear_v1_Chapter_13/Moodify_Ear_v1_Chapter_13.md,UNMAPPED,UNVERIFIED
REQ-01219,EAR1-C13-0075,13,evidence;human_authority,,Moodify_Ear_v1_Chapter_13_Package/Moodify_Ear_v1_Chapter_13/Moodify_Ear_v1_Chapter_13.md,UNMAPPED,UNVERIFIED
REQ-01220,EAR1-C13-0077,13,human_authority,,Moodify_Ear_v1_Chapter_13_Package/Moodify_Ear_v1_Chapter_13/Moodify_Ear_v1_Chapter_13.md,UNMAPPED,UNVERIFIED
REQ-01221,EAR1-C13-0079,13,measurement;evidence;human_authority,,Moodify_Ear_v1_Chapter_13_Package/Moodify_Ear_v1_Chapter_13/Moodify_Ear_v1_Chapter_13.md,UNMAPPED,UNVERIFIED
REQ-01222,EAR1-C13-0080,13,measurement;evidence;failure_recovery;human_authority,,Moodify_Ear_v1_Chapter_13_Package/Moodify_Ear_v1_Chapter_13/Moodify_Ear_v1_Chapter_13.md,UNMAPPED,UNVERIFIED
REQ-01223,EAR1-C13-0081,13,failure_recovery,,Moodify_Ear_v1_Chapter_13_Package/Moodify_Ear_v1_Chapter_13/Moodify_Ear_v1_Chapter_13.md,UNMAPPED,UNVERIFIED
REQ-01224,EAR1-C13-0084,13,evidence,,Moodify_Ear_v1_Chapter_13_Package/Moodify_Ear_v1_Chapter_13/Moodify_Ear_v1_Chapter_13.md,UNMAPPED,UNVERIFIED
REQ-01225,EAR1-C13-0085,13,measurement;evidence;verification,,Moodify_Ear_v1_Chapter_13_Package/Moodify_Ear_v1_Chapter_13/Moodify_Ear_v1_Chapter_13.md,UNMAPPED,UNVERIFIED
REQ-01226,EAR1-C13-0086,13,evidence;failure_recovery,,Moodify_Ear_v1_Chapter_13_Package/Moodify_Ear_v1_Chapter_13/Moodify_Ear_v1_Chapter_13.md,UNMAPPED,UNVERIFIED
REQ-01227,EAR1-C13-0088,13,evidence,,Moodify_Ear_v1_Chapter_13_Package/Moodify_Ear_v1_Chapter_13/Moodify_Ear_v1_Chapter_13.md,UNMAPPED,UNVERIFIED
REQ-01228,EAR1-C13-0089,13,human_authority,,Moodify_Ear_v1_Chapter_13_Package/Moodify_Ear_v1_Chapter_13/Moodify_Ear_v1_Chapter_13.md,UNMAPPED,UNVERIFIED
REQ-01229,EAR1-C13-0092,13,evidence,,Moodify_Ear_v1_Chapter_13_Package/Moodify_Ear_v1_Chapter_13/Moodify_Ear_v1_Chapter_13.md,UNMAPPED,UNVERIFIED
REQ-01230,EAR1-C13-0093,13,verification;failure_recovery,,Moodify_Ear_v1_Chapter_13_Package/Moodify_Ear_v1_Chapter_13/Moodify_Ear_v1_Chapter_13.md,UNMAPPED,UNVERIFIED
REQ-01231,EAR1-C13-0094,13,verification,,Moodify_Ear_v1_Chapter_13_Package/Moodify_Ear_v1_Chapter_13/Moodify_Ear_v1_Chapter_13.md,UNMAPPED,UNVERIFIED
REQ-01232,EAR1-C13-0096,13,evidence,,Moodify_Ear_v1_Chapter_13_Package/Moodify_Ear_v1_Chapter_13/Moodify_Ear_v1_Chapter_13.md,UNMAPPED,UNVERIFIED
REQ-01233,EAR1-C13-0097,13,verification,,Moodify_Ear_v1_Chapter_13_Package/Moodify_Ear_v1_Chapter_13/Moodify_Ear_v1_Chapter_13.md,UNMAPPED,UNVERIFIED
REQ-01234,EAR1-C13-0098,13,evidence,,Moodify_Ear_v1_Chapter_13_Package/Moodify_Ear_v1_Chapter_13/Moodify_Ear_v1_Chapter_13.md,UNMAPPED,UNVERIFIED
REQ-01235,EAR1-C13-0101,13,evidence,,Moodify_Ear_v1_Chapter_13_Package/Moodify_Ear_v1_Chapter_13/Moodify_Ear_v1_Chapter_13.md,UNMAPPED,UNVERIFIED
REQ-01236,EAR1-C13-0102,13,human_authority,,Moodify_Ear_v1_Chapter_13_Package/Moodify_Ear_v1_Chapter_13/Moodify_Ear_v1_Chapter_13.md,UNMAPPED,UNVERIFIED
REQ-01237,EAR1-C13-0105,13,verification;human_authority,,Moodify_Ear_v1_Chapter_13_Package/Moodify_Ear_v1_Chapter_13/Moodify_Ear_v1_Chapter_13.md,UNMAPPED,UNVERIFIED
REQ-01238,EAR1-C13-0106,13,evidence,,Moodify_Ear_v1_Chapter_13_Package/Moodify_Ear_v1_Chapter_13/Moodify_Ear_v1_Chapter_13.md,UNMAPPED,UNVERIFIED
REQ-01239,EAR1-C13-0108,13,human_authority,,Moodify_Ear_v1_Chapter_13_Package/Moodify_Ear_v1_Chapter_13/Moodify_Ear_v1_Chapter_13.md,UNMAPPED,UNVERIFIED
REQ-01240,EAR1-C13-0111,13,measurement;evidence;verification,,Moodify_Ear_v1_Chapter_13_Package/Moodify_Ear_v1_Chapter_13/Moodify_Ear_v1_Chapter_13.md,UNMAPPED,UNVERIFIED
REQ-01241,EAR1-C13-0112,13,evidence,,Moodify_Ear_v1_Chapter_13_Package/Moodify_Ear_v1_Chapter_13/Moodify_Ear_v1_Chapter_13.md,UNMAPPED,UNVERIFIED
REQ-01242,EAR1-C13-0114,13,evidence,,Moodify_Ear_v1_Chapter_13_Package/Moodify_Ear_v1_Chapter_13/Moodify_Ear_v1_Chapter_13.md,UNMAPPED,UNVERIFIED
REQ-01243,EAR1-C13-0116,13,verification,,Moodify_Ear_v1_Chapter_13_Package/Moodify_Ear_v1_Chapter_13/Moodify_Ear_v1_Chapter_13.md,UNMAPPED,UNVERIFIED
REQ-01244,EAR1-C13-0117,13,verification,,Moodify_Ear_v1_Chapter_13_Package/Moodify_Ear_v1_Chapter_13/Moodify_Ear_v1_Chapter_13.md,UNMAPPED,UNVERIFIED
REQ-01245,EAR1-C13-0119,13,evidence;failure_recovery,,Moodify_Ear_v1_Chapter_13_Package/Moodify_Ear_v1_Chapter_13/Moodify_Ear_v1_Chapter_13.md,UNMAPPED,UNVERIFIED
REQ-01246,EAR1-C13-0120,13,failure_recovery,,Moodify_Ear_v1_Chapter_13_Package/Moodify_Ear_v1_Chapter_13/Moodify_Ear_v1_Chapter_13.md,UNMAPPED,UNVERIFIED
REQ-01247,EAR1-C13-0121,13,evidence;failure_recovery,,Moodify_Ear_v1_Chapter_13_Package/Moodify_Ear_v1_Chapter_13/Moodify_Ear_v1_Chapter_13.md,UNMAPPED,UNVERIFIED
REQ-01248,EAR1-C13-0122,13,failure_recovery,,Moodify_Ear_v1_Chapter_13_Package/Moodify_Ear_v1_Chapter_13/Moodify_Ear_v1_Chapter_13.md,UNMAPPED,UNVERIFIED
REQ-01249,EAR1-C13-0124,13,human_authority,,Moodify_Ear_v1_Chapter_13_Package/Moodify_Ear_v1_Chapter_13/Moodify_Ear_v1_Chapter_13.md,UNMAPPED,UNVERIFIED
REQ-01250,EAR1-C13-0128,13,human_authority,,Moodify_Ear_v1_Chapter_13_Package/Moodify_Ear_v1_Chapter_13/Moodify_Ear_v1_Chapter_13.md,UNMAPPED,UNVERIFIED
REQ-01251,EAR1-C13-0129,13,evidence;human_authority,,Moodify_Ear_v1_Chapter_13_Package/Moodify_Ear_v1_Chapter_13/Moodify_Ear_v1_Chapter_13.md,UNMAPPED,UNVERIFIED
REQ-01252,EAR1-C13-0130,13,evidence;verification,,Moodify_Ear_v1_Chapter_13_Package/Moodify_Ear_v1_Chapter_13/Moodify_Ear_v1_Chapter_13.md,UNMAPPED,UNVERIFIED
REQ-01253,EAR1-C13-0131,13,evidence,,Moodify_Ear_v1_Chapter_13_Package/Moodify_Ear_v1_Chapter_13/Moodify_Ear_v1_Chapter_13.md,UNMAPPED,UNVERIFIED
REQ-01254,EAR1-C13-0132,13,human_authority,,Moodify_Ear_v1_Chapter_13_Package/Moodify_Ear_v1_Chapter_13/Moodify_Ear_v1_Chapter_13.md,UNMAPPED,UNVERIFIED
REQ-01255,EAR1-C13-0133,13,evidence,,Moodify_Ear_v1_Chapter_13_Package/Moodify_Ear_v1_Chapter_13/Moodify_Ear_v1_Chapter_13.md,UNMAPPED,UNVERIFIED
REQ-01256,EAR1-C13-0134,13,verification,,Moodify_Ear_v1_Chapter_13_Package/Moodify_Ear_v1_Chapter_13/Moodify_Ear_v1_Chapter_13.md,UNMAPPED,UNVERIFIED
REQ-01257,EAR1-C13-0135,13,verification;human_authority,,Moodify_Ear_v1_Chapter_13_Package/Moodify_Ear_v1_Chapter_13/Moodify_Ear_v1_Chapter_13.md,UNMAPPED,UNVERIFIED
REQ-01258,EAR1-C13-0137,13,evidence,,Moodify_Ear_v1_Chapter_13_Package/Moodify_Ear_v1_Chapter_13/Moodify_Ear_v1_Chapter_13.md,UNMAPPED,UNVERIFIED
REQ-01259,EAR1-C13-0140,13,measurement,,Moodify_Ear_v1_Chapter_13_Package/Moodify_Ear_v1_Chapter_13/Moodify_Ear_v1_Chapter_13.md,UNMAPPED,UNVERIFIED
REQ-01260,EAR1-C13-0141,13,evidence;verification;human_authority,,Moodify_Ear_v1_Chapter_13_Package/Moodify_Ear_v1_Chapter_13/Moodify_Ear_v1_Chapter_13.md,UNMAPPED,UNVERIFIED
REQ-01261,EAR1-C13-0142,13,verification;human_authority,,Moodify_Ear_v1_Chapter_13_Package/Moodify_Ear_v1_Chapter_13/Moodify_Ear_v1_Chapter_13.md,UNMAPPED,UNVERIFIED
REQ-01262,EAR1-C13-0143,13,verification,,Moodify_Ear_v1_Chapter_13_Package/Moodify_Ear_v1_Chapter_13/Moodify_Ear_v1_Chapter_13.md,UNMAPPED,UNVERIFIED
REQ-01263,EAR1-C13-0145,13,measurement;evidence;failure_recovery;human_authority,,Moodify_Ear_v1_Chapter_13_Package/Moodify_Ear_v1_Chapter_13/Moodify_Ear_v1_Chapter_13.md,UNMAPPED,UNVERIFIED
REQ-01264,EAR1-C13-0148,13,verification,,Moodify_Ear_v1_Chapter_13_Package/Moodify_Ear_v1_Chapter_13/Moodify_Ear_v1_Chapter_13.md,UNMAPPED,UNVERIFIED
REQ-01265,EAR1-C13-0149,13,evidence;human_authority,,Moodify_Ear_v1_Chapter_13_Package/Moodify_Ear_v1_Chapter_13/Moodify_Ear_v1_Chapter_13.md,UNMAPPED,UNVERIFIED
REQ-01266,EAR1-C13-0154,13,evidence;verification,,Moodify_Ear_v1_Chapter_13_Package/Moodify_Ear_v1_Chapter_13/Moodify_Ear_v1_Chapter_13.md,UNMAPPED,UNVERIFIED
REQ-01267,EAR1-C13-0155,13,evidence,,Moodify_Ear_v1_Chapter_13_Package/Moodify_Ear_v1_Chapter_13/Moodify_Ear_v1_Chapter_13.md,UNMAPPED,UNVERIFIED
REQ-01268,EAR1-C13-0159,13,measurement;evidence;human_authority,,Moodify_Ear_v1_Chapter_13_Package/Moodify_Ear_v1_Chapter_13/Moodify_Ear_v1_Chapter_13.md,UNMAPPED,UNVERIFIED
REQ-01269,EAR1-C13-0162,13,measurement;verification,,Moodify_Ear_v1_Chapter_13_Package/Moodify_Ear_v1_Chapter_13/Moodify_Ear_v1_Chapter_13.md,UNMAPPED,UNVERIFIED
REQ-01270,EAR1-C13-0163,13,evidence;verification;human_authority,,Moodify_Ear_v1_Chapter_13_Package/Moodify_Ear_v1_Chapter_13/Moodify_Ear_v1_Chapter_13.md,UNMAPPED,UNVERIFIED
REQ-01271,EAR1-C13-0164,13,verification;failure_recovery,,Moodify_Ear_v1_Chapter_13_Package/Moodify_Ear_v1_Chapter_13/Moodify_Ear_v1_Chapter_13.md,UNMAPPED,UNVERIFIED
REQ-01272,EAR1-C13-0168,13,evidence;failure_recovery,COMP-003,Moodify_Ear_v1_Chapter_13_Package/Moodify_Ear_v1_Chapter_13/Moodify_Ear_v1_Chapter_13.md,UNMAPPED,UNVERIFIED
REQ-01273,EAR1-C13-0171,13,evidence,,Moodify_Ear_v1_Chapter_13_Package/Moodify_Ear_v1_Chapter_13/Moodify_Ear_v1_Chapter_13.md,UNMAPPED,UNVERIFIED
REQ-01274,EAR1-C13-0173,13,evidence,,Moodify_Ear_v1_Chapter_13_Package/Moodify_Ear_v1_Chapter_13/Moodify_Ear_v1_Chapter_13.md,UNMAPPED,UNVERIFIED
REQ-01275,EAR1-C13-0174,13,human_authority,,Moodify_Ear_v1_Chapter_13_Package/Moodify_Ear_v1_Chapter_13/Moodify_Ear_v1_Chapter_13.md,UNMAPPED,UNVERIFIED
REQ-01276,EAR1-C13-0179,13,evidence,,Moodify_Ear_v1_Chapter_13_Package/Moodify_Ear_v1_Chapter_13/Moodify_Ear_v1_Chapter_13.md,UNMAPPED,UNVERIFIED
REQ-01277,EAR1-C13-0180,13,evidence,,Moodify_Ear_v1_Chapter_13_Package/Moodify_Ear_v1_Chapter_13/Moodify_Ear_v1_Chapter_13.md,UNMAPPED,UNVERIFIED
REQ-01278,EAR1-C13-0181,13,failure_recovery,,Moodify_Ear_v1_Chapter_13_Package/Moodify_Ear_v1_Chapter_13/Moodify_Ear_v1_Chapter_13.md,UNMAPPED,UNVERIFIED
REQ-01279,EAR1-C13-0182,13,evidence,,Moodify_Ear_v1_Chapter_13_Package/Moodify_Ear_v1_Chapter_13/Moodify_Ear_v1_Chapter_13.md,UNMAPPED,UNVERIFIED
REQ-01280,EAR1-C13-0183,13,verification,,Moodify_Ear_v1_Chapter_13_Package/Moodify_Ear_v1_Chapter_13/Moodify_Ear_v1_Chapter_13.md,UNMAPPED,UNVERIFIED
REQ-01281,EAR1-C13-0185,13,measurement;evidence;human_authority,,Moodify_Ear_v1_Chapter_13_Package/Moodify_Ear_v1_Chapter_13/Moodify_Ear_v1_Chapter_13.md,UNMAPPED,UNVERIFIED
REQ-01282,EAR1-C13-0186,13,verification,,Moodify_Ear_v1_Chapter_13_Package/Moodify_Ear_v1_Chapter_13/Moodify_Ear_v1_Chapter_13.md,UNMAPPED,UNVERIFIED
REQ-01283,EAR1-C13-0187,13,measurement;failure_recovery,,Moodify_Ear_v1_Chapter_13_Package/Moodify_Ear_v1_Chapter_13/Moodify_Ear_v1_Chapter_13.md,UNMAPPED,UNVERIFIED
REQ-01284,EAR1-C13-0192,13,verification,,Moodify_Ear_v1_Chapter_13_Package/Moodify_Ear_v1_Chapter_13/Moodify_Ear_v1_Chapter_13.md,UNMAPPED,UNVERIFIED
REQ-01285,EAR1-C13-0198,13,verification,,Moodify_Ear_v1_Chapter_13_Package/Moodify_Ear_v1_Chapter_13/Moodify_Ear_v1_Chapter_13.md,UNMAPPED,UNVERIFIED
REQ-01286,EAR1-C13-0206,13,evidence,,Moodify_Ear_v1_Chapter_13_Package/Moodify_Ear_v1_Chapter_13/Moodify_Ear_v1_Chapter_13.md,UNMAPPED,UNVERIFIED
REQ-01287,EAR1-C13-0213,13,failure_recovery,,Moodify_Ear_v1_Chapter_13_Package/Moodify_Ear_v1_Chapter_13/Moodify_Ear_v1_Chapter_13.md,UNMAPPED,UNVERIFIED
REQ-01288,EAR1-C13-0228,13,verification,,Moodify_Ear_v1_Chapter_13_Package/Moodify_Ear_v1_Chapter_13/Moodify_Ear_v1_Chapter_13.md,UNMAPPED,UNVERIFIED
REQ-01289,EAR1-C13-0229,13,verification,,Moodify_Ear_v1_Chapter_13_Package/Moodify_Ear_v1_Chapter_13/Moodify_Ear_v1_Chapter_13.md,UNMAPPED,UNVERIFIED
REQ-01290,EAR1-C14-0001,14,human_authority,,Moodify_Ear_v1_Chapter_14_Package/Moodify_Ear_v1_Chapter_14/Moodify_Ear_v1_Chapter_14.md,UNMAPPED,UNVERIFIED
REQ-01291,EAR1-C14-0004,14,measurement,,Moodify_Ear_v1_Chapter_14_Package/Moodify_Ear_v1_Chapter_14/Moodify_Ear_v1_Chapter_14.md,UNMAPPED,UNVERIFIED
REQ-01292,EAR1-C14-0006,14,measurement;evidence;verification;human_authority,,Moodify_Ear_v1_Chapter_14_Package/Moodify_Ear_v1_Chapter_14/Moodify_Ear_v1_Chapter_14.md,UNMAPPED,UNVERIFIED
REQ-01293,EAR1-C14-0007,14,human_authority,COMP-012,Moodify_Ear_v1_Chapter_14_Package/Moodify_Ear_v1_Chapter_14/Moodify_Ear_v1_Chapter_14.md,UNMAPPED,UNVERIFIED
REQ-01294,EAR1-C14-0009,14,human_authority,,Moodify_Ear_v1_Chapter_14_Package/Moodify_Ear_v1_Chapter_14/Moodify_Ear_v1_Chapter_14.md,UNMAPPED,UNVERIFIED
REQ-01295,EAR1-C14-0010,14,evidence,,Moodify_Ear_v1_Chapter_14_Package/Moodify_Ear_v1_Chapter_14/Moodify_Ear_v1_Chapter_14.md,UNMAPPED,UNVERIFIED
REQ-01296,EAR1-C14-0011,14,verification,,Moodify_Ear_v1_Chapter_14_Package/Moodify_Ear_v1_Chapter_14/Moodify_Ear_v1_Chapter_14.md,UNMAPPED,UNVERIFIED
REQ-01297,EAR1-C14-0012,14,verification,,Moodify_Ear_v1_Chapter_14_Package/Moodify_Ear_v1_Chapter_14/Moodify_Ear_v1_Chapter_14.md,UNMAPPED,UNVERIFIED
REQ-01298,EAR1-C14-0013,14,verification,,Moodify_Ear_v1_Chapter_14_Package/Moodify_Ear_v1_Chapter_14/Moodify_Ear_v1_Chapter_14.md,UNMAPPED,UNVERIFIED
REQ-01299,EAR1-C14-0014,14,measurement,,Moodify_Ear_v1_Chapter_14_Package/Moodify_Ear_v1_Chapter_14/Moodify_Ear_v1_Chapter_14.md,UNMAPPED,UNVERIFIED
REQ-01300,EAR1-C14-0015,14,evidence,,Moodify_Ear_v1_Chapter_14_Package/Moodify_Ear_v1_Chapter_14/Moodify_Ear_v1_Chapter_14.md,UNMAPPED,UNVERIFIED
REQ-01301,EAR1-C14-0016,14,evidence,,Moodify_Ear_v1_Chapter_14_Package/Moodify_Ear_v1_Chapter_14/Moodify_Ear_v1_Chapter_14.md,UNMAPPED,UNVERIFIED
REQ-01302,EAR1-C14-0018,14,human_authority,,Moodify_Ear_v1_Chapter_14_Package/Moodify_Ear_v1_Chapter_14/Moodify_Ear_v1_Chapter_14.md,UNMAPPED,UNVERIFIED
REQ-01303,EAR1-C14-0019,14,human_authority,,Moodify_Ear_v1_Chapter_14_Package/Moodify_Ear_v1_Chapter_14/Moodify_Ear_v1_Chapter_14.md,UNMAPPED,UNVERIFIED
REQ-01304,EAR1-C14-0020,14,human_authority,,Moodify_Ear_v1_Chapter_14_Package/Moodify_Ear_v1_Chapter_14/Moodify_Ear_v1_Chapter_14.md,UNMAPPED,UNVERIFIED
REQ-01305,EAR1-C14-0021,14,evidence;human_authority,,Moodify_Ear_v1_Chapter_14_Package/Moodify_Ear_v1_Chapter_14/Moodify_Ear_v1_Chapter_14.md,UNMAPPED,UNVERIFIED
REQ-01306,EAR1-C14-0022,14,evidence;failure_recovery;human_authority,,Moodify_Ear_v1_Chapter_14_Package/Moodify_Ear_v1_Chapter_14/Moodify_Ear_v1_Chapter_14.md,UNMAPPED,UNVERIFIED
REQ-01307,EAR1-C14-0023,14,evidence,,Moodify_Ear_v1_Chapter_14_Package/Moodify_Ear_v1_Chapter_14/Moodify_Ear_v1_Chapter_14.md,UNMAPPED,UNVERIFIED
REQ-01308,EAR1-C14-0024,14,verification,,Moodify_Ear_v1_Chapter_14_Package/Moodify_Ear_v1_Chapter_14/Moodify_Ear_v1_Chapter_14.md,UNMAPPED,UNVERIFIED
REQ-01309,EAR1-C14-0025,14,evidence,,Moodify_Ear_v1_Chapter_14_Package/Moodify_Ear_v1_Chapter_14/Moodify_Ear_v1_Chapter_14.md,UNMAPPED,UNVERIFIED
REQ-01310,EAR1-C14-0026,14,human_authority,,Moodify_Ear_v1_Chapter_14_Package/Moodify_Ear_v1_Chapter_14/Moodify_Ear_v1_Chapter_14.md,UNMAPPED,UNVERIFIED
REQ-01311,EAR1-C14-0027,14,verification;human_authority,,Moodify_Ear_v1_Chapter_14_Package/Moodify_Ear_v1_Chapter_14/Moodify_Ear_v1_Chapter_14.md,UNMAPPED,UNVERIFIED
REQ-01312,EAR1-C14-0028,14,verification,,Moodify_Ear_v1_Chapter_14_Package/Moodify_Ear_v1_Chapter_14/Moodify_Ear_v1_Chapter_14.md,UNMAPPED,UNVERIFIED
REQ-01313,EAR1-C14-0031,14,measurement;evidence;verification,,Moodify_Ear_v1_Chapter_14_Package/Moodify_Ear_v1_Chapter_14/Moodify_Ear_v1_Chapter_14.md,UNMAPPED,UNVERIFIED
REQ-01314,EAR1-C14-0032,14,measurement;verification,,Moodify_Ear_v1_Chapter_14_Package/Moodify_Ear_v1_Chapter_14/Moodify_Ear_v1_Chapter_14.md,UNMAPPED,UNVERIFIED
REQ-01315,EAR1-C14-0033,14,failure_recovery,,Moodify_Ear_v1_Chapter_14_Package/Moodify_Ear_v1_Chapter_14/Moodify_Ear_v1_Chapter_14.md,UNMAPPED,UNVERIFIED
REQ-01316,EAR1-C14-0036,14,verification,,Moodify_Ear_v1_Chapter_14_Package/Moodify_Ear_v1_Chapter_14/Moodify_Ear_v1_Chapter_14.md,UNMAPPED,UNVERIFIED
REQ-01317,EAR1-C14-0041,14,evidence;verification,,Moodify_Ear_v1_Chapter_14_Package/Moodify_Ear_v1_Chapter_14/Moodify_Ear_v1_Chapter_14.md,UNMAPPED,UNVERIFIED
REQ-01318,EAR1-C14-0042,14,verification,,Moodify_Ear_v1_Chapter_14_Package/Moodify_Ear_v1_Chapter_14/Moodify_Ear_v1_Chapter_14.md,UNMAPPED,UNVERIFIED
REQ-01319,EAR1-C14-0048,14,verification,,Moodify_Ear_v1_Chapter_14_Package/Moodify_Ear_v1_Chapter_14/Moodify_Ear_v1_Chapter_14.md,UNMAPPED,UNVERIFIED
REQ-01320,EAR1-C14-0054,14,evidence,,Moodify_Ear_v1_Chapter_14_Package/Moodify_Ear_v1_Chapter_14/Moodify_Ear_v1_Chapter_14.md,UNMAPPED,UNVERIFIED
REQ-01321,EAR1-C14-0055,14,verification;human_authority,,Moodify_Ear_v1_Chapter_14_Package/Moodify_Ear_v1_Chapter_14/Moodify_Ear_v1_Chapter_14.md,UNMAPPED,UNVERIFIED
REQ-01322,EAR1-C14-0058,14,human_authority,,Moodify_Ear_v1_Chapter_14_Package/Moodify_Ear_v1_Chapter_14/Moodify_Ear_v1_Chapter_14.md,UNMAPPED,UNVERIFIED
REQ-01323,EAR1-C14-0062,14,measurement;human_authority,,Moodify_Ear_v1_Chapter_14_Package/Moodify_Ear_v1_Chapter_14/Moodify_Ear_v1_Chapter_14.md,UNMAPPED,UNVERIFIED
REQ-01324,EAR1-C14-0063,14,human_authority,,Moodify_Ear_v1_Chapter_14_Package/Moodify_Ear_v1_Chapter_14/Moodify_Ear_v1_Chapter_14.md,UNMAPPED,UNVERIFIED
REQ-01325,EAR1-C14-0064,14,measurement,,Moodify_Ear_v1_Chapter_14_Package/Moodify_Ear_v1_Chapter_14/Moodify_Ear_v1_Chapter_14.md,UNMAPPED,UNVERIFIED
REQ-01326,EAR1-C14-0065,14,measurement,,Moodify_Ear_v1_Chapter_14_Package/Moodify_Ear_v1_Chapter_14/Moodify_Ear_v1_Chapter_14.md,UNMAPPED,UNVERIFIED
REQ-01327,EAR1-C14-0070,14,human_authority,,Moodify_Ear_v1_Chapter_14_Package/Moodify_Ear_v1_Chapter_14/Moodify_Ear_v1_Chapter_14.md,UNMAPPED,UNVERIFIED
REQ-01328,EAR1-C14-0074,14,evidence;human_authority,,Moodify_Ear_v1_Chapter_14_Package/Moodify_Ear_v1_Chapter_14/Moodify_Ear_v1_Chapter_14.md,UNMAPPED,UNVERIFIED
REQ-01329,EAR1-C14-0075,14,verification,,Moodify_Ear_v1_Chapter_14_Package/Moodify_Ear_v1_Chapter_14/Moodify_Ear_v1_Chapter_14.md,UNMAPPED,UNVERIFIED
REQ-01330,EAR1-C14-0076,14,evidence,,Moodify_Ear_v1_Chapter_14_Package/Moodify_Ear_v1_Chapter_14/Moodify_Ear_v1_Chapter_14.md,UNMAPPED,UNVERIFIED
REQ-01331,EAR1-C14-0082,14,evidence;verification,,Moodify_Ear_v1_Chapter_14_Package/Moodify_Ear_v1_Chapter_14/Moodify_Ear_v1_Chapter_14.md,UNMAPPED,UNVERIFIED
REQ-01332,EAR1-C14-0083,14,measurement,,Moodify_Ear_v1_Chapter_14_Package/Moodify_Ear_v1_Chapter_14/Moodify_Ear_v1_Chapter_14.md,UNMAPPED,UNVERIFIED
REQ-01333,EAR1-C14-0084,14,measurement;evidence,,Moodify_Ear_v1_Chapter_14_Package/Moodify_Ear_v1_Chapter_14/Moodify_Ear_v1_Chapter_14.md,UNMAPPED,UNVERIFIED
REQ-01334,EAR1-C14-0086,14,measurement,,Moodify_Ear_v1_Chapter_14_Package/Moodify_Ear_v1_Chapter_14/Moodify_Ear_v1_Chapter_14.md,UNMAPPED,UNVERIFIED
REQ-01335,EAR1-C14-0088,14,measurement;human_authority,,Moodify_Ear_v1_Chapter_14_Package/Moodify_Ear_v1_Chapter_14/Moodify_Ear_v1_Chapter_14.md,UNMAPPED,UNVERIFIED
REQ-01336,EAR1-C14-0092,14,human_authority,,Moodify_Ear_v1_Chapter_14_Package/Moodify_Ear_v1_Chapter_14/Moodify_Ear_v1_Chapter_14.md,UNMAPPED,UNVERIFIED
REQ-01337,EAR1-C14-0094,14,evidence,,Moodify_Ear_v1_Chapter_14_Package/Moodify_Ear_v1_Chapter_14/Moodify_Ear_v1_Chapter_14.md,UNMAPPED,UNVERIFIED
REQ-01338,EAR1-C14-0096,14,human_authority,,Moodify_Ear_v1_Chapter_14_Package/Moodify_Ear_v1_Chapter_14/Moodify_Ear_v1_Chapter_14.md,UNMAPPED,UNVERIFIED
REQ-01339,EAR1-C14-0097,14,measurement,,Moodify_Ear_v1_Chapter_14_Package/Moodify_Ear_v1_Chapter_14/Moodify_Ear_v1_Chapter_14.md,UNMAPPED,UNVERIFIED
REQ-01340,EAR1-C14-0098,14,verification,,Moodify_Ear_v1_Chapter_14_Package/Moodify_Ear_v1_Chapter_14/Moodify_Ear_v1_Chapter_14.md,UNMAPPED,UNVERIFIED
REQ-01341,EAR1-C14-0103,14,evidence;verification,,Moodify_Ear_v1_Chapter_14_Package/Moodify_Ear_v1_Chapter_14/Moodify_Ear_v1_Chapter_14.md,UNMAPPED,UNVERIFIED
REQ-01342,EAR1-C14-0104,14,human_authority,,Moodify_Ear_v1_Chapter_14_Package/Moodify_Ear_v1_Chapter_14/Moodify_Ear_v1_Chapter_14.md,UNMAPPED,UNVERIFIED
REQ-01343,EAR1-C14-0105,14,evidence,,Moodify_Ear_v1_Chapter_14_Package/Moodify_Ear_v1_Chapter_14/Moodify_Ear_v1_Chapter_14.md,UNMAPPED,UNVERIFIED
REQ-01344,EAR1-C14-0106,14,evidence;failure_recovery,,Moodify_Ear_v1_Chapter_14_Package/Moodify_Ear_v1_Chapter_14/Moodify_Ear_v1_Chapter_14.md,UNMAPPED,UNVERIFIED
REQ-01345,EAR1-C14-0107,14,human_authority,,Moodify_Ear_v1_Chapter_14_Package/Moodify_Ear_v1_Chapter_14/Moodify_Ear_v1_Chapter_14.md,UNMAPPED,UNVERIFIED
REQ-01346,EAR1-C14-0108,14,measurement,,Moodify_Ear_v1_Chapter_14_Package/Moodify_Ear_v1_Chapter_14/Moodify_Ear_v1_Chapter_14.md,UNMAPPED,UNVERIFIED
REQ-01347,EAR1-C14-0110,14,evidence;human_authority,,Moodify_Ear_v1_Chapter_14_Package/Moodify_Ear_v1_Chapter_14/Moodify_Ear_v1_Chapter_14.md,UNMAPPED,UNVERIFIED
REQ-01348,EAR1-C14-0113,14,evidence,,Moodify_Ear_v1_Chapter_14_Package/Moodify_Ear_v1_Chapter_14/Moodify_Ear_v1_Chapter_14.md,UNMAPPED,UNVERIFIED
REQ-01349,EAR1-C14-0115,14,human_authority,,Moodify_Ear_v1_Chapter_14_Package/Moodify_Ear_v1_Chapter_14/Moodify_Ear_v1_Chapter_14.md,UNMAPPED,UNVERIFIED
REQ-01350,EAR1-C14-0116,14,human_authority,,Moodify_Ear_v1_Chapter_14_Package/Moodify_Ear_v1_Chapter_14/Moodify_Ear_v1_Chapter_14.md,UNMAPPED,UNVERIFIED
REQ-01351,EAR1-C14-0117,14,measurement;human_authority,,Moodify_Ear_v1_Chapter_14_Package/Moodify_Ear_v1_Chapter_14/Moodify_Ear_v1_Chapter_14.md,UNMAPPED,UNVERIFIED
REQ-01352,EAR1-C14-0118,14,verification,,Moodify_Ear_v1_Chapter_14_Package/Moodify_Ear_v1_Chapter_14/Moodify_Ear_v1_Chapter_14.md,UNMAPPED,UNVERIFIED
REQ-01353,EAR1-C14-0120,14,human_authority,,Moodify_Ear_v1_Chapter_14_Package/Moodify_Ear_v1_Chapter_14/Moodify_Ear_v1_Chapter_14.md,UNMAPPED,UNVERIFIED
REQ-01354,EAR1-C14-0121,14,human_authority,,Moodify_Ear_v1_Chapter_14_Package/Moodify_Ear_v1_Chapter_14/Moodify_Ear_v1_Chapter_14.md,UNMAPPED,UNVERIFIED
REQ-01355,EAR1-C14-0122,14,measurement;human_authority,,Moodify_Ear_v1_Chapter_14_Package/Moodify_Ear_v1_Chapter_14/Moodify_Ear_v1_Chapter_14.md,UNMAPPED,UNVERIFIED
REQ-01356,EAR1-C14-0123,14,human_authority,,Moodify_Ear_v1_Chapter_14_Package/Moodify_Ear_v1_Chapter_14/Moodify_Ear_v1_Chapter_14.md,UNMAPPED,UNVERIFIED
REQ-01357,EAR1-C14-0124,14,evidence,,Moodify_Ear_v1_Chapter_14_Package/Moodify_Ear_v1_Chapter_14/Moodify_Ear_v1_Chapter_14.md,UNMAPPED,UNVERIFIED
REQ-01358,EAR1-C14-0127,14,measurement;evidence;verification,,Moodify_Ear_v1_Chapter_14_Package/Moodify_Ear_v1_Chapter_14/Moodify_Ear_v1_Chapter_14.md,UNMAPPED,UNVERIFIED
REQ-01359,EAR1-C14-0128,14,evidence,,Moodify_Ear_v1_Chapter_14_Package/Moodify_Ear_v1_Chapter_14/Moodify_Ear_v1_Chapter_14.md,UNMAPPED,UNVERIFIED
REQ-01360,EAR1-C14-0131,14,verification,,Moodify_Ear_v1_Chapter_14_Package/Moodify_Ear_v1_Chapter_14/Moodify_Ear_v1_Chapter_14.md,UNMAPPED,UNVERIFIED
REQ-01361,EAR1-C14-0132,14,verification,,Moodify_Ear_v1_Chapter_14_Package/Moodify_Ear_v1_Chapter_14/Moodify_Ear_v1_Chapter_14.md,UNMAPPED,UNVERIFIED
REQ-01362,EAR1-C14-0136,14,verification,,Moodify_Ear_v1_Chapter_14_Package/Moodify_Ear_v1_Chapter_14/Moodify_Ear_v1_Chapter_14.md,UNMAPPED,UNVERIFIED
REQ-01363,EAR1-C14-0139,14,evidence;verification,,Moodify_Ear_v1_Chapter_14_Package/Moodify_Ear_v1_Chapter_14/Moodify_Ear_v1_Chapter_14.md,UNMAPPED,UNVERIFIED
REQ-01364,EAR1-C14-0141,14,evidence;verification,,Moodify_Ear_v1_Chapter_14_Package/Moodify_Ear_v1_Chapter_14/Moodify_Ear_v1_Chapter_14.md,UNMAPPED,UNVERIFIED
REQ-01365,EAR1-C14-0144,14,evidence;failure_recovery,,Moodify_Ear_v1_Chapter_14_Package/Moodify_Ear_v1_Chapter_14/Moodify_Ear_v1_Chapter_14.md,UNMAPPED,UNVERIFIED
REQ-01366,EAR1-C14-0145,14,evidence;failure_recovery,,Moodify_Ear_v1_Chapter_14_Package/Moodify_Ear_v1_Chapter_14/Moodify_Ear_v1_Chapter_14.md,UNMAPPED,UNVERIFIED
REQ-01367,EAR1-C14-0146,14,evidence;verification;failure_recovery,,Moodify_Ear_v1_Chapter_14_Package/Moodify_Ear_v1_Chapter_14/Moodify_Ear_v1_Chapter_14.md,UNMAPPED,UNVERIFIED
REQ-01368,EAR1-C14-0147,14,verification,,Moodify_Ear_v1_Chapter_14_Package/Moodify_Ear_v1_Chapter_14/Moodify_Ear_v1_Chapter_14.md,UNMAPPED,UNVERIFIED
REQ-01369,EAR1-C14-0150,14,verification,,Moodify_Ear_v1_Chapter_14_Package/Moodify_Ear_v1_Chapter_14/Moodify_Ear_v1_Chapter_14.md,UNMAPPED,UNVERIFIED
REQ-01370,EAR1-C14-0152,14,verification,,Moodify_Ear_v1_Chapter_14_Package/Moodify_Ear_v1_Chapter_14/Moodify_Ear_v1_Chapter_14.md,UNMAPPED,UNVERIFIED
REQ-01371,EAR1-C14-0153,14,verification,,Moodify_Ear_v1_Chapter_14_Package/Moodify_Ear_v1_Chapter_14/Moodify_Ear_v1_Chapter_14.md,UNMAPPED,UNVERIFIED
REQ-01372,EAR1-C14-0154,14,measurement;verification;human_authority,,Moodify_Ear_v1_Chapter_14_Package/Moodify_Ear_v1_Chapter_14/Moodify_Ear_v1_Chapter_14.md,UNMAPPED,UNVERIFIED
REQ-01373,EAR1-C14-0156,14,verification,,Moodify_Ear_v1_Chapter_14_Package/Moodify_Ear_v1_Chapter_14/Moodify_Ear_v1_Chapter_14.md,UNMAPPED,UNVERIFIED
REQ-01374,EAR1-C14-0157,14,measurement;evidence;verification;human_authority,,Moodify_Ear_v1_Chapter_14_Package/Moodify_Ear_v1_Chapter_14/Moodify_Ear_v1_Chapter_14.md,UNMAPPED,UNVERIFIED
REQ-01375,EAR1-C14-0162,14,human_authority,,Moodify_Ear_v1_Chapter_14_Package/Moodify_Ear_v1_Chapter_14/Moodify_Ear_v1_Chapter_14.md,UNMAPPED,UNVERIFIED
REQ-01376,EAR1-C14-0163,14,human_authority,,Moodify_Ear_v1_Chapter_14_Package/Moodify_Ear_v1_Chapter_14/Moodify_Ear_v1_Chapter_14.md,UNMAPPED,UNVERIFIED
REQ-01377,EAR1-C14-0168,14,evidence,,Moodify_Ear_v1_Chapter_14_Package/Moodify_Ear_v1_Chapter_14/Moodify_Ear_v1_Chapter_14.md,UNMAPPED,UNVERIFIED
REQ-01378,EAR1-C14-0170,14,verification,,Moodify_Ear_v1_Chapter_14_Package/Moodify_Ear_v1_Chapter_14/Moodify_Ear_v1_Chapter_14.md,UNMAPPED,UNVERIFIED
REQ-01379,EAR1-C14-0171,14,human_authority,,Moodify_Ear_v1_Chapter_14_Package/Moodify_Ear_v1_Chapter_14/Moodify_Ear_v1_Chapter_14.md,UNMAPPED,UNVERIFIED
REQ-01380,EAR1-C14-0174,14,evidence;verification,,Moodify_Ear_v1_Chapter_14_Package/Moodify_Ear_v1_Chapter_14/Moodify_Ear_v1_Chapter_14.md,UNMAPPED,UNVERIFIED
REQ-01381,EAR1-C14-0180,14,verification,,Moodify_Ear_v1_Chapter_14_Package/Moodify_Ear_v1_Chapter_14/Moodify_Ear_v1_Chapter_14.md,UNMAPPED,UNVERIFIED
REQ-01382,EAR1-C14-0184,14,evidence;verification;human_authority,,Moodify_Ear_v1_Chapter_14_Package/Moodify_Ear_v1_Chapter_14/Moodify_Ear_v1_Chapter_14.md,UNMAPPED,UNVERIFIED
REQ-01383,EAR1-C14-0188,14,verification,,Moodify_Ear_v1_Chapter_14_Package/Moodify_Ear_v1_Chapter_14/Moodify_Ear_v1_Chapter_14.md,UNMAPPED,UNVERIFIED
REQ-01384,EAR1-C14-0189,14,measurement;human_authority,,Moodify_Ear_v1_Chapter_14_Package/Moodify_Ear_v1_Chapter_14/Moodify_Ear_v1_Chapter_14.md,UNMAPPED,UNVERIFIED
REQ-01385,EAR1-C14-0190,14,evidence,,Moodify_Ear_v1_Chapter_14_Package/Moodify_Ear_v1_Chapter_14/Moodify_Ear_v1_Chapter_14.md,UNMAPPED,UNVERIFIED
REQ-01386,EAR1-C14-0193,14,evidence;verification;human_authority,,Moodify_Ear_v1_Chapter_14_Package/Moodify_Ear_v1_Chapter_14/Moodify_Ear_v1_Chapter_14.md,UNMAPPED,UNVERIFIED
REQ-01387,EAR1-C14-0197,14,measurement;evidence;verification,,Moodify_Ear_v1_Chapter_14_Package/Moodify_Ear_v1_Chapter_14/Moodify_Ear_v1_Chapter_14.md,UNMAPPED,UNVERIFIED
REQ-01388,EAR1-C14-0198,14,human_authority,,Moodify_Ear_v1_Chapter_14_Package/Moodify_Ear_v1_Chapter_14/Moodify_Ear_v1_Chapter_14.md,UNMAPPED,UNVERIFIED
REQ-01389,EAR1-C14-0199,14,evidence,,Moodify_Ear_v1_Chapter_14_Package/Moodify_Ear_v1_Chapter_14/Moodify_Ear_v1_Chapter_14.md,UNMAPPED,UNVERIFIED
REQ-01390,EAR1-C14-0200,14,verification,,Moodify_Ear_v1_Chapter_14_Package/Moodify_Ear_v1_Chapter_14/Moodify_Ear_v1_Chapter_14.md,UNMAPPED,UNVERIFIED
REQ-01391,EAR1-C14-0201,14,human_authority,,Moodify_Ear_v1_Chapter_14_Package/Moodify_Ear_v1_Chapter_14/Moodify_Ear_v1_Chapter_14.md,UNMAPPED,UNVERIFIED
REQ-01392,EAR1-C14-0205,14,human_authority,,Moodify_Ear_v1_Chapter_14_Package/Moodify_Ear_v1_Chapter_14/Moodify_Ear_v1_Chapter_14.md,UNMAPPED,UNVERIFIED
REQ-01393,EAR1-C14-0206,14,human_authority,,Moodify_Ear_v1_Chapter_14_Package/Moodify_Ear_v1_Chapter_14/Moodify_Ear_v1_Chapter_14.md,UNMAPPED,UNVERIFIED
REQ-01394,EAR1-C14-0208,14,human_authority,,Moodify_Ear_v1_Chapter_14_Package/Moodify_Ear_v1_Chapter_14/Moodify_Ear_v1_Chapter_14.md,UNMAPPED,UNVERIFIED
REQ-01395,EAR1-C14-0209,14,human_authority,,Moodify_Ear_v1_Chapter_14_Package/Moodify_Ear_v1_Chapter_14/Moodify_Ear_v1_Chapter_14.md,UNMAPPED,UNVERIFIED
REQ-01396,EAR1-C14-0217,14,human_authority,,Moodify_Ear_v1_Chapter_14_Package/Moodify_Ear_v1_Chapter_14/Moodify_Ear_v1_Chapter_14.md,UNMAPPED,UNVERIFIED
REQ-01397,EAR1-C14-0227,14,verification,,Moodify_Ear_v1_Chapter_14_Package/Moodify_Ear_v1_Chapter_14/Moodify_Ear_v1_Chapter_14.md,UNMAPPED,UNVERIFIED
REQ-01398,EAR1-C14-0228,14,verification,,Moodify_Ear_v1_Chapter_14_Package/Moodify_Ear_v1_Chapter_14/Moodify_Ear_v1_Chapter_14.md,UNMAPPED,UNVERIFIED
REQ-01399,EAR1-C14-0230,14,measurement,,Moodify_Ear_v1_Chapter_14_Package/Moodify_Ear_v1_Chapter_14/Moodify_Ear_v1_Chapter_14.md,UNMAPPED,UNVERIFIED
REQ-01400,EAR1-C14-0245,14,verification,,Moodify_Ear_v1_Chapter_14_Package/Moodify_Ear_v1_Chapter_14/Moodify_Ear_v1_Chapter_14.md,UNMAPPED,UNVERIFIED
REQ-01401,EAR1-C14-0247,14,verification,,Moodify_Ear_v1_Chapter_14_Package/Moodify_Ear_v1_Chapter_14/Moodify_Ear_v1_Chapter_14.md,UNMAPPED,UNVERIFIED
REQ-01402,EAR1-C14-0249,14,measurement,,Moodify_Ear_v1_Chapter_14_Package/Moodify_Ear_v1_Chapter_14/Moodify_Ear_v1_Chapter_14.md,UNMAPPED,UNVERIFIED
REQ-01403,EAR1-C15-0002,15,verification,,Moodify_Ear_v1_Chapter_15_Package/Moodify_Ear_v1_Chapter_15/Moodify_Ear_v1_Chapter_15.md,UNMAPPED,UNVERIFIED
REQ-01404,EAR1-C15-0003,15,verification,,Moodify_Ear_v1_Chapter_15_Package/Moodify_Ear_v1_Chapter_15/Moodify_Ear_v1_Chapter_15.md,UNMAPPED,UNVERIFIED
REQ-01405,EAR1-C15-0006,15,measurement;evidence;verification,,Moodify_Ear_v1_Chapter_15_Package/Moodify_Ear_v1_Chapter_15/Moodify_Ear_v1_Chapter_15.md,UNMAPPED,UNVERIFIED
REQ-01406,EAR1-C15-0009,15,evidence;human_authority,,Moodify_Ear_v1_Chapter_15_Package/Moodify_Ear_v1_Chapter_15/Moodify_Ear_v1_Chapter_15.md,UNMAPPED,UNVERIFIED
REQ-01407,EAR1-C15-0011,15,verification,,Moodify_Ear_v1_Chapter_15_Package/Moodify_Ear_v1_Chapter_15/Moodify_Ear_v1_Chapter_15.md,UNMAPPED,UNVERIFIED
REQ-01408,EAR1-C15-0012,15,verification,,Moodify_Ear_v1_Chapter_15_Package/Moodify_Ear_v1_Chapter_15/Moodify_Ear_v1_Chapter_15.md,UNMAPPED,UNVERIFIED
REQ-01409,EAR1-C15-0016,15,verification,,Moodify_Ear_v1_Chapter_15_Package/Moodify_Ear_v1_Chapter_15/Moodify_Ear_v1_Chapter_15.md,UNMAPPED,UNVERIFIED
REQ-01410,EAR1-C15-0022,15,measurement;evidence;verification,,Moodify_Ear_v1_Chapter_15_Package/Moodify_Ear_v1_Chapter_15/Moodify_Ear_v1_Chapter_15.md,UNMAPPED,UNVERIFIED
REQ-01411,EAR1-C15-0026,15,measurement,,Moodify_Ear_v1_Chapter_15_Package/Moodify_Ear_v1_Chapter_15/Moodify_Ear_v1_Chapter_15.md,UNMAPPED,UNVERIFIED
REQ-01412,EAR1-C15-0028,15,verification,,Moodify_Ear_v1_Chapter_15_Package/Moodify_Ear_v1_Chapter_15/Moodify_Ear_v1_Chapter_15.md,UNMAPPED,UNVERIFIED
REQ-01413,EAR1-C15-0030,15,measurement,,Moodify_Ear_v1_Chapter_15_Package/Moodify_Ear_v1_Chapter_15/Moodify_Ear_v1_Chapter_15.md,UNMAPPED,UNVERIFIED
REQ-01414,EAR1-C15-0031,15,verification,,Moodify_Ear_v1_Chapter_15_Package/Moodify_Ear_v1_Chapter_15/Moodify_Ear_v1_Chapter_15.md,UNMAPPED,UNVERIFIED
REQ-01415,EAR1-C15-0036,15,measurement;evidence,,Moodify_Ear_v1_Chapter_15_Package/Moodify_Ear_v1_Chapter_15/Moodify_Ear_v1_Chapter_15.md,UNMAPPED,UNVERIFIED
REQ-01416,EAR1-C15-0049,15,measurement;evidence,,Moodify_Ear_v1_Chapter_15_Package/Moodify_Ear_v1_Chapter_15/Moodify_Ear_v1_Chapter_15.md,UNMAPPED,UNVERIFIED
REQ-01417,EAR1-C15-0050,15,evidence,,Moodify_Ear_v1_Chapter_15_Package/Moodify_Ear_v1_Chapter_15/Moodify_Ear_v1_Chapter_15.md,UNMAPPED,UNVERIFIED
REQ-01418,EAR1-C15-0051,15,verification,,Moodify_Ear_v1_Chapter_15_Package/Moodify_Ear_v1_Chapter_15/Moodify_Ear_v1_Chapter_15.md,UNMAPPED,UNVERIFIED
REQ-01419,EAR1-C15-0055,15,verification,,Moodify_Ear_v1_Chapter_15_Package/Moodify_Ear_v1_Chapter_15/Moodify_Ear_v1_Chapter_15.md,UNMAPPED,UNVERIFIED
REQ-01420,EAR1-C15-0056,15,verification,,Moodify_Ear_v1_Chapter_15_Package/Moodify_Ear_v1_Chapter_15/Moodify_Ear_v1_Chapter_15.md,UNMAPPED,UNVERIFIED
REQ-01421,EAR1-C15-0058,15,measurement,,Moodify_Ear_v1_Chapter_15_Package/Moodify_Ear_v1_Chapter_15/Moodify_Ear_v1_Chapter_15.md,UNMAPPED,UNVERIFIED
REQ-01422,EAR1-C15-0059,15,measurement,,Moodify_Ear_v1_Chapter_15_Package/Moodify_Ear_v1_Chapter_15/Moodify_Ear_v1_Chapter_15.md,UNMAPPED,UNVERIFIED
REQ-01423,EAR1-C15-0060,15,measurement,,Moodify_Ear_v1_Chapter_15_Package/Moodify_Ear_v1_Chapter_15/Moodify_Ear_v1_Chapter_15.md,UNMAPPED,UNVERIFIED
REQ-01424,EAR1-C15-0061,15,measurement;evidence,,Moodify_Ear_v1_Chapter_15_Package/Moodify_Ear_v1_Chapter_15/Moodify_Ear_v1_Chapter_15.md,UNMAPPED,UNVERIFIED
REQ-01425,EAR1-C15-0062,15,verification,,Moodify_Ear_v1_Chapter_15_Package/Moodify_Ear_v1_Chapter_15/Moodify_Ear_v1_Chapter_15.md,UNMAPPED,UNVERIFIED
REQ-01426,EAR1-C15-0066,15,measurement,,Moodify_Ear_v1_Chapter_15_Package/Moodify_Ear_v1_Chapter_15/Moodify_Ear_v1_Chapter_15.md,UNMAPPED,UNVERIFIED
REQ-01427,EAR1-C15-0069,15,measurement,,Moodify_Ear_v1_Chapter_15_Package/Moodify_Ear_v1_Chapter_15/Moodify_Ear_v1_Chapter_15.md,UNMAPPED,UNVERIFIED
REQ-01428,EAR1-C15-0070,15,verification,,Moodify_Ear_v1_Chapter_15_Package/Moodify_Ear_v1_Chapter_15/Moodify_Ear_v1_Chapter_15.md,UNMAPPED,UNVERIFIED
REQ-01429,EAR1-C15-0073,15,evidence,,Moodify_Ear_v1_Chapter_15_Package/Moodify_Ear_v1_Chapter_15/Moodify_Ear_v1_Chapter_15.md,UNMAPPED,UNVERIFIED
REQ-01430,EAR1-C15-0075,15,measurement,,Moodify_Ear_v1_Chapter_15_Package/Moodify_Ear_v1_Chapter_15/Moodify_Ear_v1_Chapter_15.md,UNMAPPED,UNVERIFIED
REQ-01431,EAR1-C15-0078,15,evidence,,Moodify_Ear_v1_Chapter_15_Package/Moodify_Ear_v1_Chapter_15/Moodify_Ear_v1_Chapter_15.md,UNMAPPED,UNVERIFIED
REQ-01432,EAR1-C15-0079,15,evidence,,Moodify_Ear_v1_Chapter_15_Package/Moodify_Ear_v1_Chapter_15/Moodify_Ear_v1_Chapter_15.md,UNMAPPED,UNVERIFIED
REQ-01433,EAR1-C15-0080,15,evidence;verification;failure_recovery,,Moodify_Ear_v1_Chapter_15_Package/Moodify_Ear_v1_Chapter_15/Moodify_Ear_v1_Chapter_15.md,UNMAPPED,UNVERIFIED
REQ-01434,EAR1-C15-0082,15,evidence;verification,,Moodify_Ear_v1_Chapter_15_Package/Moodify_Ear_v1_Chapter_15/Moodify_Ear_v1_Chapter_15.md,UNMAPPED,UNVERIFIED
REQ-01435,EAR1-C15-0083,15,measurement;failure_recovery,,Moodify_Ear_v1_Chapter_15_Package/Moodify_Ear_v1_Chapter_15/Moodify_Ear_v1_Chapter_15.md,UNMAPPED,UNVERIFIED
REQ-01436,EAR1-C15-0085,15,measurement;evidence,,Moodify_Ear_v1_Chapter_15_Package/Moodify_Ear_v1_Chapter_15/Moodify_Ear_v1_Chapter_15.md,UNMAPPED,UNVERIFIED
REQ-01437,EAR1-C15-0086,15,evidence,,Moodify_Ear_v1_Chapter_15_Package/Moodify_Ear_v1_Chapter_15/Moodify_Ear_v1_Chapter_15.md,UNMAPPED,UNVERIFIED
REQ-01438,EAR1-C15-0089,15,evidence;verification,,Moodify_Ear_v1_Chapter_15_Package/Moodify_Ear_v1_Chapter_15/Moodify_Ear_v1_Chapter_15.md,UNMAPPED,UNVERIFIED
REQ-01439,EAR1-C15-0094,15,measurement;verification,,Moodify_Ear_v1_Chapter_15_Package/Moodify_Ear_v1_Chapter_15/Moodify_Ear_v1_Chapter_15.md,UNMAPPED,UNVERIFIED
REQ-01440,EAR1-C15-0096,15,verification,,Moodify_Ear_v1_Chapter_15_Package/Moodify_Ear_v1_Chapter_15/Moodify_Ear_v1_Chapter_15.md,UNMAPPED,UNVERIFIED
REQ-01441,EAR1-C15-0097,15,measurement;failure_recovery,,Moodify_Ear_v1_Chapter_15_Package/Moodify_Ear_v1_Chapter_15/Moodify_Ear_v1_Chapter_15.md,UNMAPPED,UNVERIFIED
REQ-01442,EAR1-C15-0099,15,verification,,Moodify_Ear_v1_Chapter_15_Package/Moodify_Ear_v1_Chapter_15/Moodify_Ear_v1_Chapter_15.md,UNMAPPED,UNVERIFIED
REQ-01443,EAR1-C15-0100,15,measurement,,Moodify_Ear_v1_Chapter_15_Package/Moodify_Ear_v1_Chapter_15/Moodify_Ear_v1_Chapter_15.md,UNMAPPED,UNVERIFIED
REQ-01444,EAR1-C15-0101,15,evidence;verification,,Moodify_Ear_v1_Chapter_15_Package/Moodify_Ear_v1_Chapter_15/Moodify_Ear_v1_Chapter_15.md,UNMAPPED,UNVERIFIED
REQ-01445,EAR1-C15-0102,15,verification,,Moodify_Ear_v1_Chapter_15_Package/Moodify_Ear_v1_Chapter_15/Moodify_Ear_v1_Chapter_15.md,UNMAPPED,UNVERIFIED
REQ-01446,EAR1-C15-0104,15,verification,,Moodify_Ear_v1_Chapter_15_Package/Moodify_Ear_v1_Chapter_15/Moodify_Ear_v1_Chapter_15.md,UNMAPPED,UNVERIFIED
REQ-01447,EAR1-C15-0105,15,measurement,,Moodify_Ear_v1_Chapter_15_Package/Moodify_Ear_v1_Chapter_15/Moodify_Ear_v1_Chapter_15.md,UNMAPPED,UNVERIFIED
REQ-01448,EAR1-C15-0106,15,measurement,,Moodify_Ear_v1_Chapter_15_Package/Moodify_Ear_v1_Chapter_15/Moodify_Ear_v1_Chapter_15.md,UNMAPPED,UNVERIFIED
REQ-01449,EAR1-C15-0107,15,measurement;evidence;verification,,Moodify_Ear_v1_Chapter_15_Package/Moodify_Ear_v1_Chapter_15/Moodify_Ear_v1_Chapter_15.md,UNMAPPED,UNVERIFIED
REQ-01450,EAR1-C15-0109,15,evidence;verification,,Moodify_Ear_v1_Chapter_15_Package/Moodify_Ear_v1_Chapter_15/Moodify_Ear_v1_Chapter_15.md,UNMAPPED,UNVERIFIED
REQ-01451,EAR1-C15-0111,15,evidence,,Moodify_Ear_v1_Chapter_15_Package/Moodify_Ear_v1_Chapter_15/Moodify_Ear_v1_Chapter_15.md,UNMAPPED,UNVERIFIED
REQ-01452,EAR1-C15-0113,15,verification,,Moodify_Ear_v1_Chapter_15_Package/Moodify_Ear_v1_Chapter_15/Moodify_Ear_v1_Chapter_15.md,UNMAPPED,UNVERIFIED
REQ-01453,EAR1-C15-0114,15,measurement,,Moodify_Ear_v1_Chapter_15_Package/Moodify_Ear_v1_Chapter_15/Moodify_Ear_v1_Chapter_15.md,UNMAPPED,UNVERIFIED
REQ-01454,EAR1-C15-0115,15,evidence;verification,,Moodify_Ear_v1_Chapter_15_Package/Moodify_Ear_v1_Chapter_15/Moodify_Ear_v1_Chapter_15.md,UNMAPPED,UNVERIFIED
REQ-01455,EAR1-C15-0118,15,verification,,Moodify_Ear_v1_Chapter_15_Package/Moodify_Ear_v1_Chapter_15/Moodify_Ear_v1_Chapter_15.md,UNMAPPED,UNVERIFIED
REQ-01456,EAR1-C15-0119,15,evidence;verification,,Moodify_Ear_v1_Chapter_15_Package/Moodify_Ear_v1_Chapter_15/Moodify_Ear_v1_Chapter_15.md,UNMAPPED,UNVERIFIED
REQ-01457,EAR1-C15-0122,15,measurement,,Moodify_Ear_v1_Chapter_15_Package/Moodify_Ear_v1_Chapter_15/Moodify_Ear_v1_Chapter_15.md,UNMAPPED,UNVERIFIED
REQ-01458,EAR1-C15-0124,15,measurement,,Moodify_Ear_v1_Chapter_15_Package/Moodify_Ear_v1_Chapter_15/Moodify_Ear_v1_Chapter_15.md,UNMAPPED,UNVERIFIED
REQ-01459,EAR1-C15-0128,15,evidence,,Moodify_Ear_v1_Chapter_15_Package/Moodify_Ear_v1_Chapter_15/Moodify_Ear_v1_Chapter_15.md,UNMAPPED,UNVERIFIED
REQ-01460,EAR1-C15-0130,15,verification,,Moodify_Ear_v1_Chapter_15_Package/Moodify_Ear_v1_Chapter_15/Moodify_Ear_v1_Chapter_15.md,UNMAPPED,UNVERIFIED
REQ-01461,EAR1-C15-0133,15,measurement;verification,,Moodify_Ear_v1_Chapter_15_Package/Moodify_Ear_v1_Chapter_15/Moodify_Ear_v1_Chapter_15.md,UNMAPPED,UNVERIFIED
REQ-01462,EAR1-C15-0134,15,verification,,Moodify_Ear_v1_Chapter_15_Package/Moodify_Ear_v1_Chapter_15/Moodify_Ear_v1_Chapter_15.md,UNMAPPED,UNVERIFIED
REQ-01463,EAR1-C15-0137,15,verification,,Moodify_Ear_v1_Chapter_15_Package/Moodify_Ear_v1_Chapter_15/Moodify_Ear_v1_Chapter_15.md,UNMAPPED,UNVERIFIED
REQ-01464,EAR1-C15-0141,15,measurement,,Moodify_Ear_v1_Chapter_15_Package/Moodify_Ear_v1_Chapter_15/Moodify_Ear_v1_Chapter_15.md,UNMAPPED,UNVERIFIED
REQ-01465,EAR1-C15-0145,15,measurement,,Moodify_Ear_v1_Chapter_15_Package/Moodify_Ear_v1_Chapter_15/Moodify_Ear_v1_Chapter_15.md,UNMAPPED,UNVERIFIED
REQ-01466,EAR1-C15-0147,15,verification;human_authority,,Moodify_Ear_v1_Chapter_15_Package/Moodify_Ear_v1_Chapter_15/Moodify_Ear_v1_Chapter_15.md,UNMAPPED,UNVERIFIED
REQ-01467,EAR1-C15-0148,15,measurement,,Moodify_Ear_v1_Chapter_15_Package/Moodify_Ear_v1_Chapter_15/Moodify_Ear_v1_Chapter_15.md,UNMAPPED,UNVERIFIED
REQ-01468,EAR1-C15-0149,15,evidence;human_authority,,Moodify_Ear_v1_Chapter_15_Package/Moodify_Ear_v1_Chapter_15/Moodify_Ear_v1_Chapter_15.md,UNMAPPED,UNVERIFIED
REQ-01469,EAR1-C15-0150,15,measurement,,Moodify_Ear_v1_Chapter_15_Package/Moodify_Ear_v1_Chapter_15/Moodify_Ear_v1_Chapter_15.md,UNMAPPED,UNVERIFIED
REQ-01470,EAR1-C15-0151,15,evidence,,Moodify_Ear_v1_Chapter_15_Package/Moodify_Ear_v1_Chapter_15/Moodify_Ear_v1_Chapter_15.md,UNMAPPED,UNVERIFIED
REQ-01471,EAR1-C15-0153,15,measurement;verification,,Moodify_Ear_v1_Chapter_15_Package/Moodify_Ear_v1_Chapter_15/Moodify_Ear_v1_Chapter_15.md,UNMAPPED,UNVERIFIED
REQ-01472,EAR1-C15-0154,15,verification,,Moodify_Ear_v1_Chapter_15_Package/Moodify_Ear_v1_Chapter_15/Moodify_Ear_v1_Chapter_15.md,UNMAPPED,UNVERIFIED
REQ-01473,EAR1-C15-0157,15,verification,,Moodify_Ear_v1_Chapter_15_Package/Moodify_Ear_v1_Chapter_15/Moodify_Ear_v1_Chapter_15.md,UNMAPPED,UNVERIFIED
REQ-01474,EAR1-C15-0158,15,evidence,,Moodify_Ear_v1_Chapter_15_Package/Moodify_Ear_v1_Chapter_15/Moodify_Ear_v1_Chapter_15.md,UNMAPPED,UNVERIFIED
REQ-01475,EAR1-C15-0159,15,evidence,,Moodify_Ear_v1_Chapter_15_Package/Moodify_Ear_v1_Chapter_15/Moodify_Ear_v1_Chapter_15.md,UNMAPPED,UNVERIFIED
REQ-01476,EAR1-C15-0161,15,evidence;verification,COMP-011,Moodify_Ear_v1_Chapter_15_Package/Moodify_Ear_v1_Chapter_15/Moodify_Ear_v1_Chapter_15.md,UNMAPPED,UNVERIFIED
REQ-01477,EAR1-C15-0162,15,measurement,,Moodify_Ear_v1_Chapter_15_Package/Moodify_Ear_v1_Chapter_15/Moodify_Ear_v1_Chapter_15.md,UNMAPPED,UNVERIFIED
REQ-01478,EAR1-C15-0164,15,human_authority,,Moodify_Ear_v1_Chapter_15_Package/Moodify_Ear_v1_Chapter_15/Moodify_Ear_v1_Chapter_15.md,UNMAPPED,UNVERIFIED
REQ-01479,EAR1-C15-0165,15,verification,,Moodify_Ear_v1_Chapter_15_Package/Moodify_Ear_v1_Chapter_15/Moodify_Ear_v1_Chapter_15.md,UNMAPPED,UNVERIFIED
REQ-01480,EAR1-C15-0166,15,verification,,Moodify_Ear_v1_Chapter_15_Package/Moodify_Ear_v1_Chapter_15/Moodify_Ear_v1_Chapter_15.md,UNMAPPED,UNVERIFIED
REQ-01481,EAR1-C15-0169,15,evidence;failure_recovery;human_authority,,Moodify_Ear_v1_Chapter_15_Package/Moodify_Ear_v1_Chapter_15/Moodify_Ear_v1_Chapter_15.md,UNMAPPED,UNVERIFIED
REQ-01482,EAR1-C15-0171,15,measurement;failure_recovery,,Moodify_Ear_v1_Chapter_15_Package/Moodify_Ear_v1_Chapter_15/Moodify_Ear_v1_Chapter_15.md,UNMAPPED,UNVERIFIED
REQ-01483,EAR1-C15-0172,15,evidence,,Moodify_Ear_v1_Chapter_15_Package/Moodify_Ear_v1_Chapter_15/Moodify_Ear_v1_Chapter_15.md,UNMAPPED,UNVERIFIED
REQ-01484,EAR1-C15-0173,15,failure_recovery,,Moodify_Ear_v1_Chapter_15_Package/Moodify_Ear_v1_Chapter_15/Moodify_Ear_v1_Chapter_15.md,UNMAPPED,UNVERIFIED
REQ-01485,EAR1-C15-0174,15,verification,,Moodify_Ear_v1_Chapter_15_Package/Moodify_Ear_v1_Chapter_15/Moodify_Ear_v1_Chapter_15.md,UNMAPPED,UNVERIFIED
REQ-01486,EAR1-C15-0175,15,verification,,Moodify_Ear_v1_Chapter_15_Package/Moodify_Ear_v1_Chapter_15/Moodify_Ear_v1_Chapter_15.md,UNMAPPED,UNVERIFIED
REQ-01487,EAR1-C15-0178,15,verification,,Moodify_Ear_v1_Chapter_15_Package/Moodify_Ear_v1_Chapter_15/Moodify_Ear_v1_Chapter_15.md,UNMAPPED,UNVERIFIED
REQ-01488,EAR1-C15-0179,15,verification,,Moodify_Ear_v1_Chapter_15_Package/Moodify_Ear_v1_Chapter_15/Moodify_Ear_v1_Chapter_15.md,UNMAPPED,UNVERIFIED
REQ-01489,EAR1-C15-0180,15,verification,,Moodify_Ear_v1_Chapter_15_Package/Moodify_Ear_v1_Chapter_15/Moodify_Ear_v1_Chapter_15.md,UNMAPPED,UNVERIFIED
REQ-01490,EAR1-C15-0181,15,verification,,Moodify_Ear_v1_Chapter_15_Package/Moodify_Ear_v1_Chapter_15/Moodify_Ear_v1_Chapter_15.md,UNMAPPED,UNVERIFIED
REQ-01491,EAR1-C15-0183,15,measurement,,Moodify_Ear_v1_Chapter_15_Package/Moodify_Ear_v1_Chapter_15/Moodify_Ear_v1_Chapter_15.md,UNMAPPED,UNVERIFIED
REQ-01492,EAR1-C15-0186,15,evidence,,Moodify_Ear_v1_Chapter_15_Package/Moodify_Ear_v1_Chapter_15/Moodify_Ear_v1_Chapter_15.md,UNMAPPED,UNVERIFIED
REQ-01493,EAR1-C15-0187,15,verification,,Moodify_Ear_v1_Chapter_15_Package/Moodify_Ear_v1_Chapter_15/Moodify_Ear_v1_Chapter_15.md,UNMAPPED,UNVERIFIED
REQ-01494,EAR1-C15-0189,15,verification,COMP-011,Moodify_Ear_v1_Chapter_15_Package/Moodify_Ear_v1_Chapter_15/Moodify_Ear_v1_Chapter_15.md,UNMAPPED,UNVERIFIED
REQ-01495,EAR1-C15-0194,15,verification,,Moodify_Ear_v1_Chapter_15_Package/Moodify_Ear_v1_Chapter_15/Moodify_Ear_v1_Chapter_15.md,UNMAPPED,UNVERIFIED
REQ-01496,EAR1-C15-0195,15,verification,COMP-011,Moodify_Ear_v1_Chapter_15_Package/Moodify_Ear_v1_Chapter_15/Moodify_Ear_v1_Chapter_15.md,UNMAPPED,UNVERIFIED
REQ-01497,EAR1-C15-0196,15,measurement,,Moodify_Ear_v1_Chapter_15_Package/Moodify_Ear_v1_Chapter_15/Moodify_Ear_v1_Chapter_15.md,UNMAPPED,UNVERIFIED
REQ-01498,EAR1-C15-0202,15,measurement,,Moodify_Ear_v1_Chapter_15_Package/Moodify_Ear_v1_Chapter_15/Moodify_Ear_v1_Chapter_15.md,UNMAPPED,UNVERIFIED
REQ-01499,EAR1-C15-0203,15,measurement,,Moodify_Ear_v1_Chapter_15_Package/Moodify_Ear_v1_Chapter_15/Moodify_Ear_v1_Chapter_15.md,UNMAPPED,UNVERIFIED
REQ-01500,EAR1-C15-0204,15,measurement,,Moodify_Ear_v1_Chapter_15_Package/Moodify_Ear_v1_Chapter_15/Moodify_Ear_v1_Chapter_15.md,UNMAPPED,UNVERIFIED
REQ-01501,EAR1-C15-0214,15,evidence,,Moodify_Ear_v1_Chapter_15_Package/Moodify_Ear_v1_Chapter_15/Moodify_Ear_v1_Chapter_15.md,UNMAPPED,UNVERIFIED
REQ-01502,EAR1-C15-0220,15,measurement,,Moodify_Ear_v1_Chapter_15_Package/Moodify_Ear_v1_Chapter_15/Moodify_Ear_v1_Chapter_15.md,UNMAPPED,UNVERIFIED
REQ-01503,EAR1-C15-0222,15,verification,,Moodify_Ear_v1_Chapter_15_Package/Moodify_Ear_v1_Chapter_15/Moodify_Ear_v1_Chapter_15.md,UNMAPPED,UNVERIFIED
REQ-01504,EAR1-C15-0226,15,verification,,Moodify_Ear_v1_Chapter_15_Package/Moodify_Ear_v1_Chapter_15/Moodify_Ear_v1_Chapter_15.md,UNMAPPED,UNVERIFIED
REQ-01505,EAR1-C16-0003,16,measurement;evidence,,Moodify_Ear_v1_Chapter_16_Package/Moodify_Ear_v1_Chapter_16/Moodify_Ear_v1_Chapter_16.md,UNMAPPED,UNVERIFIED
REQ-01506,EAR1-C16-0008,16,evidence;verification,,Moodify_Ear_v1_Chapter_16_Package/Moodify_Ear_v1_Chapter_16/Moodify_Ear_v1_Chapter_16.md,UNMAPPED,UNVERIFIED
REQ-01507,EAR1-C16-0013,16,measurement;evidence;verification,,Moodify_Ear_v1_Chapter_16_Package/Moodify_Ear_v1_Chapter_16/Moodify_Ear_v1_Chapter_16.md,UNMAPPED,UNVERIFIED
REQ-01508,EAR1-C16-0018,16,human_authority,,Moodify_Ear_v1_Chapter_16_Package/Moodify_Ear_v1_Chapter_16/Moodify_Ear_v1_Chapter_16.md,UNMAPPED,UNVERIFIED
REQ-01509,EAR1-C16-0019,16,evidence,,Moodify_Ear_v1_Chapter_16_Package/Moodify_Ear_v1_Chapter_16/Moodify_Ear_v1_Chapter_16.md,UNMAPPED,UNVERIFIED
REQ-01510,EAR1-C16-0021,16,evidence;verification;human_authority,,Moodify_Ear_v1_Chapter_16_Package/Moodify_Ear_v1_Chapter_16/Moodify_Ear_v1_Chapter_16.md,UNMAPPED,UNVERIFIED
REQ-01511,EAR1-C16-0023,16,evidence,,Moodify_Ear_v1_Chapter_16_Package/Moodify_Ear_v1_Chapter_16/Moodify_Ear_v1_Chapter_16.md,UNMAPPED,UNVERIFIED
REQ-01512,EAR1-C16-0025,16,verification,COMP-011,Moodify_Ear_v1_Chapter_16_Package/Moodify_Ear_v1_Chapter_16/Moodify_Ear_v1_Chapter_16.md,UNMAPPED,UNVERIFIED
REQ-01513,EAR1-C16-0027,16,measurement;evidence;verification,,Moodify_Ear_v1_Chapter_16_Package/Moodify_Ear_v1_Chapter_16/Moodify_Ear_v1_Chapter_16.md,UNMAPPED,UNVERIFIED
REQ-01514,EAR1-C16-0031,16,evidence,,Moodify_Ear_v1_Chapter_16_Package/Moodify_Ear_v1_Chapter_16/Moodify_Ear_v1_Chapter_16.md,UNMAPPED,UNVERIFIED
REQ-01515,EAR1-C16-0034,16,verification,,Moodify_Ear_v1_Chapter_16_Package/Moodify_Ear_v1_Chapter_16/Moodify_Ear_v1_Chapter_16.md,UNMAPPED,UNVERIFIED
REQ-01516,EAR1-C16-0035,16,measurement;evidence;verification,,Moodify_Ear_v1_Chapter_16_Package/Moodify_Ear_v1_Chapter_16/Moodify_Ear_v1_Chapter_16.md,UNMAPPED,UNVERIFIED
REQ-01517,EAR1-C16-0036,16,evidence,,Moodify_Ear_v1_Chapter_16_Package/Moodify_Ear_v1_Chapter_16/Moodify_Ear_v1_Chapter_16.md,UNMAPPED,UNVERIFIED
REQ-01518,EAR1-C16-0042,16,measurement;evidence,,Moodify_Ear_v1_Chapter_16_Package/Moodify_Ear_v1_Chapter_16/Moodify_Ear_v1_Chapter_16.md,UNMAPPED,UNVERIFIED
REQ-01519,EAR1-C16-0045,16,evidence,,Moodify_Ear_v1_Chapter_16_Package/Moodify_Ear_v1_Chapter_16/Moodify_Ear_v1_Chapter_16.md,UNMAPPED,UNVERIFIED
REQ-01520,EAR1-C16-0047,16,measurement;evidence;failure_recovery,,Moodify_Ear_v1_Chapter_16_Package/Moodify_Ear_v1_Chapter_16/Moodify_Ear_v1_Chapter_16.md,UNMAPPED,UNVERIFIED
REQ-01521,EAR1-C16-0048,16,measurement,,Moodify_Ear_v1_Chapter_16_Package/Moodify_Ear_v1_Chapter_16/Moodify_Ear_v1_Chapter_16.md,UNMAPPED,UNVERIFIED
REQ-01522,EAR1-C16-0049,16,evidence,,Moodify_Ear_v1_Chapter_16_Package/Moodify_Ear_v1_Chapter_16/Moodify_Ear_v1_Chapter_16.md,UNMAPPED,UNVERIFIED
REQ-01523,EAR1-C16-0055,16,evidence,,Moodify_Ear_v1_Chapter_16_Package/Moodify_Ear_v1_Chapter_16/Moodify_Ear_v1_Chapter_16.md,UNMAPPED,UNVERIFIED
REQ-01524,EAR1-C16-0059,16,measurement,,Moodify_Ear_v1_Chapter_16_Package/Moodify_Ear_v1_Chapter_16/Moodify_Ear_v1_Chapter_16.md,UNMAPPED,UNVERIFIED
REQ-01525,EAR1-C16-0061,16,measurement;human_authority,,Moodify_Ear_v1_Chapter_16_Package/Moodify_Ear_v1_Chapter_16/Moodify_Ear_v1_Chapter_16.md,UNMAPPED,UNVERIFIED
REQ-01526,EAR1-C16-0062,16,measurement;evidence;verification;failure_recovery;human_authority,,Moodify_Ear_v1_Chapter_16_Package/Moodify_Ear_v1_Chapter_16/Moodify_Ear_v1_Chapter_16.md,UNMAPPED,UNVERIFIED
REQ-01527,EAR1-C16-0063,16,evidence,,Moodify_Ear_v1_Chapter_16_Package/Moodify_Ear_v1_Chapter_16/Moodify_Ear_v1_Chapter_16.md,UNMAPPED,UNVERIFIED
REQ-01528,EAR1-C16-0064,16,evidence;verification,,Moodify_Ear_v1_Chapter_16_Package/Moodify_Ear_v1_Chapter_16/Moodify_Ear_v1_Chapter_16.md,UNMAPPED,UNVERIFIED
REQ-01529,EAR1-C16-0065,16,evidence,,Moodify_Ear_v1_Chapter_16_Package/Moodify_Ear_v1_Chapter_16/Moodify_Ear_v1_Chapter_16.md,UNMAPPED,UNVERIFIED
REQ-01530,EAR1-C16-0066,16,evidence,,Moodify_Ear_v1_Chapter_16_Package/Moodify_Ear_v1_Chapter_16/Moodify_Ear_v1_Chapter_16.md,UNMAPPED,UNVERIFIED
REQ-01531,EAR1-C16-0067,16,evidence,,Moodify_Ear_v1_Chapter_16_Package/Moodify_Ear_v1_Chapter_16/Moodify_Ear_v1_Chapter_16.md,UNMAPPED,UNVERIFIED
REQ-01532,EAR1-C16-0068,16,evidence,,Moodify_Ear_v1_Chapter_16_Package/Moodify_Ear_v1_Chapter_16/Moodify_Ear_v1_Chapter_16.md,UNMAPPED,UNVERIFIED
REQ-01533,EAR1-C16-0070,16,measurement;evidence;verification,,Moodify_Ear_v1_Chapter_16_Package/Moodify_Ear_v1_Chapter_16/Moodify_Ear_v1_Chapter_16.md,UNMAPPED,UNVERIFIED
REQ-01534,EAR1-C16-0071,16,evidence;verification,,Moodify_Ear_v1_Chapter_16_Package/Moodify_Ear_v1_Chapter_16/Moodify_Ear_v1_Chapter_16.md,UNMAPPED,UNVERIFIED
REQ-01535,EAR1-C16-0072,16,evidence,,Moodify_Ear_v1_Chapter_16_Package/Moodify_Ear_v1_Chapter_16/Moodify_Ear_v1_Chapter_16.md,UNMAPPED,UNVERIFIED
REQ-01536,EAR1-C16-0073,16,measurement;evidence;failure_recovery,COMP-006,Moodify_Ear_v1_Chapter_16_Package/Moodify_Ear_v1_Chapter_16/Moodify_Ear_v1_Chapter_16.md,UNMAPPED,UNVERIFIED
REQ-01537,EAR1-C16-0074,16,evidence,,Moodify_Ear_v1_Chapter_16_Package/Moodify_Ear_v1_Chapter_16/Moodify_Ear_v1_Chapter_16.md,UNMAPPED,UNVERIFIED
REQ-01538,EAR1-C16-0076,16,measurement;evidence;human_authority,,Moodify_Ear_v1_Chapter_16_Package/Moodify_Ear_v1_Chapter_16/Moodify_Ear_v1_Chapter_16.md,UNMAPPED,UNVERIFIED
REQ-01539,EAR1-C16-0077,16,verification,,Moodify_Ear_v1_Chapter_16_Package/Moodify_Ear_v1_Chapter_16/Moodify_Ear_v1_Chapter_16.md,UNMAPPED,UNVERIFIED
REQ-01540,EAR1-C16-0078,16,measurement;evidence;verification;human_authority,,Moodify_Ear_v1_Chapter_16_Package/Moodify_Ear_v1_Chapter_16/Moodify_Ear_v1_Chapter_16.md,UNMAPPED,UNVERIFIED
REQ-01541,EAR1-C16-0080,16,evidence;human_authority,,Moodify_Ear_v1_Chapter_16_Package/Moodify_Ear_v1_Chapter_16/Moodify_Ear_v1_Chapter_16.md,UNMAPPED,UNVERIFIED
REQ-01542,EAR1-C16-0082,16,evidence;human_authority,,Moodify_Ear_v1_Chapter_16_Package/Moodify_Ear_v1_Chapter_16/Moodify_Ear_v1_Chapter_16.md,UNMAPPED,UNVERIFIED
REQ-01543,EAR1-C16-0083,16,verification,,Moodify_Ear_v1_Chapter_16_Package/Moodify_Ear_v1_Chapter_16/Moodify_Ear_v1_Chapter_16.md,UNMAPPED,UNVERIFIED
REQ-01544,EAR1-C16-0084,16,human_authority,,Moodify_Ear_v1_Chapter_16_Package/Moodify_Ear_v1_Chapter_16/Moodify_Ear_v1_Chapter_16.md,UNMAPPED,UNVERIFIED
REQ-01545,EAR1-C16-0089,16,evidence;verification,,Moodify_Ear_v1_Chapter_16_Package/Moodify_Ear_v1_Chapter_16/Moodify_Ear_v1_Chapter_16.md,UNMAPPED,UNVERIFIED
REQ-01546,EAR1-C16-0091,16,evidence;verification;human_authority,COMP-011,Moodify_Ear_v1_Chapter_16_Package/Moodify_Ear_v1_Chapter_16/Moodify_Ear_v1_Chapter_16.md,UNMAPPED,UNVERIFIED
REQ-01547,EAR1-C16-0097,16,measurement;verification,,Moodify_Ear_v1_Chapter_16_Package/Moodify_Ear_v1_Chapter_16/Moodify_Ear_v1_Chapter_16.md,UNMAPPED,UNVERIFIED
REQ-01548,EAR1-C16-0100,16,verification,,Moodify_Ear_v1_Chapter_16_Package/Moodify_Ear_v1_Chapter_16/Moodify_Ear_v1_Chapter_16.md,UNMAPPED,UNVERIFIED
REQ-01549,EAR1-C16-0101,16,evidence,,Moodify_Ear_v1_Chapter_16_Package/Moodify_Ear_v1_Chapter_16/Moodify_Ear_v1_Chapter_16.md,UNMAPPED,UNVERIFIED
REQ-01550,EAR1-C16-0102,16,measurement;evidence;verification,,Moodify_Ear_v1_Chapter_16_Package/Moodify_Ear_v1_Chapter_16/Moodify_Ear_v1_Chapter_16.md,UNMAPPED,UNVERIFIED
REQ-01551,EAR1-C16-0103,16,verification,,Moodify_Ear_v1_Chapter_16_Package/Moodify_Ear_v1_Chapter_16/Moodify_Ear_v1_Chapter_16.md,UNMAPPED,UNVERIFIED
REQ-01552,EAR1-C16-0104,16,evidence,,Moodify_Ear_v1_Chapter_16_Package/Moodify_Ear_v1_Chapter_16/Moodify_Ear_v1_Chapter_16.md,UNMAPPED,UNVERIFIED
REQ-01553,EAR1-C16-0105,16,verification,,Moodify_Ear_v1_Chapter_16_Package/Moodify_Ear_v1_Chapter_16/Moodify_Ear_v1_Chapter_16.md,UNMAPPED,UNVERIFIED
REQ-01554,EAR1-C16-0107,16,evidence,,Moodify_Ear_v1_Chapter_16_Package/Moodify_Ear_v1_Chapter_16/Moodify_Ear_v1_Chapter_16.md,UNMAPPED,UNVERIFIED
REQ-01555,EAR1-C16-0108,16,verification;failure_recovery;human_authority,,Moodify_Ear_v1_Chapter_16_Package/Moodify_Ear_v1_Chapter_16/Moodify_Ear_v1_Chapter_16.md,UNMAPPED,UNVERIFIED
REQ-01556,EAR1-C16-0111,16,verification,,Moodify_Ear_v1_Chapter_16_Package/Moodify_Ear_v1_Chapter_16/Moodify_Ear_v1_Chapter_16.md,UNMAPPED,UNVERIFIED
REQ-01557,EAR1-C16-0112,16,measurement;evidence;verification;human_authority,,Moodify_Ear_v1_Chapter_16_Package/Moodify_Ear_v1_Chapter_16/Moodify_Ear_v1_Chapter_16.md,UNMAPPED,UNVERIFIED
REQ-01558,EAR1-C16-0114,16,evidence,,Moodify_Ear_v1_Chapter_16_Package/Moodify_Ear_v1_Chapter_16/Moodify_Ear_v1_Chapter_16.md,UNMAPPED,UNVERIFIED
REQ-01559,EAR1-C16-0115,16,verification,,Moodify_Ear_v1_Chapter_16_Package/Moodify_Ear_v1_Chapter_16/Moodify_Ear_v1_Chapter_16.md,UNMAPPED,UNVERIFIED
REQ-01560,EAR1-C16-0116,16,verification,,Moodify_Ear_v1_Chapter_16_Package/Moodify_Ear_v1_Chapter_16/Moodify_Ear_v1_Chapter_16.md,UNMAPPED,UNVERIFIED
REQ-01561,EAR1-C16-0118,16,measurement;evidence,,Moodify_Ear_v1_Chapter_16_Package/Moodify_Ear_v1_Chapter_16/Moodify_Ear_v1_Chapter_16.md,UNMAPPED,UNVERIFIED
REQ-01562,EAR1-C16-0119,16,human_authority,,Moodify_Ear_v1_Chapter_16_Package/Moodify_Ear_v1_Chapter_16/Moodify_Ear_v1_Chapter_16.md,UNMAPPED,UNVERIFIED
REQ-01563,EAR1-C16-0120,16,evidence;verification;failure_recovery,,Moodify_Ear_v1_Chapter_16_Package/Moodify_Ear_v1_Chapter_16/Moodify_Ear_v1_Chapter_16.md,UNMAPPED,UNVERIFIED
REQ-01564,EAR1-C16-0123,16,measurement;evidence;verification;failure_recovery,COMP-003,Moodify_Ear_v1_Chapter_16_Package/Moodify_Ear_v1_Chapter_16/Moodify_Ear_v1_Chapter_16.md,UNMAPPED,UNVERIFIED
REQ-01565,EAR1-C16-0125,16,evidence;verification,,Moodify_Ear_v1_Chapter_16_Package/Moodify_Ear_v1_Chapter_16/Moodify_Ear_v1_Chapter_16.md,UNMAPPED,UNVERIFIED
REQ-01566,EAR1-C16-0126,16,verification,,Moodify_Ear_v1_Chapter_16_Package/Moodify_Ear_v1_Chapter_16/Moodify_Ear_v1_Chapter_16.md,UNMAPPED,UNVERIFIED
REQ-01567,EAR1-C16-0128,16,evidence,,Moodify_Ear_v1_Chapter_16_Package/Moodify_Ear_v1_Chapter_16/Moodify_Ear_v1_Chapter_16.md,UNMAPPED,UNVERIFIED
REQ-01568,EAR1-C16-0129,16,evidence,,Moodify_Ear_v1_Chapter_16_Package/Moodify_Ear_v1_Chapter_16/Moodify_Ear_v1_Chapter_16.md,UNMAPPED,UNVERIFIED
REQ-01569,EAR1-C16-0130,16,evidence,,Moodify_Ear_v1_Chapter_16_Package/Moodify_Ear_v1_Chapter_16/Moodify_Ear_v1_Chapter_16.md,UNMAPPED,UNVERIFIED
REQ-01570,EAR1-C16-0134,16,measurement;evidence;verification;failure_recovery,,Moodify_Ear_v1_Chapter_16_Package/Moodify_Ear_v1_Chapter_16/Moodify_Ear_v1_Chapter_16.md,UNMAPPED,UNVERIFIED
REQ-01571,EAR1-C16-0135,16,failure_recovery,,Moodify_Ear_v1_Chapter_16_Package/Moodify_Ear_v1_Chapter_16/Moodify_Ear_v1_Chapter_16.md,UNMAPPED,UNVERIFIED
REQ-01572,EAR1-C16-0138,16,evidence;verification,,Moodify_Ear_v1_Chapter_16_Package/Moodify_Ear_v1_Chapter_16/Moodify_Ear_v1_Chapter_16.md,UNMAPPED,UNVERIFIED
REQ-01573,EAR1-C16-0141,16,measurement;evidence;verification;human_authority,,Moodify_Ear_v1_Chapter_16_Package/Moodify_Ear_v1_Chapter_16/Moodify_Ear_v1_Chapter_16.md,UNMAPPED,UNVERIFIED
REQ-01574,EAR1-C16-0142,16,verification,,Moodify_Ear_v1_Chapter_16_Package/Moodify_Ear_v1_Chapter_16/Moodify_Ear_v1_Chapter_16.md,UNMAPPED,UNVERIFIED
REQ-01575,EAR1-C16-0143,16,measurement,,Moodify_Ear_v1_Chapter_16_Package/Moodify_Ear_v1_Chapter_16/Moodify_Ear_v1_Chapter_16.md,UNMAPPED,UNVERIFIED
REQ-01576,EAR1-C16-0146,16,measurement;evidence;human_authority,,Moodify_Ear_v1_Chapter_16_Package/Moodify_Ear_v1_Chapter_16/Moodify_Ear_v1_Chapter_16.md,UNMAPPED,UNVERIFIED
REQ-01577,EAR1-C16-0154,16,measurement;evidence,,Moodify_Ear_v1_Chapter_16_Package/Moodify_Ear_v1_Chapter_16/Moodify_Ear_v1_Chapter_16.md,UNMAPPED,UNVERIFIED
REQ-01578,EAR1-C16-0155,16,evidence,COMP-006,Moodify_Ear_v1_Chapter_16_Package/Moodify_Ear_v1_Chapter_16/Moodify_Ear_v1_Chapter_16.md,UNMAPPED,UNVERIFIED
REQ-01579,EAR1-C16-0157,16,verification,,Moodify_Ear_v1_Chapter_16_Package/Moodify_Ear_v1_Chapter_16/Moodify_Ear_v1_Chapter_16.md,UNMAPPED,UNVERIFIED
REQ-01580,EAR1-C16-0158,16,verification;failure_recovery,,Moodify_Ear_v1_Chapter_16_Package/Moodify_Ear_v1_Chapter_16/Moodify_Ear_v1_Chapter_16.md,UNMAPPED,UNVERIFIED
REQ-01581,EAR1-C16-0159,16,verification,,Moodify_Ear_v1_Chapter_16_Package/Moodify_Ear_v1_Chapter_16/Moodify_Ear_v1_Chapter_16.md,UNMAPPED,UNVERIFIED
REQ-01582,EAR1-C16-0160,16,verification,,Moodify_Ear_v1_Chapter_16_Package/Moodify_Ear_v1_Chapter_16/Moodify_Ear_v1_Chapter_16.md,UNMAPPED,UNVERIFIED
REQ-01583,EAR1-C16-0163,16,measurement;evidence;human_authority,COMP-006,Moodify_Ear_v1_Chapter_16_Package/Moodify_Ear_v1_Chapter_16/Moodify_Ear_v1_Chapter_16.md,UNMAPPED,UNVERIFIED
REQ-01584,EAR1-C16-0165,16,verification,,Moodify_Ear_v1_Chapter_16_Package/Moodify_Ear_v1_Chapter_16/Moodify_Ear_v1_Chapter_16.md,UNMAPPED,UNVERIFIED
REQ-01585,EAR1-C16-0167,16,human_authority,,Moodify_Ear_v1_Chapter_16_Package/Moodify_Ear_v1_Chapter_16/Moodify_Ear_v1_Chapter_16.md,UNMAPPED,UNVERIFIED
REQ-01586,EAR1-C16-0169,16,measurement,,Moodify_Ear_v1_Chapter_16_Package/Moodify_Ear_v1_Chapter_16/Moodify_Ear_v1_Chapter_16.md,UNMAPPED,UNVERIFIED
REQ-01587,EAR1-C16-0170,16,measurement,,Moodify_Ear_v1_Chapter_16_Package/Moodify_Ear_v1_Chapter_16/Moodify_Ear_v1_Chapter_16.md,UNMAPPED,UNVERIFIED
REQ-01588,EAR1-C16-0187,16,verification,,Moodify_Ear_v1_Chapter_16_Package/Moodify_Ear_v1_Chapter_16/Moodify_Ear_v1_Chapter_16.md,UNMAPPED,UNVERIFIED
REQ-01589,EAR1-C16-0192,16,measurement,,Moodify_Ear_v1_Chapter_16_Package/Moodify_Ear_v1_Chapter_16/Moodify_Ear_v1_Chapter_16.md,UNMAPPED,UNVERIFIED
REQ-01590,EAR1-C16-0196,16,evidence,,Moodify_Ear_v1_Chapter_16_Package/Moodify_Ear_v1_Chapter_16/Moodify_Ear_v1_Chapter_16.md,UNMAPPED,UNVERIFIED
REQ-01591,EAR1-C16-0201,16,verification,,Moodify_Ear_v1_Chapter_16_Package/Moodify_Ear_v1_Chapter_16/Moodify_Ear_v1_Chapter_16.md,UNMAPPED,UNVERIFIED
REQ-01592,EAR1-C16-0205,16,verification,,Moodify_Ear_v1_Chapter_16_Package/Moodify_Ear_v1_Chapter_16/Moodify_Ear_v1_Chapter_16.md,UNMAPPED,UNVERIFIED
REQ-01593,EAR1-C16-0207,16,verification,,Moodify_Ear_v1_Chapter_16_Package/Moodify_Ear_v1_Chapter_16/Moodify_Ear_v1_Chapter_16.md,UNMAPPED,UNVERIFIED
REQ-01594,EAR1-C17-0001,17,verification,,Moodify_Ear_v1_Chapter_17_Package/Moodify_Ear_v1_Chapter_17/Moodify_Ear_v1_Chapter_17.md,UNMAPPED,UNVERIFIED
REQ-01595,EAR1-C17-0002,17,failure_recovery,,Moodify_Ear_v1_Chapter_17_Package/Moodify_Ear_v1_Chapter_17/Moodify_Ear_v1_Chapter_17.md,UNMAPPED,UNVERIFIED
REQ-01596,EAR1-C17-0008,17,measurement;evidence;verification,,Moodify_Ear_v1_Chapter_17_Package/Moodify_Ear_v1_Chapter_17/Moodify_Ear_v1_Chapter_17.md,UNMAPPED,UNVERIFIED
REQ-01597,EAR1-C17-0009,17,verification,,Moodify_Ear_v1_Chapter_17_Package/Moodify_Ear_v1_Chapter_17/Moodify_Ear_v1_Chapter_17.md,UNMAPPED,UNVERIFIED
REQ-01598,EAR1-C17-0010,17,measurement;verification,,Moodify_Ear_v1_Chapter_17_Package/Moodify_Ear_v1_Chapter_17/Moodify_Ear_v1_Chapter_17.md,UNMAPPED,UNVERIFIED
REQ-01599,EAR1-C17-0011,17,measurement,,Moodify_Ear_v1_Chapter_17_Package/Moodify_Ear_v1_Chapter_17/Moodify_Ear_v1_Chapter_17.md,UNMAPPED,UNVERIFIED
REQ-01600,EAR1-C17-0012,17,measurement;evidence,,Moodify_Ear_v1_Chapter_17_Package/Moodify_Ear_v1_Chapter_17/Moodify_Ear_v1_Chapter_17.md,UNMAPPED,UNVERIFIED
REQ-01601,EAR1-C17-0013,17,evidence,,Moodify_Ear_v1_Chapter_17_Package/Moodify_Ear_v1_Chapter_17/Moodify_Ear_v1_Chapter_17.md,UNMAPPED,UNVERIFIED
REQ-01602,EAR1-C17-0014,17,measurement;verification,,Moodify_Ear_v1_Chapter_17_Package/Moodify_Ear_v1_Chapter_17/Moodify_Ear_v1_Chapter_17.md,UNMAPPED,UNVERIFIED
REQ-01603,EAR1-C17-0015,17,measurement;evidence;verification;human_authority,,Moodify_Ear_v1_Chapter_17_Package/Moodify_Ear_v1_Chapter_17/Moodify_Ear_v1_Chapter_17.md,UNMAPPED,UNVERIFIED
REQ-01604,EAR1-C17-0016,17,verification,,Moodify_Ear_v1_Chapter_17_Package/Moodify_Ear_v1_Chapter_17/Moodify_Ear_v1_Chapter_17.md,UNMAPPED,UNVERIFIED
REQ-01605,EAR1-C17-0017,17,verification,,Moodify_Ear_v1_Chapter_17_Package/Moodify_Ear_v1_Chapter_17/Moodify_Ear_v1_Chapter_17.md,UNMAPPED,UNVERIFIED
REQ-01606,EAR1-C17-0018,17,measurement;verification,,Moodify_Ear_v1_Chapter_17_Package/Moodify_Ear_v1_Chapter_17/Moodify_Ear_v1_Chapter_17.md,UNMAPPED,UNVERIFIED
REQ-01607,EAR1-C17-0019,17,verification,,Moodify_Ear_v1_Chapter_17_Package/Moodify_Ear_v1_Chapter_17/Moodify_Ear_v1_Chapter_17.md,UNMAPPED,UNVERIFIED
REQ-01608,EAR1-C17-0020,17,verification,,Moodify_Ear_v1_Chapter_17_Package/Moodify_Ear_v1_Chapter_17/Moodify_Ear_v1_Chapter_17.md,UNMAPPED,UNVERIFIED
REQ-01609,EAR1-C17-0021,17,verification,,Moodify_Ear_v1_Chapter_17_Package/Moodify_Ear_v1_Chapter_17/Moodify_Ear_v1_Chapter_17.md,UNMAPPED,UNVERIFIED
REQ-01610,EAR1-C17-0022,17,measurement;verification;failure_recovery;human_authority,,Moodify_Ear_v1_Chapter_17_Package/Moodify_Ear_v1_Chapter_17/Moodify_Ear_v1_Chapter_17.md,UNMAPPED,UNVERIFIED
REQ-01611,EAR1-C17-0030,17,human_authority,,Moodify_Ear_v1_Chapter_17_Package/Moodify_Ear_v1_Chapter_17/Moodify_Ear_v1_Chapter_17.md,UNMAPPED,UNVERIFIED
REQ-01612,EAR1-C17-0034,17,human_authority,,Moodify_Ear_v1_Chapter_17_Package/Moodify_Ear_v1_Chapter_17/Moodify_Ear_v1_Chapter_17.md,UNMAPPED,UNVERIFIED
REQ-01613,EAR1-C17-0036,17,evidence;verification,,Moodify_Ear_v1_Chapter_17_Package/Moodify_Ear_v1_Chapter_17/Moodify_Ear_v1_Chapter_17.md,UNMAPPED,UNVERIFIED
REQ-01614,EAR1-C17-0038,17,verification,,Moodify_Ear_v1_Chapter_17_Package/Moodify_Ear_v1_Chapter_17/Moodify_Ear_v1_Chapter_17.md,UNMAPPED,UNVERIFIED
REQ-01615,EAR1-C17-0040,17,measurement;evidence;human_authority,,Moodify_Ear_v1_Chapter_17_Package/Moodify_Ear_v1_Chapter_17/Moodify_Ear_v1_Chapter_17.md,UNMAPPED,UNVERIFIED
REQ-01616,EAR1-C17-0041,17,evidence,,Moodify_Ear_v1_Chapter_17_Package/Moodify_Ear_v1_Chapter_17/Moodify_Ear_v1_Chapter_17.md,UNMAPPED,UNVERIFIED
REQ-01617,EAR1-C17-0042,17,verification,,Moodify_Ear_v1_Chapter_17_Package/Moodify_Ear_v1_Chapter_17/Moodify_Ear_v1_Chapter_17.md,UNMAPPED,UNVERIFIED
REQ-01618,EAR1-C17-0044,17,evidence;human_authority,,Moodify_Ear_v1_Chapter_17_Package/Moodify_Ear_v1_Chapter_17/Moodify_Ear_v1_Chapter_17.md,UNMAPPED,UNVERIFIED
REQ-01619,EAR1-C17-0046,17,verification,,Moodify_Ear_v1_Chapter_17_Package/Moodify_Ear_v1_Chapter_17/Moodify_Ear_v1_Chapter_17.md,UNMAPPED,UNVERIFIED
REQ-01620,EAR1-C17-0048,17,failure_recovery,,Moodify_Ear_v1_Chapter_17_Package/Moodify_Ear_v1_Chapter_17/Moodify_Ear_v1_Chapter_17.md,UNMAPPED,UNVERIFIED
REQ-01621,EAR1-C17-0049,17,measurement;evidence;verification,,Moodify_Ear_v1_Chapter_17_Package/Moodify_Ear_v1_Chapter_17/Moodify_Ear_v1_Chapter_17.md,UNMAPPED,UNVERIFIED
REQ-01622,EAR1-C17-0052,17,measurement,,Moodify_Ear_v1_Chapter_17_Package/Moodify_Ear_v1_Chapter_17/Moodify_Ear_v1_Chapter_17.md,UNMAPPED,UNVERIFIED
REQ-01623,EAR1-C17-0054,17,verification,,Moodify_Ear_v1_Chapter_17_Package/Moodify_Ear_v1_Chapter_17/Moodify_Ear_v1_Chapter_17.md,UNMAPPED,UNVERIFIED
REQ-01624,EAR1-C17-0055,17,human_authority,,Moodify_Ear_v1_Chapter_17_Package/Moodify_Ear_v1_Chapter_17/Moodify_Ear_v1_Chapter_17.md,UNMAPPED,UNVERIFIED
REQ-01625,EAR1-C17-0058,17,measurement;verification,,Moodify_Ear_v1_Chapter_17_Package/Moodify_Ear_v1_Chapter_17/Moodify_Ear_v1_Chapter_17.md,UNMAPPED,UNVERIFIED
REQ-01626,EAR1-C17-0060,17,verification,,Moodify_Ear_v1_Chapter_17_Package/Moodify_Ear_v1_Chapter_17/Moodify_Ear_v1_Chapter_17.md,UNMAPPED,UNVERIFIED
REQ-01627,EAR1-C17-0061,17,verification,,Moodify_Ear_v1_Chapter_17_Package/Moodify_Ear_v1_Chapter_17/Moodify_Ear_v1_Chapter_17.md,UNMAPPED,UNVERIFIED
REQ-01628,EAR1-C17-0064,17,verification,,Moodify_Ear_v1_Chapter_17_Package/Moodify_Ear_v1_Chapter_17/Moodify_Ear_v1_Chapter_17.md,UNMAPPED,UNVERIFIED
REQ-01629,EAR1-C17-0066,17,verification;failure_recovery,,Moodify_Ear_v1_Chapter_17_Package/Moodify_Ear_v1_Chapter_17/Moodify_Ear_v1_Chapter_17.md,UNMAPPED,UNVERIFIED
REQ-01630,EAR1-C17-0070,17,evidence,,Moodify_Ear_v1_Chapter_17_Package/Moodify_Ear_v1_Chapter_17/Moodify_Ear_v1_Chapter_17.md,UNMAPPED,UNVERIFIED
REQ-01631,EAR1-C17-0071,17,measurement,,Moodify_Ear_v1_Chapter_17_Package/Moodify_Ear_v1_Chapter_17/Moodify_Ear_v1_Chapter_17.md,UNMAPPED,UNVERIFIED
REQ-01632,EAR1-C17-0072,17,measurement,,Moodify_Ear_v1_Chapter_17_Package/Moodify_Ear_v1_Chapter_17/Moodify_Ear_v1_Chapter_17.md,UNMAPPED,UNVERIFIED
REQ-01633,EAR1-C17-0082,17,measurement;verification,,Moodify_Ear_v1_Chapter_17_Package/Moodify_Ear_v1_Chapter_17/Moodify_Ear_v1_Chapter_17.md,UNMAPPED,UNVERIFIED
REQ-01634,EAR1-C17-0083,17,measurement,,Moodify_Ear_v1_Chapter_17_Package/Moodify_Ear_v1_Chapter_17/Moodify_Ear_v1_Chapter_17.md,UNMAPPED,UNVERIFIED
REQ-01635,EAR1-C17-0084,17,measurement,,Moodify_Ear_v1_Chapter_17_Package/Moodify_Ear_v1_Chapter_17/Moodify_Ear_v1_Chapter_17.md,UNMAPPED,UNVERIFIED
REQ-01636,EAR1-C17-0086,17,measurement,,Moodify_Ear_v1_Chapter_17_Package/Moodify_Ear_v1_Chapter_17/Moodify_Ear_v1_Chapter_17.md,UNMAPPED,UNVERIFIED
REQ-01637,EAR1-C17-0090,17,evidence;verification;failure_recovery,,Moodify_Ear_v1_Chapter_17_Package/Moodify_Ear_v1_Chapter_17/Moodify_Ear_v1_Chapter_17.md,UNMAPPED,UNVERIFIED
REQ-01638,EAR1-C17-0091,17,verification,,Moodify_Ear_v1_Chapter_17_Package/Moodify_Ear_v1_Chapter_17/Moodify_Ear_v1_Chapter_17.md,UNMAPPED,UNVERIFIED
REQ-01639,EAR1-C17-0092,17,evidence,,Moodify_Ear_v1_Chapter_17_Package/Moodify_Ear_v1_Chapter_17/Moodify_Ear_v1_Chapter_17.md,UNMAPPED,UNVERIFIED
REQ-01640,EAR1-C17-0093,17,verification,,Moodify_Ear_v1_Chapter_17_Package/Moodify_Ear_v1_Chapter_17/Moodify_Ear_v1_Chapter_17.md,UNMAPPED,UNVERIFIED
REQ-01641,EAR1-C17-0094,17,verification,,Moodify_Ear_v1_Chapter_17_Package/Moodify_Ear_v1_Chapter_17/Moodify_Ear_v1_Chapter_17.md,UNMAPPED,UNVERIFIED
REQ-01642,EAR1-C17-0097,17,verification,,Moodify_Ear_v1_Chapter_17_Package/Moodify_Ear_v1_Chapter_17/Moodify_Ear_v1_Chapter_17.md,UNMAPPED,UNVERIFIED
REQ-01643,EAR1-C17-0099,17,measurement,,Moodify_Ear_v1_Chapter_17_Package/Moodify_Ear_v1_Chapter_17/Moodify_Ear_v1_Chapter_17.md,UNMAPPED,UNVERIFIED
REQ-01644,EAR1-C17-0102,17,measurement;verification,,Moodify_Ear_v1_Chapter_17_Package/Moodify_Ear_v1_Chapter_17/Moodify_Ear_v1_Chapter_17.md,UNMAPPED,UNVERIFIED
REQ-01645,EAR1-C17-0103,17,verification;human_authority,,Moodify_Ear_v1_Chapter_17_Package/Moodify_Ear_v1_Chapter_17/Moodify_Ear_v1_Chapter_17.md,UNMAPPED,UNVERIFIED
REQ-01646,EAR1-C17-0105,17,measurement;human_authority,,Moodify_Ear_v1_Chapter_17_Package/Moodify_Ear_v1_Chapter_17/Moodify_Ear_v1_Chapter_17.md,UNMAPPED,UNVERIFIED
REQ-01647,EAR1-C17-0106,17,evidence,,Moodify_Ear_v1_Chapter_17_Package/Moodify_Ear_v1_Chapter_17/Moodify_Ear_v1_Chapter_17.md,UNMAPPED,UNVERIFIED
REQ-01648,EAR1-C17-0107,17,evidence;verification,,Moodify_Ear_v1_Chapter_17_Package/Moodify_Ear_v1_Chapter_17/Moodify_Ear_v1_Chapter_17.md,UNMAPPED,UNVERIFIED
REQ-01649,EAR1-C17-0108,17,measurement;evidence;failure_recovery,,Moodify_Ear_v1_Chapter_17_Package/Moodify_Ear_v1_Chapter_17/Moodify_Ear_v1_Chapter_17.md,UNMAPPED,UNVERIFIED
REQ-01650,EAR1-C17-0109,17,evidence;verification,,Moodify_Ear_v1_Chapter_17_Package/Moodify_Ear_v1_Chapter_17/Moodify_Ear_v1_Chapter_17.md,UNMAPPED,UNVERIFIED
REQ-01651,EAR1-C17-0110,17,evidence;verification,,Moodify_Ear_v1_Chapter_17_Package/Moodify_Ear_v1_Chapter_17/Moodify_Ear_v1_Chapter_17.md,UNMAPPED,UNVERIFIED
REQ-01652,EAR1-C17-0111,17,measurement;verification,,Moodify_Ear_v1_Chapter_17_Package/Moodify_Ear_v1_Chapter_17/Moodify_Ear_v1_Chapter_17.md,UNMAPPED,UNVERIFIED
REQ-01653,EAR1-C17-0112,17,verification,,Moodify_Ear_v1_Chapter_17_Package/Moodify_Ear_v1_Chapter_17/Moodify_Ear_v1_Chapter_17.md,UNMAPPED,UNVERIFIED
REQ-01654,EAR1-C17-0113,17,evidence,,Moodify_Ear_v1_Chapter_17_Package/Moodify_Ear_v1_Chapter_17/Moodify_Ear_v1_Chapter_17.md,UNMAPPED,UNVERIFIED
REQ-01655,EAR1-C17-0114,17,measurement;evidence;verification,,Moodify_Ear_v1_Chapter_17_Package/Moodify_Ear_v1_Chapter_17/Moodify_Ear_v1_Chapter_17.md,UNMAPPED,UNVERIFIED
REQ-01656,EAR1-C17-0117,17,verification,COMP-006,Moodify_Ear_v1_Chapter_17_Package/Moodify_Ear_v1_Chapter_17/Moodify_Ear_v1_Chapter_17.md,UNMAPPED,UNVERIFIED
REQ-01657,EAR1-C17-0118,17,evidence;verification,,Moodify_Ear_v1_Chapter_17_Package/Moodify_Ear_v1_Chapter_17/Moodify_Ear_v1_Chapter_17.md,UNMAPPED,UNVERIFIED
REQ-01658,EAR1-C17-0119,17,measurement;evidence;verification,,Moodify_Ear_v1_Chapter_17_Package/Moodify_Ear_v1_Chapter_17/Moodify_Ear_v1_Chapter_17.md,UNMAPPED,UNVERIFIED
REQ-01659,EAR1-C17-0120,17,measurement;evidence,,Moodify_Ear_v1_Chapter_17_Package/Moodify_Ear_v1_Chapter_17/Moodify_Ear_v1_Chapter_17.md,UNMAPPED,UNVERIFIED
REQ-01660,EAR1-C17-0121,17,verification,,Moodify_Ear_v1_Chapter_17_Package/Moodify_Ear_v1_Chapter_17/Moodify_Ear_v1_Chapter_17.md,UNMAPPED,UNVERIFIED
REQ-01661,EAR1-C17-0123,17,evidence,,Moodify_Ear_v1_Chapter_17_Package/Moodify_Ear_v1_Chapter_17/Moodify_Ear_v1_Chapter_17.md,UNMAPPED,UNVERIFIED
REQ-01662,EAR1-C17-0128,17,measurement,,Moodify_Ear_v1_Chapter_17_Package/Moodify_Ear_v1_Chapter_17/Moodify_Ear_v1_Chapter_17.md,UNMAPPED,UNVERIFIED
REQ-01663,EAR1-C17-0129,17,measurement,,Moodify_Ear_v1_Chapter_17_Package/Moodify_Ear_v1_Chapter_17/Moodify_Ear_v1_Chapter_17.md,UNMAPPED,UNVERIFIED
REQ-01664,EAR1-C17-0133,17,verification,,Moodify_Ear_v1_Chapter_17_Package/Moodify_Ear_v1_Chapter_17/Moodify_Ear_v1_Chapter_17.md,UNMAPPED,UNVERIFIED
REQ-01665,EAR1-C17-0134,17,verification,,Moodify_Ear_v1_Chapter_17_Package/Moodify_Ear_v1_Chapter_17/Moodify_Ear_v1_Chapter_17.md,UNMAPPED,UNVERIFIED
REQ-01666,EAR1-C17-0135,17,evidence;verification,,Moodify_Ear_v1_Chapter_17_Package/Moodify_Ear_v1_Chapter_17/Moodify_Ear_v1_Chapter_17.md,UNMAPPED,UNVERIFIED
REQ-01667,EAR1-C17-0136,17,verification,,Moodify_Ear_v1_Chapter_17_Package/Moodify_Ear_v1_Chapter_17/Moodify_Ear_v1_Chapter_17.md,UNMAPPED,UNVERIFIED
REQ-01668,EAR1-C17-0138,17,verification,,Moodify_Ear_v1_Chapter_17_Package/Moodify_Ear_v1_Chapter_17/Moodify_Ear_v1_Chapter_17.md,UNMAPPED,UNVERIFIED
REQ-01669,EAR1-C17-0140,17,human_authority,,Moodify_Ear_v1_Chapter_17_Package/Moodify_Ear_v1_Chapter_17/Moodify_Ear_v1_Chapter_17.md,UNMAPPED,UNVERIFIED
REQ-01670,EAR1-C17-0141,17,evidence,,Moodify_Ear_v1_Chapter_17_Package/Moodify_Ear_v1_Chapter_17/Moodify_Ear_v1_Chapter_17.md,UNMAPPED,UNVERIFIED
REQ-01671,EAR1-C17-0142,17,evidence,,Moodify_Ear_v1_Chapter_17_Package/Moodify_Ear_v1_Chapter_17/Moodify_Ear_v1_Chapter_17.md,UNMAPPED,UNVERIFIED
REQ-01672,EAR1-C17-0146,17,measurement;verification,,Moodify_Ear_v1_Chapter_17_Package/Moodify_Ear_v1_Chapter_17/Moodify_Ear_v1_Chapter_17.md,UNMAPPED,UNVERIFIED
REQ-01673,EAR1-C17-0147,17,measurement,,Moodify_Ear_v1_Chapter_17_Package/Moodify_Ear_v1_Chapter_17/Moodify_Ear_v1_Chapter_17.md,UNMAPPED,UNVERIFIED
REQ-01674,EAR1-C17-0151,17,measurement,,Moodify_Ear_v1_Chapter_17_Package/Moodify_Ear_v1_Chapter_17/Moodify_Ear_v1_Chapter_17.md,UNMAPPED,UNVERIFIED
REQ-01675,EAR1-C17-0152,17,verification,,Moodify_Ear_v1_Chapter_17_Package/Moodify_Ear_v1_Chapter_17/Moodify_Ear_v1_Chapter_17.md,UNMAPPED,UNVERIFIED
REQ-01676,EAR1-C17-0154,17,measurement,,Moodify_Ear_v1_Chapter_17_Package/Moodify_Ear_v1_Chapter_17/Moodify_Ear_v1_Chapter_17.md,UNMAPPED,UNVERIFIED
REQ-01677,EAR1-C17-0156,17,measurement,,Moodify_Ear_v1_Chapter_17_Package/Moodify_Ear_v1_Chapter_17/Moodify_Ear_v1_Chapter_17.md,UNMAPPED,UNVERIFIED
REQ-01678,EAR1-C17-0158,17,verification,,Moodify_Ear_v1_Chapter_17_Package/Moodify_Ear_v1_Chapter_17/Moodify_Ear_v1_Chapter_17.md,UNMAPPED,UNVERIFIED
REQ-01679,EAR1-C17-0159,17,verification,,Moodify_Ear_v1_Chapter_17_Package/Moodify_Ear_v1_Chapter_17/Moodify_Ear_v1_Chapter_17.md,UNMAPPED,UNVERIFIED
REQ-01680,EAR1-C17-0160,17,verification;human_authority,,Moodify_Ear_v1_Chapter_17_Package/Moodify_Ear_v1_Chapter_17/Moodify_Ear_v1_Chapter_17.md,UNMAPPED,UNVERIFIED
REQ-01681,EAR1-C17-0161,17,measurement;evidence;verification;human_authority,,Moodify_Ear_v1_Chapter_17_Package/Moodify_Ear_v1_Chapter_17/Moodify_Ear_v1_Chapter_17.md,UNMAPPED,UNVERIFIED
REQ-01682,EAR1-C17-0162,17,measurement;verification,,Moodify_Ear_v1_Chapter_17_Package/Moodify_Ear_v1_Chapter_17/Moodify_Ear_v1_Chapter_17.md,UNMAPPED,UNVERIFIED
REQ-01683,EAR1-C17-0163,17,evidence;verification;human_authority,,Moodify_Ear_v1_Chapter_17_Package/Moodify_Ear_v1_Chapter_17/Moodify_Ear_v1_Chapter_17.md,UNMAPPED,UNVERIFIED
REQ-01684,EAR1-C17-0164,17,verification,,Moodify_Ear_v1_Chapter_17_Package/Moodify_Ear_v1_Chapter_17/Moodify_Ear_v1_Chapter_17.md,UNMAPPED,UNVERIFIED
REQ-01685,EAR1-C17-0165,17,verification,,Moodify_Ear_v1_Chapter_17_Package/Moodify_Ear_v1_Chapter_17/Moodify_Ear_v1_Chapter_17.md,UNMAPPED,UNVERIFIED
REQ-01686,EAR1-C17-0166,17,human_authority,,Moodify_Ear_v1_Chapter_17_Package/Moodify_Ear_v1_Chapter_17/Moodify_Ear_v1_Chapter_17.md,UNMAPPED,UNVERIFIED
REQ-01687,EAR1-C17-0167,17,verification,,Moodify_Ear_v1_Chapter_17_Package/Moodify_Ear_v1_Chapter_17/Moodify_Ear_v1_Chapter_17.md,UNMAPPED,UNVERIFIED
REQ-01688,EAR1-C17-0168,17,verification,,Moodify_Ear_v1_Chapter_17_Package/Moodify_Ear_v1_Chapter_17/Moodify_Ear_v1_Chapter_17.md,UNMAPPED,UNVERIFIED
REQ-01689,EAR1-C17-0169,17,verification,,Moodify_Ear_v1_Chapter_17_Package/Moodify_Ear_v1_Chapter_17/Moodify_Ear_v1_Chapter_17.md,UNMAPPED,UNVERIFIED
REQ-01690,EAR1-C17-0170,17,evidence;verification,,Moodify_Ear_v1_Chapter_17_Package/Moodify_Ear_v1_Chapter_17/Moodify_Ear_v1_Chapter_17.md,UNMAPPED,UNVERIFIED
REQ-01691,EAR1-C17-0172,17,evidence,,Moodify_Ear_v1_Chapter_17_Package/Moodify_Ear_v1_Chapter_17/Moodify_Ear_v1_Chapter_17.md,UNMAPPED,UNVERIFIED
REQ-01692,EAR1-C17-0174,17,verification,,Moodify_Ear_v1_Chapter_17_Package/Moodify_Ear_v1_Chapter_17/Moodify_Ear_v1_Chapter_17.md,UNMAPPED,UNVERIFIED
REQ-01693,EAR1-C17-0175,17,verification,,Moodify_Ear_v1_Chapter_17_Package/Moodify_Ear_v1_Chapter_17/Moodify_Ear_v1_Chapter_17.md,UNMAPPED,UNVERIFIED
REQ-01694,EAR1-C17-0176,17,evidence;verification,,Moodify_Ear_v1_Chapter_17_Package/Moodify_Ear_v1_Chapter_17/Moodify_Ear_v1_Chapter_17.md,UNMAPPED,UNVERIFIED
REQ-01695,EAR1-C17-0177,17,verification,,Moodify_Ear_v1_Chapter_17_Package/Moodify_Ear_v1_Chapter_17/Moodify_Ear_v1_Chapter_17.md,UNMAPPED,UNVERIFIED
REQ-01696,EAR1-C17-0178,17,verification;failure_recovery,,Moodify_Ear_v1_Chapter_17_Package/Moodify_Ear_v1_Chapter_17/Moodify_Ear_v1_Chapter_17.md,UNMAPPED,UNVERIFIED
REQ-01697,EAR1-C17-0179,17,verification,,Moodify_Ear_v1_Chapter_17_Package/Moodify_Ear_v1_Chapter_17/Moodify_Ear_v1_Chapter_17.md,UNMAPPED,UNVERIFIED
REQ-01698,EAR1-C17-0180,17,verification,,Moodify_Ear_v1_Chapter_17_Package/Moodify_Ear_v1_Chapter_17/Moodify_Ear_v1_Chapter_17.md,UNMAPPED,UNVERIFIED
REQ-01699,EAR1-C17-0181,17,verification,,Moodify_Ear_v1_Chapter_17_Package/Moodify_Ear_v1_Chapter_17/Moodify_Ear_v1_Chapter_17.md,UNMAPPED,UNVERIFIED
REQ-01700,EAR1-C17-0182,17,measurement;evidence;verification,,Moodify_Ear_v1_Chapter_17_Package/Moodify_Ear_v1_Chapter_17/Moodify_Ear_v1_Chapter_17.md,UNMAPPED,UNVERIFIED
REQ-01701,EAR1-C17-0183,17,failure_recovery,,Moodify_Ear_v1_Chapter_17_Package/Moodify_Ear_v1_Chapter_17/Moodify_Ear_v1_Chapter_17.md,UNMAPPED,UNVERIFIED
REQ-01702,EAR1-C17-0186,17,failure_recovery,,Moodify_Ear_v1_Chapter_17_Package/Moodify_Ear_v1_Chapter_17/Moodify_Ear_v1_Chapter_17.md,UNMAPPED,UNVERIFIED
REQ-01703,EAR1-C17-0187,17,evidence,,Moodify_Ear_v1_Chapter_17_Package/Moodify_Ear_v1_Chapter_17/Moodify_Ear_v1_Chapter_17.md,UNMAPPED,UNVERIFIED
REQ-01704,EAR1-C17-0189,17,verification,,Moodify_Ear_v1_Chapter_17_Package/Moodify_Ear_v1_Chapter_17/Moodify_Ear_v1_Chapter_17.md,UNMAPPED,UNVERIFIED
REQ-01705,EAR1-C17-0190,17,failure_recovery,,Moodify_Ear_v1_Chapter_17_Package/Moodify_Ear_v1_Chapter_17/Moodify_Ear_v1_Chapter_17.md,UNMAPPED,UNVERIFIED
REQ-01706,EAR1-C17-0191,17,evidence;failure_recovery,,Moodify_Ear_v1_Chapter_17_Package/Moodify_Ear_v1_Chapter_17/Moodify_Ear_v1_Chapter_17.md,UNMAPPED,UNVERIFIED
REQ-01707,EAR1-C17-0192,17,verification,COMP-012,Moodify_Ear_v1_Chapter_17_Package/Moodify_Ear_v1_Chapter_17/Moodify_Ear_v1_Chapter_17.md,UNMAPPED,UNVERIFIED
REQ-01708,EAR1-C17-0193,17,verification,,Moodify_Ear_v1_Chapter_17_Package/Moodify_Ear_v1_Chapter_17/Moodify_Ear_v1_Chapter_17.md,UNMAPPED,UNVERIFIED
REQ-01709,EAR1-C17-0196,17,evidence,,Moodify_Ear_v1_Chapter_17_Package/Moodify_Ear_v1_Chapter_17/Moodify_Ear_v1_Chapter_17.md,UNMAPPED,UNVERIFIED
REQ-01710,EAR1-C17-0197,17,verification,,Moodify_Ear_v1_Chapter_17_Package/Moodify_Ear_v1_Chapter_17/Moodify_Ear_v1_Chapter_17.md,UNMAPPED,UNVERIFIED
REQ-01711,EAR1-C17-0198,17,verification,,Moodify_Ear_v1_Chapter_17_Package/Moodify_Ear_v1_Chapter_17/Moodify_Ear_v1_Chapter_17.md,UNMAPPED,UNVERIFIED
REQ-01712,EAR1-C17-0199,17,verification,,Moodify_Ear_v1_Chapter_17_Package/Moodify_Ear_v1_Chapter_17/Moodify_Ear_v1_Chapter_17.md,UNMAPPED,UNVERIFIED
REQ-01713,EAR1-C17-0203,17,verification,,Moodify_Ear_v1_Chapter_17_Package/Moodify_Ear_v1_Chapter_17/Moodify_Ear_v1_Chapter_17.md,UNMAPPED,UNVERIFIED
REQ-01714,EAR1-C17-0204,17,evidence,,Moodify_Ear_v1_Chapter_17_Package/Moodify_Ear_v1_Chapter_17/Moodify_Ear_v1_Chapter_17.md,UNMAPPED,UNVERIFIED
REQ-01715,EAR1-C17-0205,17,measurement,,Moodify_Ear_v1_Chapter_17_Package/Moodify_Ear_v1_Chapter_17/Moodify_Ear_v1_Chapter_17.md,UNMAPPED,UNVERIFIED
REQ-01716,EAR1-C17-0206,17,verification,,Moodify_Ear_v1_Chapter_17_Package/Moodify_Ear_v1_Chapter_17/Moodify_Ear_v1_Chapter_17.md,UNMAPPED,UNVERIFIED
REQ-01717,EAR1-C17-0207,17,measurement;verification,,Moodify_Ear_v1_Chapter_17_Package/Moodify_Ear_v1_Chapter_17/Moodify_Ear_v1_Chapter_17.md,UNMAPPED,UNVERIFIED
REQ-01718,EAR1-C17-0210,17,evidence;verification;failure_recovery,,Moodify_Ear_v1_Chapter_17_Package/Moodify_Ear_v1_Chapter_17/Moodify_Ear_v1_Chapter_17.md,UNMAPPED,UNVERIFIED
REQ-01719,EAR1-C17-0212,17,measurement;evidence;verification,,Moodify_Ear_v1_Chapter_17_Package/Moodify_Ear_v1_Chapter_17/Moodify_Ear_v1_Chapter_17.md,UNMAPPED,UNVERIFIED
REQ-01720,EAR1-C17-0213,17,verification,,Moodify_Ear_v1_Chapter_17_Package/Moodify_Ear_v1_Chapter_17/Moodify_Ear_v1_Chapter_17.md,UNMAPPED,UNVERIFIED
REQ-01721,EAR1-C17-0214,17,measurement,,Moodify_Ear_v1_Chapter_17_Package/Moodify_Ear_v1_Chapter_17/Moodify_Ear_v1_Chapter_17.md,UNMAPPED,UNVERIFIED
REQ-01722,EAR1-C17-0215,17,verification,,Moodify_Ear_v1_Chapter_17_Package/Moodify_Ear_v1_Chapter_17/Moodify_Ear_v1_Chapter_17.md,UNMAPPED,UNVERIFIED
REQ-01723,EAR1-C17-0222,17,verification,,Moodify_Ear_v1_Chapter_17_Package/Moodify_Ear_v1_Chapter_17/Moodify_Ear_v1_Chapter_17.md,UNMAPPED,UNVERIFIED
REQ-01724,EAR1-C17-0223,17,human_authority,,Moodify_Ear_v1_Chapter_17_Package/Moodify_Ear_v1_Chapter_17/Moodify_Ear_v1_Chapter_17.md,UNMAPPED,UNVERIFIED
REQ-01725,EAR1-C17-0228,17,verification,,Moodify_Ear_v1_Chapter_17_Package/Moodify_Ear_v1_Chapter_17/Moodify_Ear_v1_Chapter_17.md,UNMAPPED,UNVERIFIED
REQ-01726,EAR1-C17-0229,17,verification,,Moodify_Ear_v1_Chapter_17_Package/Moodify_Ear_v1_Chapter_17/Moodify_Ear_v1_Chapter_17.md,UNMAPPED,UNVERIFIED
REQ-01727,EAR1-C17-0230,17,human_authority,,Moodify_Ear_v1_Chapter_17_Package/Moodify_Ear_v1_Chapter_17/Moodify_Ear_v1_Chapter_17.md,UNMAPPED,UNVERIFIED
REQ-01728,EAR1-C17-0236,17,verification,,Moodify_Ear_v1_Chapter_17_Package/Moodify_Ear_v1_Chapter_17/Moodify_Ear_v1_Chapter_17.md,UNMAPPED,UNVERIFIED
REQ-01729,EAR1-C17-0238,17,human_authority,,Moodify_Ear_v1_Chapter_17_Package/Moodify_Ear_v1_Chapter_17/Moodify_Ear_v1_Chapter_17.md,UNMAPPED,UNVERIFIED
REQ-01730,EAR1-C17-0240,17,human_authority,,Moodify_Ear_v1_Chapter_17_Package/Moodify_Ear_v1_Chapter_17/Moodify_Ear_v1_Chapter_17.md,UNMAPPED,UNVERIFIED
REQ-01731,EAR1-C17-0246,17,verification,,Moodify_Ear_v1_Chapter_17_Package/Moodify_Ear_v1_Chapter_17/Moodify_Ear_v1_Chapter_17.md,UNMAPPED,UNVERIFIED
REQ-01732,EAR1-C17-0247,17,verification,,Moodify_Ear_v1_Chapter_17_Package/Moodify_Ear_v1_Chapter_17/Moodify_Ear_v1_Chapter_17.md,UNMAPPED,UNVERIFIED
REQ-01733,EAR1-C17-0248,17,measurement,,Moodify_Ear_v1_Chapter_17_Package/Moodify_Ear_v1_Chapter_17/Moodify_Ear_v1_Chapter_17.md,UNMAPPED,UNVERIFIED
REQ-01734,EAR1-C17-0252,17,measurement,,Moodify_Ear_v1_Chapter_17_Package/Moodify_Ear_v1_Chapter_17/Moodify_Ear_v1_Chapter_17.md,UNMAPPED,UNVERIFIED
REQ-01735,EAR1-C17-0255,17,verification,,Moodify_Ear_v1_Chapter_17_Package/Moodify_Ear_v1_Chapter_17/Moodify_Ear_v1_Chapter_17.md,UNMAPPED,UNVERIFIED
REQ-01736,EAR1-C17-0257,17,verification,,Moodify_Ear_v1_Chapter_17_Package/Moodify_Ear_v1_Chapter_17/Moodify_Ear_v1_Chapter_17.md,UNMAPPED,UNVERIFIED
REQ-01737,EAR1-C17-0260,17,evidence,,Moodify_Ear_v1_Chapter_17_Package/Moodify_Ear_v1_Chapter_17/Moodify_Ear_v1_Chapter_17.md,UNMAPPED,UNVERIFIED
REQ-01738,EAR1-C18-0001,18,verification,,Moodify_Ear_v1_Chapter_18_Package/Moodify_Ear_v1_Chapter_18/Moodify_Ear_v1_Chapter_18.md,UNMAPPED,UNVERIFIED
REQ-01739,EAR1-C18-0003,18,measurement;evidence,,Moodify_Ear_v1_Chapter_18_Package/Moodify_Ear_v1_Chapter_18/Moodify_Ear_v1_Chapter_18.md,UNMAPPED,UNVERIFIED
REQ-01740,EAR1-C18-0007,18,verification,,Moodify_Ear_v1_Chapter_18_Package/Moodify_Ear_v1_Chapter_18/Moodify_Ear_v1_Chapter_18.md,UNMAPPED,UNVERIFIED
REQ-01741,EAR1-C18-0008,18,evidence;verification,,Moodify_Ear_v1_Chapter_18_Package/Moodify_Ear_v1_Chapter_18/Moodify_Ear_v1_Chapter_18.md,UNMAPPED,UNVERIFIED
REQ-01742,EAR1-C18-0013,18,measurement;evidence,,Moodify_Ear_v1_Chapter_18_Package/Moodify_Ear_v1_Chapter_18/Moodify_Ear_v1_Chapter_18.md,UNMAPPED,UNVERIFIED
REQ-01743,EAR1-C18-0016,18,evidence;verification,,Moodify_Ear_v1_Chapter_18_Package/Moodify_Ear_v1_Chapter_18/Moodify_Ear_v1_Chapter_18.md,UNMAPPED,UNVERIFIED
REQ-01744,EAR1-C18-0017,18,evidence,,Moodify_Ear_v1_Chapter_18_Package/Moodify_Ear_v1_Chapter_18/Moodify_Ear_v1_Chapter_18.md,UNMAPPED,UNVERIFIED
REQ-01745,EAR1-C18-0021,18,measurement;verification,,Moodify_Ear_v1_Chapter_18_Package/Moodify_Ear_v1_Chapter_18/Moodify_Ear_v1_Chapter_18.md,UNMAPPED,UNVERIFIED
REQ-01746,EAR1-C18-0023,18,verification;human_authority,,Moodify_Ear_v1_Chapter_18_Package/Moodify_Ear_v1_Chapter_18/Moodify_Ear_v1_Chapter_18.md,UNMAPPED,UNVERIFIED
REQ-01747,EAR1-C18-0026,18,measurement,,Moodify_Ear_v1_Chapter_18_Package/Moodify_Ear_v1_Chapter_18/Moodify_Ear_v1_Chapter_18.md,UNMAPPED,UNVERIFIED
REQ-01748,EAR1-C18-0027,18,measurement,,Moodify_Ear_v1_Chapter_18_Package/Moodify_Ear_v1_Chapter_18/Moodify_Ear_v1_Chapter_18.md,UNMAPPED,UNVERIFIED
REQ-01749,EAR1-C18-0028,18,verification,,Moodify_Ear_v1_Chapter_18_Package/Moodify_Ear_v1_Chapter_18/Moodify_Ear_v1_Chapter_18.md,UNMAPPED,UNVERIFIED
REQ-01750,EAR1-C18-0040,18,measurement;verification,,Moodify_Ear_v1_Chapter_18_Package/Moodify_Ear_v1_Chapter_18/Moodify_Ear_v1_Chapter_18.md,UNMAPPED,UNVERIFIED
REQ-01751,EAR1-C18-0042,18,failure_recovery,,Moodify_Ear_v1_Chapter_18_Package/Moodify_Ear_v1_Chapter_18/Moodify_Ear_v1_Chapter_18.md,UNMAPPED,UNVERIFIED
REQ-01752,EAR1-C18-0044,18,measurement,,Moodify_Ear_v1_Chapter_18_Package/Moodify_Ear_v1_Chapter_18/Moodify_Ear_v1_Chapter_18.md,UNMAPPED,UNVERIFIED
REQ-01753,EAR1-C18-0045,18,measurement,,Moodify_Ear_v1_Chapter_18_Package/Moodify_Ear_v1_Chapter_18/Moodify_Ear_v1_Chapter_18.md,UNMAPPED,UNVERIFIED
REQ-01754,EAR1-C18-0046,18,evidence,,Moodify_Ear_v1_Chapter_18_Package/Moodify_Ear_v1_Chapter_18/Moodify_Ear_v1_Chapter_18.md,UNMAPPED,UNVERIFIED
REQ-01755,EAR1-C18-0047,18,human_authority,,Moodify_Ear_v1_Chapter_18_Package/Moodify_Ear_v1_Chapter_18/Moodify_Ear_v1_Chapter_18.md,UNMAPPED,UNVERIFIED
REQ-01756,EAR1-C18-0048,18,verification;human_authority,,Moodify_Ear_v1_Chapter_18_Package/Moodify_Ear_v1_Chapter_18/Moodify_Ear_v1_Chapter_18.md,UNMAPPED,UNVERIFIED
REQ-01757,EAR1-C18-0050,18,evidence,,Moodify_Ear_v1_Chapter_18_Package/Moodify_Ear_v1_Chapter_18/Moodify_Ear_v1_Chapter_18.md,UNMAPPED,UNVERIFIED
REQ-01758,EAR1-C18-0051,18,evidence,,Moodify_Ear_v1_Chapter_18_Package/Moodify_Ear_v1_Chapter_18/Moodify_Ear_v1_Chapter_18.md,UNMAPPED,UNVERIFIED
REQ-01759,EAR1-C18-0052,18,verification;human_authority,,Moodify_Ear_v1_Chapter_18_Package/Moodify_Ear_v1_Chapter_18/Moodify_Ear_v1_Chapter_18.md,UNMAPPED,UNVERIFIED
REQ-01760,EAR1-C18-0055,18,evidence,,Moodify_Ear_v1_Chapter_18_Package/Moodify_Ear_v1_Chapter_18/Moodify_Ear_v1_Chapter_18.md,UNMAPPED,UNVERIFIED
REQ-01761,EAR1-C18-0057,18,evidence,,Moodify_Ear_v1_Chapter_18_Package/Moodify_Ear_v1_Chapter_18/Moodify_Ear_v1_Chapter_18.md,UNMAPPED,UNVERIFIED
REQ-01762,EAR1-C18-0058,18,evidence,,Moodify_Ear_v1_Chapter_18_Package/Moodify_Ear_v1_Chapter_18/Moodify_Ear_v1_Chapter_18.md,UNMAPPED,UNVERIFIED
REQ-01763,EAR1-C18-0060,18,evidence;failure_recovery,,Moodify_Ear_v1_Chapter_18_Package/Moodify_Ear_v1_Chapter_18/Moodify_Ear_v1_Chapter_18.md,UNMAPPED,UNVERIFIED
REQ-01764,EAR1-C18-0063,18,verification,,Moodify_Ear_v1_Chapter_18_Package/Moodify_Ear_v1_Chapter_18/Moodify_Ear_v1_Chapter_18.md,UNMAPPED,UNVERIFIED
REQ-01765,EAR1-C18-0064,18,evidence,,Moodify_Ear_v1_Chapter_18_Package/Moodify_Ear_v1_Chapter_18/Moodify_Ear_v1_Chapter_18.md,UNMAPPED,UNVERIFIED
REQ-01766,EAR1-C18-0066,18,evidence,,Moodify_Ear_v1_Chapter_18_Package/Moodify_Ear_v1_Chapter_18/Moodify_Ear_v1_Chapter_18.md,UNMAPPED,UNVERIFIED
REQ-01767,EAR1-C18-0068,18,measurement;evidence,,Moodify_Ear_v1_Chapter_18_Package/Moodify_Ear_v1_Chapter_18/Moodify_Ear_v1_Chapter_18.md,UNMAPPED,UNVERIFIED
REQ-01768,EAR1-C18-0070,18,verification,,Moodify_Ear_v1_Chapter_18_Package/Moodify_Ear_v1_Chapter_18/Moodify_Ear_v1_Chapter_18.md,UNMAPPED,UNVERIFIED
REQ-01769,EAR1-C18-0071,18,evidence;verification;human_authority,,Moodify_Ear_v1_Chapter_18_Package/Moodify_Ear_v1_Chapter_18/Moodify_Ear_v1_Chapter_18.md,UNMAPPED,UNVERIFIED
REQ-01770,EAR1-C18-0073,18,verification,,Moodify_Ear_v1_Chapter_18_Package/Moodify_Ear_v1_Chapter_18/Moodify_Ear_v1_Chapter_18.md,UNMAPPED,UNVERIFIED
REQ-01771,EAR1-C18-0079,18,measurement,,Moodify_Ear_v1_Chapter_18_Package/Moodify_Ear_v1_Chapter_18/Moodify_Ear_v1_Chapter_18.md,UNMAPPED,UNVERIFIED
REQ-01772,EAR1-C18-0088,18,measurement,,Moodify_Ear_v1_Chapter_18_Package/Moodify_Ear_v1_Chapter_18/Moodify_Ear_v1_Chapter_18.md,UNMAPPED,UNVERIFIED
REQ-01773,EAR1-C18-0092,18,evidence,,Moodify_Ear_v1_Chapter_18_Package/Moodify_Ear_v1_Chapter_18/Moodify_Ear_v1_Chapter_18.md,UNMAPPED,UNVERIFIED
REQ-01774,EAR1-C18-0098,18,verification,,Moodify_Ear_v1_Chapter_18_Package/Moodify_Ear_v1_Chapter_18/Moodify_Ear_v1_Chapter_18.md,UNMAPPED,UNVERIFIED
REQ-01775,EAR1-C18-0100,18,measurement;evidence;verification,,Moodify_Ear_v1_Chapter_18_Package/Moodify_Ear_v1_Chapter_18/Moodify_Ear_v1_Chapter_18.md,UNMAPPED,UNVERIFIED
REQ-01776,EAR1-C18-0104,18,measurement;evidence,,Moodify_Ear_v1_Chapter_18_Package/Moodify_Ear_v1_Chapter_18/Moodify_Ear_v1_Chapter_18.md,UNMAPPED,UNVERIFIED
REQ-01777,EAR1-C18-0107,18,measurement;evidence,COMP-012,Moodify_Ear_v1_Chapter_18_Package/Moodify_Ear_v1_Chapter_18/Moodify_Ear_v1_Chapter_18.md,UNMAPPED,UNVERIFIED
REQ-01778,EAR1-C18-0108,18,human_authority,,Moodify_Ear_v1_Chapter_18_Package/Moodify_Ear_v1_Chapter_18/Moodify_Ear_v1_Chapter_18.md,UNMAPPED,UNVERIFIED
REQ-01779,EAR1-C18-0110,18,verification,,Moodify_Ear_v1_Chapter_18_Package/Moodify_Ear_v1_Chapter_18/Moodify_Ear_v1_Chapter_18.md,UNMAPPED,UNVERIFIED
REQ-01780,EAR1-C18-0111,18,measurement;evidence,,Moodify_Ear_v1_Chapter_18_Package/Moodify_Ear_v1_Chapter_18/Moodify_Ear_v1_Chapter_18.md,UNMAPPED,UNVERIFIED
REQ-01781,EAR1-C18-0112,18,verification,,Moodify_Ear_v1_Chapter_18_Package/Moodify_Ear_v1_Chapter_18/Moodify_Ear_v1_Chapter_18.md,UNMAPPED,UNVERIFIED
REQ-01782,EAR1-C18-0115,18,evidence;verification,,Moodify_Ear_v1_Chapter_18_Package/Moodify_Ear_v1_Chapter_18/Moodify_Ear_v1_Chapter_18.md,UNMAPPED,UNVERIFIED
REQ-01783,EAR1-C18-0118,18,evidence,,Moodify_Ear_v1_Chapter_18_Package/Moodify_Ear_v1_Chapter_18/Moodify_Ear_v1_Chapter_18.md,UNMAPPED,UNVERIFIED
REQ-01784,EAR1-C18-0121,18,evidence,,Moodify_Ear_v1_Chapter_18_Package/Moodify_Ear_v1_Chapter_18/Moodify_Ear_v1_Chapter_18.md,UNMAPPED,UNVERIFIED
REQ-01785,EAR1-C18-0126,18,measurement,,Moodify_Ear_v1_Chapter_18_Package/Moodify_Ear_v1_Chapter_18/Moodify_Ear_v1_Chapter_18.md,UNMAPPED,UNVERIFIED
REQ-01786,EAR1-C18-0127,18,measurement,,Moodify_Ear_v1_Chapter_18_Package/Moodify_Ear_v1_Chapter_18/Moodify_Ear_v1_Chapter_18.md,UNMAPPED,UNVERIFIED
REQ-01787,EAR1-C18-0129,18,measurement,,Moodify_Ear_v1_Chapter_18_Package/Moodify_Ear_v1_Chapter_18/Moodify_Ear_v1_Chapter_18.md,UNMAPPED,UNVERIFIED
REQ-01788,EAR1-C18-0131,18,measurement;evidence,,Moodify_Ear_v1_Chapter_18_Package/Moodify_Ear_v1_Chapter_18/Moodify_Ear_v1_Chapter_18.md,UNMAPPED,UNVERIFIED
REQ-01789,EAR1-C18-0132,18,evidence,,Moodify_Ear_v1_Chapter_18_Package/Moodify_Ear_v1_Chapter_18/Moodify_Ear_v1_Chapter_18.md,UNMAPPED,UNVERIFIED
REQ-01790,EAR1-C18-0133,18,evidence,,Moodify_Ear_v1_Chapter_18_Package/Moodify_Ear_v1_Chapter_18/Moodify_Ear_v1_Chapter_18.md,UNMAPPED,UNVERIFIED
REQ-01791,EAR1-C18-0135,18,verification,,Moodify_Ear_v1_Chapter_18_Package/Moodify_Ear_v1_Chapter_18/Moodify_Ear_v1_Chapter_18.md,UNMAPPED,UNVERIFIED
REQ-01792,EAR1-C18-0137,18,evidence,,Moodify_Ear_v1_Chapter_18_Package/Moodify_Ear_v1_Chapter_18/Moodify_Ear_v1_Chapter_18.md,UNMAPPED,UNVERIFIED
REQ-01793,EAR1-C18-0139,18,verification;failure_recovery,,Moodify_Ear_v1_Chapter_18_Package/Moodify_Ear_v1_Chapter_18/Moodify_Ear_v1_Chapter_18.md,UNMAPPED,UNVERIFIED
REQ-01794,EAR1-C18-0140,18,evidence;verification,,Moodify_Ear_v1_Chapter_18_Package/Moodify_Ear_v1_Chapter_18/Moodify_Ear_v1_Chapter_18.md,UNMAPPED,UNVERIFIED
REQ-01795,EAR1-C18-0148,18,verification;failure_recovery;human_authority,,Moodify_Ear_v1_Chapter_18_Package/Moodify_Ear_v1_Chapter_18/Moodify_Ear_v1_Chapter_18.md,UNMAPPED,UNVERIFIED
REQ-01796,EAR1-C18-0149,18,verification,COMP-012,Moodify_Ear_v1_Chapter_18_Package/Moodify_Ear_v1_Chapter_18/Moodify_Ear_v1_Chapter_18.md,UNMAPPED,UNVERIFIED
REQ-01797,EAR1-C18-0150,18,verification,,Moodify_Ear_v1_Chapter_18_Package/Moodify_Ear_v1_Chapter_18/Moodify_Ear_v1_Chapter_18.md,UNMAPPED,UNVERIFIED
REQ-01798,EAR1-C18-0155,18,evidence,,Moodify_Ear_v1_Chapter_18_Package/Moodify_Ear_v1_Chapter_18/Moodify_Ear_v1_Chapter_18.md,UNMAPPED,UNVERIFIED
REQ-01799,EAR1-C18-0157,18,verification,,Moodify_Ear_v1_Chapter_18_Package/Moodify_Ear_v1_Chapter_18/Moodify_Ear_v1_Chapter_18.md,UNMAPPED,UNVERIFIED
REQ-01800,EAR1-C18-0158,18,human_authority,,Moodify_Ear_v1_Chapter_18_Package/Moodify_Ear_v1_Chapter_18/Moodify_Ear_v1_Chapter_18.md,UNMAPPED,UNVERIFIED
REQ-01801,EAR1-C18-0166,18,failure_recovery,,Moodify_Ear_v1_Chapter_18_Package/Moodify_Ear_v1_Chapter_18/Moodify_Ear_v1_Chapter_18.md,UNMAPPED,UNVERIFIED
REQ-01802,EAR1-C18-0167,18,evidence,,Moodify_Ear_v1_Chapter_18_Package/Moodify_Ear_v1_Chapter_18/Moodify_Ear_v1_Chapter_18.md,UNMAPPED,UNVERIFIED
REQ-01803,EAR1-C18-0170,18,verification;human_authority,,Moodify_Ear_v1_Chapter_18_Package/Moodify_Ear_v1_Chapter_18/Moodify_Ear_v1_Chapter_18.md,UNMAPPED,UNVERIFIED
REQ-01804,EAR1-C18-0172,18,failure_recovery,,Moodify_Ear_v1_Chapter_18_Package/Moodify_Ear_v1_Chapter_18/Moodify_Ear_v1_Chapter_18.md,UNMAPPED,UNVERIFIED
REQ-01805,EAR1-C18-0175,18,verification,,Moodify_Ear_v1_Chapter_18_Package/Moodify_Ear_v1_Chapter_18/Moodify_Ear_v1_Chapter_18.md,UNMAPPED,UNVERIFIED
REQ-01806,EAR1-C18-0177,18,measurement;evidence;verification,,Moodify_Ear_v1_Chapter_18_Package/Moodify_Ear_v1_Chapter_18/Moodify_Ear_v1_Chapter_18.md,UNMAPPED,UNVERIFIED
REQ-01807,EAR1-C18-0182,18,evidence;verification,,Moodify_Ear_v1_Chapter_18_Package/Moodify_Ear_v1_Chapter_18/Moodify_Ear_v1_Chapter_18.md,UNMAPPED,UNVERIFIED
REQ-01808,EAR1-C18-0185,18,evidence;verification,,Moodify_Ear_v1_Chapter_18_Package/Moodify_Ear_v1_Chapter_18/Moodify_Ear_v1_Chapter_18.md,UNMAPPED,UNVERIFIED
REQ-01809,EAR1-C18-0188,18,verification,,Moodify_Ear_v1_Chapter_18_Package/Moodify_Ear_v1_Chapter_18/Moodify_Ear_v1_Chapter_18.md,UNMAPPED,UNVERIFIED
REQ-01810,EAR1-C18-0189,18,measurement,,Moodify_Ear_v1_Chapter_18_Package/Moodify_Ear_v1_Chapter_18/Moodify_Ear_v1_Chapter_18.md,UNMAPPED,UNVERIFIED
REQ-01811,EAR1-C18-0190,18,evidence,,Moodify_Ear_v1_Chapter_18_Package/Moodify_Ear_v1_Chapter_18/Moodify_Ear_v1_Chapter_18.md,UNMAPPED,UNVERIFIED
REQ-01812,EAR1-C18-0195,18,measurement;evidence;verification,,Moodify_Ear_v1_Chapter_18_Package/Moodify_Ear_v1_Chapter_18/Moodify_Ear_v1_Chapter_18.md,UNMAPPED,UNVERIFIED
REQ-01813,EAR1-C18-0197,18,evidence,,Moodify_Ear_v1_Chapter_18_Package/Moodify_Ear_v1_Chapter_18/Moodify_Ear_v1_Chapter_18.md,UNMAPPED,UNVERIFIED
REQ-01814,EAR1-C18-0199,18,evidence,,Moodify_Ear_v1_Chapter_18_Package/Moodify_Ear_v1_Chapter_18/Moodify_Ear_v1_Chapter_18.md,UNMAPPED,UNVERIFIED
REQ-01815,EAR1-C18-0201,18,evidence,,Moodify_Ear_v1_Chapter_18_Package/Moodify_Ear_v1_Chapter_18/Moodify_Ear_v1_Chapter_18.md,UNMAPPED,UNVERIFIED
REQ-01816,EAR1-C18-0202,18,failure_recovery,,Moodify_Ear_v1_Chapter_18_Package/Moodify_Ear_v1_Chapter_18/Moodify_Ear_v1_Chapter_18.md,UNMAPPED,UNVERIFIED
REQ-01817,EAR1-C18-0206,18,verification,,Moodify_Ear_v1_Chapter_18_Package/Moodify_Ear_v1_Chapter_18/Moodify_Ear_v1_Chapter_18.md,UNMAPPED,UNVERIFIED
REQ-01818,EAR1-C18-0208,18,evidence,,Moodify_Ear_v1_Chapter_18_Package/Moodify_Ear_v1_Chapter_18/Moodify_Ear_v1_Chapter_18.md,UNMAPPED,UNVERIFIED
REQ-01819,EAR1-C18-0209,18,evidence,,Moodify_Ear_v1_Chapter_18_Package/Moodify_Ear_v1_Chapter_18/Moodify_Ear_v1_Chapter_18.md,UNMAPPED,UNVERIFIED
REQ-01820,EAR1-C18-0211,18,measurement,,Moodify_Ear_v1_Chapter_18_Package/Moodify_Ear_v1_Chapter_18/Moodify_Ear_v1_Chapter_18.md,UNMAPPED,UNVERIFIED
REQ-01821,EAR1-C18-0212,18,measurement;evidence;verification,,Moodify_Ear_v1_Chapter_18_Package/Moodify_Ear_v1_Chapter_18/Moodify_Ear_v1_Chapter_18.md,UNMAPPED,UNVERIFIED
REQ-01822,EAR1-C18-0219,18,verification,,Moodify_Ear_v1_Chapter_18_Package/Moodify_Ear_v1_Chapter_18/Moodify_Ear_v1_Chapter_18.md,UNMAPPED,UNVERIFIED
REQ-01823,EAR1-C18-0220,18,evidence;verification,,Moodify_Ear_v1_Chapter_18_Package/Moodify_Ear_v1_Chapter_18/Moodify_Ear_v1_Chapter_18.md,UNMAPPED,UNVERIFIED
REQ-01824,EAR1-C18-0232,18,measurement,,Moodify_Ear_v1_Chapter_18_Package/Moodify_Ear_v1_Chapter_18/Moodify_Ear_v1_Chapter_18.md,UNMAPPED,UNVERIFIED
REQ-01825,EAR1-C18-0234,18,verification,,Moodify_Ear_v1_Chapter_18_Package/Moodify_Ear_v1_Chapter_18/Moodify_Ear_v1_Chapter_18.md,UNMAPPED,UNVERIFIED
REQ-01826,EAR1-C18-0254,18,verification,,Moodify_Ear_v1_Chapter_18_Package/Moodify_Ear_v1_Chapter_18/Moodify_Ear_v1_Chapter_18.md,UNMAPPED,UNVERIFIED
REQ-01827,EAR1-C18-0262,18,human_authority,,Moodify_Ear_v1_Chapter_18_Package/Moodify_Ear_v1_Chapter_18/Moodify_Ear_v1_Chapter_18.md,UNMAPPED,UNVERIFIED
REQ-01828,EAR1-C18-0265,18,human_authority,,Moodify_Ear_v1_Chapter_18_Package/Moodify_Ear_v1_Chapter_18/Moodify_Ear_v1_Chapter_18.md,UNMAPPED,UNVERIFIED
REQ-01829,EAR1-C18-0266,18,human_authority,,Moodify_Ear_v1_Chapter_18_Package/Moodify_Ear_v1_Chapter_18/Moodify_Ear_v1_Chapter_18.md,UNMAPPED,UNVERIFIED
REQ-01830,EAR1-C19-0003,19,failure_recovery,,Moodify_Ear_v1_Chapter_19_Package/Moodify_Ear_v1_Chapter_19/Moodify_Ear_v1_Chapter_19.md,UNMAPPED,UNVERIFIED
REQ-01831,EAR1-C19-0004,19,evidence,,Moodify_Ear_v1_Chapter_19_Package/Moodify_Ear_v1_Chapter_19/Moodify_Ear_v1_Chapter_19.md,UNMAPPED,UNVERIFIED
REQ-01832,EAR1-C19-0010,19,evidence;verification,,Moodify_Ear_v1_Chapter_19_Package/Moodify_Ear_v1_Chapter_19/Moodify_Ear_v1_Chapter_19.md,UNMAPPED,UNVERIFIED
REQ-01833,EAR1-C19-0023,19,evidence,,Moodify_Ear_v1_Chapter_19_Package/Moodify_Ear_v1_Chapter_19/Moodify_Ear_v1_Chapter_19.md,UNMAPPED,UNVERIFIED
REQ-01834,EAR1-C19-0025,19,measurement;verification;failure_recovery;human_authority,,Moodify_Ear_v1_Chapter_19_Package/Moodify_Ear_v1_Chapter_19/Moodify_Ear_v1_Chapter_19.md,UNMAPPED,UNVERIFIED
REQ-01835,EAR1-C19-0029,19,measurement,,Moodify_Ear_v1_Chapter_19_Package/Moodify_Ear_v1_Chapter_19/Moodify_Ear_v1_Chapter_19.md,UNMAPPED,UNVERIFIED
REQ-01836,EAR1-C19-0031,19,measurement,,Moodify_Ear_v1_Chapter_19_Package/Moodify_Ear_v1_Chapter_19/Moodify_Ear_v1_Chapter_19.md,UNMAPPED,UNVERIFIED
REQ-01837,EAR1-C19-0032,19,measurement;evidence,,Moodify_Ear_v1_Chapter_19_Package/Moodify_Ear_v1_Chapter_19/Moodify_Ear_v1_Chapter_19.md,UNMAPPED,UNVERIFIED
REQ-01838,EAR1-C19-0036,19,verification,,Moodify_Ear_v1_Chapter_19_Package/Moodify_Ear_v1_Chapter_19/Moodify_Ear_v1_Chapter_19.md,UNMAPPED,UNVERIFIED
REQ-01839,EAR1-C19-0038,19,evidence,,Moodify_Ear_v1_Chapter_19_Package/Moodify_Ear_v1_Chapter_19/Moodify_Ear_v1_Chapter_19.md,UNMAPPED,UNVERIFIED
REQ-01840,EAR1-C19-0039,19,verification,,Moodify_Ear_v1_Chapter_19_Package/Moodify_Ear_v1_Chapter_19/Moodify_Ear_v1_Chapter_19.md,UNMAPPED,UNVERIFIED
REQ-01841,EAR1-C19-0047,19,verification,,Moodify_Ear_v1_Chapter_19_Package/Moodify_Ear_v1_Chapter_19/Moodify_Ear_v1_Chapter_19.md,UNMAPPED,UNVERIFIED
REQ-01842,EAR1-C19-0048,19,evidence,,Moodify_Ear_v1_Chapter_19_Package/Moodify_Ear_v1_Chapter_19/Moodify_Ear_v1_Chapter_19.md,UNMAPPED,UNVERIFIED
REQ-01843,EAR1-C19-0049,19,evidence;human_authority,,Moodify_Ear_v1_Chapter_19_Package/Moodify_Ear_v1_Chapter_19/Moodify_Ear_v1_Chapter_19.md,UNMAPPED,UNVERIFIED
REQ-01844,EAR1-C19-0050,19,measurement,,Moodify_Ear_v1_Chapter_19_Package/Moodify_Ear_v1_Chapter_19/Moodify_Ear_v1_Chapter_19.md,UNMAPPED,UNVERIFIED
REQ-01845,EAR1-C19-0051,19,failure_recovery,,Moodify_Ear_v1_Chapter_19_Package/Moodify_Ear_v1_Chapter_19/Moodify_Ear_v1_Chapter_19.md,UNMAPPED,UNVERIFIED
REQ-01846,EAR1-C19-0053,19,evidence,,Moodify_Ear_v1_Chapter_19_Package/Moodify_Ear_v1_Chapter_19/Moodify_Ear_v1_Chapter_19.md,UNMAPPED,UNVERIFIED
REQ-01847,EAR1-C19-0054,19,evidence,COMP-011,Moodify_Ear_v1_Chapter_19_Package/Moodify_Ear_v1_Chapter_19/Moodify_Ear_v1_Chapter_19.md,UNMAPPED,UNVERIFIED
REQ-01848,EAR1-C19-0055,19,evidence,,Moodify_Ear_v1_Chapter_19_Package/Moodify_Ear_v1_Chapter_19/Moodify_Ear_v1_Chapter_19.md,UNMAPPED,UNVERIFIED
REQ-01849,EAR1-C19-0059,19,evidence,,Moodify_Ear_v1_Chapter_19_Package/Moodify_Ear_v1_Chapter_19/Moodify_Ear_v1_Chapter_19.md,UNMAPPED,UNVERIFIED
REQ-01850,EAR1-C19-0061,19,measurement;evidence,,Moodify_Ear_v1_Chapter_19_Package/Moodify_Ear_v1_Chapter_19/Moodify_Ear_v1_Chapter_19.md,UNMAPPED,UNVERIFIED
REQ-01851,EAR1-C19-0062,19,evidence,,Moodify_Ear_v1_Chapter_19_Package/Moodify_Ear_v1_Chapter_19/Moodify_Ear_v1_Chapter_19.md,UNMAPPED,UNVERIFIED
REQ-01852,EAR1-C19-0063,19,evidence,,Moodify_Ear_v1_Chapter_19_Package/Moodify_Ear_v1_Chapter_19/Moodify_Ear_v1_Chapter_19.md,UNMAPPED,UNVERIFIED
REQ-01853,EAR1-C19-0066,19,evidence,,Moodify_Ear_v1_Chapter_19_Package/Moodify_Ear_v1_Chapter_19/Moodify_Ear_v1_Chapter_19.md,UNMAPPED,UNVERIFIED
REQ-01854,EAR1-C19-0068,19,evidence,,Moodify_Ear_v1_Chapter_19_Package/Moodify_Ear_v1_Chapter_19/Moodify_Ear_v1_Chapter_19.md,UNMAPPED,UNVERIFIED
REQ-01855,EAR1-C19-0070,19,verification;human_authority,,Moodify_Ear_v1_Chapter_19_Package/Moodify_Ear_v1_Chapter_19/Moodify_Ear_v1_Chapter_19.md,UNMAPPED,UNVERIFIED
REQ-01856,EAR1-C19-0072,19,human_authority,,Moodify_Ear_v1_Chapter_19_Package/Moodify_Ear_v1_Chapter_19/Moodify_Ear_v1_Chapter_19.md,UNMAPPED,UNVERIFIED
REQ-01857,EAR1-C19-0073,19,human_authority,,Moodify_Ear_v1_Chapter_19_Package/Moodify_Ear_v1_Chapter_19/Moodify_Ear_v1_Chapter_19.md,UNMAPPED,UNVERIFIED
REQ-01858,EAR1-C19-0074,19,human_authority,,Moodify_Ear_v1_Chapter_19_Package/Moodify_Ear_v1_Chapter_19/Moodify_Ear_v1_Chapter_19.md,UNMAPPED,UNVERIFIED
REQ-01859,EAR1-C19-0079,19,human_authority,,Moodify_Ear_v1_Chapter_19_Package/Moodify_Ear_v1_Chapter_19/Moodify_Ear_v1_Chapter_19.md,UNMAPPED,UNVERIFIED
REQ-01860,EAR1-C19-0082,19,evidence,,Moodify_Ear_v1_Chapter_19_Package/Moodify_Ear_v1_Chapter_19/Moodify_Ear_v1_Chapter_19.md,UNMAPPED,UNVERIFIED
REQ-01861,EAR1-C19-0083,19,evidence,,Moodify_Ear_v1_Chapter_19_Package/Moodify_Ear_v1_Chapter_19/Moodify_Ear_v1_Chapter_19.md,UNMAPPED,UNVERIFIED
REQ-01862,EAR1-C19-0084,19,measurement;evidence;failure_recovery,,Moodify_Ear_v1_Chapter_19_Package/Moodify_Ear_v1_Chapter_19/Moodify_Ear_v1_Chapter_19.md,UNMAPPED,UNVERIFIED
REQ-01863,EAR1-C19-0085,19,evidence,,Moodify_Ear_v1_Chapter_19_Package/Moodify_Ear_v1_Chapter_19/Moodify_Ear_v1_Chapter_19.md,UNMAPPED,UNVERIFIED
REQ-01864,EAR1-C19-0088,19,measurement,,Moodify_Ear_v1_Chapter_19_Package/Moodify_Ear_v1_Chapter_19/Moodify_Ear_v1_Chapter_19.md,UNMAPPED,UNVERIFIED
REQ-01865,EAR1-C19-0092,19,verification,,Moodify_Ear_v1_Chapter_19_Package/Moodify_Ear_v1_Chapter_19/Moodify_Ear_v1_Chapter_19.md,UNMAPPED,UNVERIFIED
REQ-01866,EAR1-C19-0099,19,human_authority,,Moodify_Ear_v1_Chapter_19_Package/Moodify_Ear_v1_Chapter_19/Moodify_Ear_v1_Chapter_19.md,UNMAPPED,UNVERIFIED
REQ-01867,EAR1-C19-0101,19,measurement,,Moodify_Ear_v1_Chapter_19_Package/Moodify_Ear_v1_Chapter_19/Moodify_Ear_v1_Chapter_19.md,UNMAPPED,UNVERIFIED
REQ-01868,EAR1-C19-0102,19,human_authority,,Moodify_Ear_v1_Chapter_19_Package/Moodify_Ear_v1_Chapter_19/Moodify_Ear_v1_Chapter_19.md,UNMAPPED,UNVERIFIED
REQ-01869,EAR1-C19-0104,19,evidence;human_authority,,Moodify_Ear_v1_Chapter_19_Package/Moodify_Ear_v1_Chapter_19/Moodify_Ear_v1_Chapter_19.md,UNMAPPED,UNVERIFIED
REQ-01870,EAR1-C19-0106,19,evidence;human_authority,,Moodify_Ear_v1_Chapter_19_Package/Moodify_Ear_v1_Chapter_19/Moodify_Ear_v1_Chapter_19.md,UNMAPPED,UNVERIFIED
REQ-01871,EAR1-C19-0107,19,measurement;verification,,Moodify_Ear_v1_Chapter_19_Package/Moodify_Ear_v1_Chapter_19/Moodify_Ear_v1_Chapter_19.md,UNMAPPED,UNVERIFIED
REQ-01872,EAR1-C19-0108,19,human_authority,,Moodify_Ear_v1_Chapter_19_Package/Moodify_Ear_v1_Chapter_19/Moodify_Ear_v1_Chapter_19.md,UNMAPPED,UNVERIFIED
REQ-01873,EAR1-C19-0110,19,verification,,Moodify_Ear_v1_Chapter_19_Package/Moodify_Ear_v1_Chapter_19/Moodify_Ear_v1_Chapter_19.md,UNMAPPED,UNVERIFIED
REQ-01874,EAR1-C19-0111,19,evidence;verification;human_authority,,Moodify_Ear_v1_Chapter_19_Package/Moodify_Ear_v1_Chapter_19/Moodify_Ear_v1_Chapter_19.md,UNMAPPED,UNVERIFIED
REQ-01875,EAR1-C19-0113,19,evidence;human_authority,,Moodify_Ear_v1_Chapter_19_Package/Moodify_Ear_v1_Chapter_19/Moodify_Ear_v1_Chapter_19.md,UNMAPPED,UNVERIFIED
REQ-01876,EAR1-C19-0116,19,verification;failure_recovery,,Moodify_Ear_v1_Chapter_19_Package/Moodify_Ear_v1_Chapter_19/Moodify_Ear_v1_Chapter_19.md,UNMAPPED,UNVERIFIED
REQ-01877,EAR1-C19-0118,19,evidence,,Moodify_Ear_v1_Chapter_19_Package/Moodify_Ear_v1_Chapter_19/Moodify_Ear_v1_Chapter_19.md,UNMAPPED,UNVERIFIED
REQ-01878,EAR1-C19-0119,19,verification,,Moodify_Ear_v1_Chapter_19_Package/Moodify_Ear_v1_Chapter_19/Moodify_Ear_v1_Chapter_19.md,UNMAPPED,UNVERIFIED
REQ-01879,EAR1-C19-0120,19,measurement;evidence;verification,,Moodify_Ear_v1_Chapter_19_Package/Moodify_Ear_v1_Chapter_19/Moodify_Ear_v1_Chapter_19.md,UNMAPPED,UNVERIFIED
REQ-01880,EAR1-C19-0123,19,evidence,,Moodify_Ear_v1_Chapter_19_Package/Moodify_Ear_v1_Chapter_19/Moodify_Ear_v1_Chapter_19.md,UNMAPPED,UNVERIFIED
REQ-01881,EAR1-C19-0124,19,verification,,Moodify_Ear_v1_Chapter_19_Package/Moodify_Ear_v1_Chapter_19/Moodify_Ear_v1_Chapter_19.md,UNMAPPED,UNVERIFIED
REQ-01882,EAR1-C19-0126,19,measurement;verification,,Moodify_Ear_v1_Chapter_19_Package/Moodify_Ear_v1_Chapter_19/Moodify_Ear_v1_Chapter_19.md,UNMAPPED,UNVERIFIED
REQ-01883,EAR1-C19-0127,19,measurement;evidence;failure_recovery,,Moodify_Ear_v1_Chapter_19_Package/Moodify_Ear_v1_Chapter_19/Moodify_Ear_v1_Chapter_19.md,UNMAPPED,UNVERIFIED
REQ-01884,EAR1-C19-0128,19,measurement;evidence,,Moodify_Ear_v1_Chapter_19_Package/Moodify_Ear_v1_Chapter_19/Moodify_Ear_v1_Chapter_19.md,UNMAPPED,UNVERIFIED
REQ-01885,EAR1-C19-0129,19,measurement,,Moodify_Ear_v1_Chapter_19_Package/Moodify_Ear_v1_Chapter_19/Moodify_Ear_v1_Chapter_19.md,UNMAPPED,UNVERIFIED
REQ-01886,EAR1-C19-0130,19,evidence,,Moodify_Ear_v1_Chapter_19_Package/Moodify_Ear_v1_Chapter_19/Moodify_Ear_v1_Chapter_19.md,UNMAPPED,UNVERIFIED
REQ-01887,EAR1-C19-0133,19,evidence,,Moodify_Ear_v1_Chapter_19_Package/Moodify_Ear_v1_Chapter_19/Moodify_Ear_v1_Chapter_19.md,UNMAPPED,UNVERIFIED
REQ-01888,EAR1-C19-0134,19,verification,,Moodify_Ear_v1_Chapter_19_Package/Moodify_Ear_v1_Chapter_19/Moodify_Ear_v1_Chapter_19.md,UNMAPPED,UNVERIFIED
REQ-01889,EAR1-C19-0136,19,measurement;verification;human_authority,,Moodify_Ear_v1_Chapter_19_Package/Moodify_Ear_v1_Chapter_19/Moodify_Ear_v1_Chapter_19.md,UNMAPPED,UNVERIFIED
REQ-01890,EAR1-C19-0137,19,measurement;human_authority,,Moodify_Ear_v1_Chapter_19_Package/Moodify_Ear_v1_Chapter_19/Moodify_Ear_v1_Chapter_19.md,UNMAPPED,UNVERIFIED
REQ-01891,EAR1-C19-0138,19,measurement;human_authority,,Moodify_Ear_v1_Chapter_19_Package/Moodify_Ear_v1_Chapter_19/Moodify_Ear_v1_Chapter_19.md,UNMAPPED,UNVERIFIED
REQ-01892,EAR1-C19-0139,19,human_authority,,Moodify_Ear_v1_Chapter_19_Package/Moodify_Ear_v1_Chapter_19/Moodify_Ear_v1_Chapter_19.md,UNMAPPED,UNVERIFIED
REQ-01893,EAR1-C19-0141,19,measurement,,Moodify_Ear_v1_Chapter_19_Package/Moodify_Ear_v1_Chapter_19/Moodify_Ear_v1_Chapter_19.md,UNMAPPED,UNVERIFIED
REQ-01894,EAR1-C19-0142,19,verification,,Moodify_Ear_v1_Chapter_19_Package/Moodify_Ear_v1_Chapter_19/Moodify_Ear_v1_Chapter_19.md,UNMAPPED,UNVERIFIED
REQ-01895,EAR1-C19-0144,19,measurement,,Moodify_Ear_v1_Chapter_19_Package/Moodify_Ear_v1_Chapter_19/Moodify_Ear_v1_Chapter_19.md,UNMAPPED,UNVERIFIED
REQ-01896,EAR1-C19-0150,19,measurement,,Moodify_Ear_v1_Chapter_19_Package/Moodify_Ear_v1_Chapter_19/Moodify_Ear_v1_Chapter_19.md,UNMAPPED,UNVERIFIED
REQ-01897,EAR1-C19-0151,19,evidence,,Moodify_Ear_v1_Chapter_19_Package/Moodify_Ear_v1_Chapter_19/Moodify_Ear_v1_Chapter_19.md,UNMAPPED,UNVERIFIED
REQ-01898,EAR1-C19-0153,19,evidence,,Moodify_Ear_v1_Chapter_19_Package/Moodify_Ear_v1_Chapter_19/Moodify_Ear_v1_Chapter_19.md,UNMAPPED,UNVERIFIED
REQ-01899,EAR1-C19-0157,19,verification,,Moodify_Ear_v1_Chapter_19_Package/Moodify_Ear_v1_Chapter_19/Moodify_Ear_v1_Chapter_19.md,UNMAPPED,UNVERIFIED
REQ-01900,EAR1-C19-0161,19,verification,,Moodify_Ear_v1_Chapter_19_Package/Moodify_Ear_v1_Chapter_19/Moodify_Ear_v1_Chapter_19.md,UNMAPPED,UNVERIFIED
REQ-01901,EAR1-C19-0162,19,verification,,Moodify_Ear_v1_Chapter_19_Package/Moodify_Ear_v1_Chapter_19/Moodify_Ear_v1_Chapter_19.md,UNMAPPED,UNVERIFIED
REQ-01902,EAR1-C19-0163,19,failure_recovery,,Moodify_Ear_v1_Chapter_19_Package/Moodify_Ear_v1_Chapter_19/Moodify_Ear_v1_Chapter_19.md,UNMAPPED,UNVERIFIED
REQ-01903,EAR1-C19-0164,19,verification,,Moodify_Ear_v1_Chapter_19_Package/Moodify_Ear_v1_Chapter_19/Moodify_Ear_v1_Chapter_19.md,UNMAPPED,UNVERIFIED
REQ-01904,EAR1-C19-0165,19,verification,,Moodify_Ear_v1_Chapter_19_Package/Moodify_Ear_v1_Chapter_19/Moodify_Ear_v1_Chapter_19.md,UNMAPPED,UNVERIFIED
REQ-01905,EAR1-C19-0167,19,measurement,,Moodify_Ear_v1_Chapter_19_Package/Moodify_Ear_v1_Chapter_19/Moodify_Ear_v1_Chapter_19.md,UNMAPPED,UNVERIFIED
REQ-01906,EAR1-C19-0170,19,evidence;verification,,Moodify_Ear_v1_Chapter_19_Package/Moodify_Ear_v1_Chapter_19/Moodify_Ear_v1_Chapter_19.md,UNMAPPED,UNVERIFIED
REQ-01907,EAR1-C19-0171,19,evidence;verification,,Moodify_Ear_v1_Chapter_19_Package/Moodify_Ear_v1_Chapter_19/Moodify_Ear_v1_Chapter_19.md,UNMAPPED,UNVERIFIED
REQ-01908,EAR1-C19-0174,19,measurement;evidence,,Moodify_Ear_v1_Chapter_19_Package/Moodify_Ear_v1_Chapter_19/Moodify_Ear_v1_Chapter_19.md,UNMAPPED,UNVERIFIED
REQ-01909,EAR1-C19-0176,19,verification,,Moodify_Ear_v1_Chapter_19_Package/Moodify_Ear_v1_Chapter_19/Moodify_Ear_v1_Chapter_19.md,UNMAPPED,UNVERIFIED
REQ-01910,EAR1-C19-0180,19,verification;failure_recovery,,Moodify_Ear_v1_Chapter_19_Package/Moodify_Ear_v1_Chapter_19/Moodify_Ear_v1_Chapter_19.md,UNMAPPED,UNVERIFIED
REQ-01911,EAR1-C19-0181,19,measurement;evidence;failure_recovery;human_authority,,Moodify_Ear_v1_Chapter_19_Package/Moodify_Ear_v1_Chapter_19/Moodify_Ear_v1_Chapter_19.md,UNMAPPED,UNVERIFIED
REQ-01912,EAR1-C19-0182,19,evidence,,Moodify_Ear_v1_Chapter_19_Package/Moodify_Ear_v1_Chapter_19/Moodify_Ear_v1_Chapter_19.md,UNMAPPED,UNVERIFIED
REQ-01913,EAR1-C19-0183,19,evidence,,Moodify_Ear_v1_Chapter_19_Package/Moodify_Ear_v1_Chapter_19/Moodify_Ear_v1_Chapter_19.md,UNMAPPED,UNVERIFIED
REQ-01914,EAR1-C19-0191,19,measurement,,Moodify_Ear_v1_Chapter_19_Package/Moodify_Ear_v1_Chapter_19/Moodify_Ear_v1_Chapter_19.md,UNMAPPED,UNVERIFIED
REQ-01915,EAR1-C19-0192,19,evidence,COMP-003,Moodify_Ear_v1_Chapter_19_Package/Moodify_Ear_v1_Chapter_19/Moodify_Ear_v1_Chapter_19.md,UNMAPPED,UNVERIFIED
REQ-01916,EAR1-C19-0194,19,human_authority,,Moodify_Ear_v1_Chapter_19_Package/Moodify_Ear_v1_Chapter_19/Moodify_Ear_v1_Chapter_19.md,UNMAPPED,UNVERIFIED
REQ-01917,EAR1-C19-0195,19,verification,,Moodify_Ear_v1_Chapter_19_Package/Moodify_Ear_v1_Chapter_19/Moodify_Ear_v1_Chapter_19.md,UNMAPPED,UNVERIFIED
REQ-01918,EAR1-C19-0196,19,evidence,,Moodify_Ear_v1_Chapter_19_Package/Moodify_Ear_v1_Chapter_19/Moodify_Ear_v1_Chapter_19.md,UNMAPPED,UNVERIFIED
REQ-01919,EAR1-C19-0198,19,measurement;human_authority,,Moodify_Ear_v1_Chapter_19_Package/Moodify_Ear_v1_Chapter_19/Moodify_Ear_v1_Chapter_19.md,UNMAPPED,UNVERIFIED
REQ-01920,EAR1-C19-0199,19,human_authority,,Moodify_Ear_v1_Chapter_19_Package/Moodify_Ear_v1_Chapter_19/Moodify_Ear_v1_Chapter_19.md,UNMAPPED,UNVERIFIED
REQ-01921,EAR1-C19-0200,19,verification;human_authority,,Moodify_Ear_v1_Chapter_19_Package/Moodify_Ear_v1_Chapter_19/Moodify_Ear_v1_Chapter_19.md,UNMAPPED,UNVERIFIED
REQ-01922,EAR1-C19-0201,19,measurement,,Moodify_Ear_v1_Chapter_19_Package/Moodify_Ear_v1_Chapter_19/Moodify_Ear_v1_Chapter_19.md,UNMAPPED,UNVERIFIED
REQ-01923,EAR1-C19-0202,19,human_authority,,Moodify_Ear_v1_Chapter_19_Package/Moodify_Ear_v1_Chapter_19/Moodify_Ear_v1_Chapter_19.md,UNMAPPED,UNVERIFIED
REQ-01924,EAR1-C19-0203,19,human_authority,,Moodify_Ear_v1_Chapter_19_Package/Moodify_Ear_v1_Chapter_19/Moodify_Ear_v1_Chapter_19.md,UNMAPPED,UNVERIFIED
REQ-01925,EAR1-C19-0205,19,verification,,Moodify_Ear_v1_Chapter_19_Package/Moodify_Ear_v1_Chapter_19/Moodify_Ear_v1_Chapter_19.md,UNMAPPED,UNVERIFIED
REQ-01926,EAR1-C19-0206,19,verification;human_authority,,Moodify_Ear_v1_Chapter_19_Package/Moodify_Ear_v1_Chapter_19/Moodify_Ear_v1_Chapter_19.md,UNMAPPED,UNVERIFIED
REQ-01927,EAR1-C19-0207,19,evidence;verification,,Moodify_Ear_v1_Chapter_19_Package/Moodify_Ear_v1_Chapter_19/Moodify_Ear_v1_Chapter_19.md,UNMAPPED,UNVERIFIED
REQ-01928,EAR1-C19-0208,19,human_authority,,Moodify_Ear_v1_Chapter_19_Package/Moodify_Ear_v1_Chapter_19/Moodify_Ear_v1_Chapter_19.md,UNMAPPED,UNVERIFIED
REQ-01929,EAR1-C19-0210,19,evidence;failure_recovery,,Moodify_Ear_v1_Chapter_19_Package/Moodify_Ear_v1_Chapter_19/Moodify_Ear_v1_Chapter_19.md,UNMAPPED,UNVERIFIED
REQ-01930,EAR1-C19-0213,19,verification;failure_recovery,COMP-006,Moodify_Ear_v1_Chapter_19_Package/Moodify_Ear_v1_Chapter_19/Moodify_Ear_v1_Chapter_19.md,UNMAPPED,UNVERIFIED
REQ-01931,EAR1-C19-0216,19,verification,,Moodify_Ear_v1_Chapter_19_Package/Moodify_Ear_v1_Chapter_19/Moodify_Ear_v1_Chapter_19.md,UNMAPPED,UNVERIFIED
REQ-01932,EAR1-C19-0217,19,measurement,,Moodify_Ear_v1_Chapter_19_Package/Moodify_Ear_v1_Chapter_19/Moodify_Ear_v1_Chapter_19.md,UNMAPPED,UNVERIFIED
REQ-01933,EAR1-C19-0218,19,evidence;failure_recovery,,Moodify_Ear_v1_Chapter_19_Package/Moodify_Ear_v1_Chapter_19/Moodify_Ear_v1_Chapter_19.md,UNMAPPED,UNVERIFIED
REQ-01934,EAR1-C19-0221,19,verification,,Moodify_Ear_v1_Chapter_19_Package/Moodify_Ear_v1_Chapter_19/Moodify_Ear_v1_Chapter_19.md,UNMAPPED,UNVERIFIED
REQ-01935,EAR1-C19-0223,19,evidence;failure_recovery;human_authority,,Moodify_Ear_v1_Chapter_19_Package/Moodify_Ear_v1_Chapter_19/Moodify_Ear_v1_Chapter_19.md,UNMAPPED,UNVERIFIED
REQ-01936,EAR1-C19-0226,19,evidence,,Moodify_Ear_v1_Chapter_19_Package/Moodify_Ear_v1_Chapter_19/Moodify_Ear_v1_Chapter_19.md,UNMAPPED,UNVERIFIED
REQ-01937,EAR1-C19-0228,19,evidence,,Moodify_Ear_v1_Chapter_19_Package/Moodify_Ear_v1_Chapter_19/Moodify_Ear_v1_Chapter_19.md,UNMAPPED,UNVERIFIED
REQ-01938,EAR1-C19-0230,19,verification,,Moodify_Ear_v1_Chapter_19_Package/Moodify_Ear_v1_Chapter_19/Moodify_Ear_v1_Chapter_19.md,UNMAPPED,UNVERIFIED
REQ-01939,EAR1-C19-0231,19,measurement;human_authority,,Moodify_Ear_v1_Chapter_19_Package/Moodify_Ear_v1_Chapter_19/Moodify_Ear_v1_Chapter_19.md,UNMAPPED,UNVERIFIED
REQ-01940,EAR1-C19-0233,19,measurement;evidence;verification;human_authority,,Moodify_Ear_v1_Chapter_19_Package/Moodify_Ear_v1_Chapter_19/Moodify_Ear_v1_Chapter_19.md,UNMAPPED,UNVERIFIED
REQ-01941,EAR1-C19-0237,19,evidence;failure_recovery,,Moodify_Ear_v1_Chapter_19_Package/Moodify_Ear_v1_Chapter_19/Moodify_Ear_v1_Chapter_19.md,UNMAPPED,UNVERIFIED
REQ-01942,EAR1-C19-0238,19,measurement;evidence,COMP-007,Moodify_Ear_v1_Chapter_19_Package/Moodify_Ear_v1_Chapter_19/Moodify_Ear_v1_Chapter_19.md,UNMAPPED,UNVERIFIED
REQ-01943,EAR1-C19-0243,19,measurement,,Moodify_Ear_v1_Chapter_19_Package/Moodify_Ear_v1_Chapter_19/Moodify_Ear_v1_Chapter_19.md,UNMAPPED,UNVERIFIED
REQ-01944,EAR1-C19-0245,19,evidence,,Moodify_Ear_v1_Chapter_19_Package/Moodify_Ear_v1_Chapter_19/Moodify_Ear_v1_Chapter_19.md,UNMAPPED,UNVERIFIED
REQ-01945,EAR1-C19-0246,19,human_authority,,Moodify_Ear_v1_Chapter_19_Package/Moodify_Ear_v1_Chapter_19/Moodify_Ear_v1_Chapter_19.md,UNMAPPED,UNVERIFIED
REQ-01946,EAR1-C19-0247,19,evidence;failure_recovery,,Moodify_Ear_v1_Chapter_19_Package/Moodify_Ear_v1_Chapter_19/Moodify_Ear_v1_Chapter_19.md,UNMAPPED,UNVERIFIED
REQ-01947,EAR1-C19-0249,19,evidence,,Moodify_Ear_v1_Chapter_19_Package/Moodify_Ear_v1_Chapter_19/Moodify_Ear_v1_Chapter_19.md,UNMAPPED,UNVERIFIED
REQ-01948,EAR1-C19-0250,19,evidence,,Moodify_Ear_v1_Chapter_19_Package/Moodify_Ear_v1_Chapter_19/Moodify_Ear_v1_Chapter_19.md,UNMAPPED,UNVERIFIED
REQ-01949,EAR1-C19-0253,19,evidence,,Moodify_Ear_v1_Chapter_19_Package/Moodify_Ear_v1_Chapter_19/Moodify_Ear_v1_Chapter_19.md,UNMAPPED,UNVERIFIED
REQ-01950,EAR1-C19-0255,19,human_authority,,Moodify_Ear_v1_Chapter_19_Package/Moodify_Ear_v1_Chapter_19/Moodify_Ear_v1_Chapter_19.md,UNMAPPED,UNVERIFIED
REQ-01951,EAR1-C19-0256,19,evidence;failure_recovery,,Moodify_Ear_v1_Chapter_19_Package/Moodify_Ear_v1_Chapter_19/Moodify_Ear_v1_Chapter_19.md,UNMAPPED,UNVERIFIED
REQ-01952,EAR1-C19-0260,19,human_authority,,Moodify_Ear_v1_Chapter_19_Package/Moodify_Ear_v1_Chapter_19/Moodify_Ear_v1_Chapter_19.md,UNMAPPED,UNVERIFIED
REQ-01953,EAR1-C19-0263,19,measurement,,Moodify_Ear_v1_Chapter_19_Package/Moodify_Ear_v1_Chapter_19/Moodify_Ear_v1_Chapter_19.md,UNMAPPED,UNVERIFIED
REQ-01954,EAR1-C19-0264,19,measurement,,Moodify_Ear_v1_Chapter_19_Package/Moodify_Ear_v1_Chapter_19/Moodify_Ear_v1_Chapter_19.md,UNMAPPED,UNVERIFIED
REQ-01955,EAR1-C19-0272,19,human_authority,,Moodify_Ear_v1_Chapter_19_Package/Moodify_Ear_v1_Chapter_19/Moodify_Ear_v1_Chapter_19.md,UNMAPPED,UNVERIFIED
REQ-01956,EAR1-C19-0275,19,measurement,,Moodify_Ear_v1_Chapter_19_Package/Moodify_Ear_v1_Chapter_19/Moodify_Ear_v1_Chapter_19.md,UNMAPPED,UNVERIFIED
REQ-01957,EAR1-C19-0281,19,verification,,Moodify_Ear_v1_Chapter_19_Package/Moodify_Ear_v1_Chapter_19/Moodify_Ear_v1_Chapter_19.md,UNMAPPED,UNVERIFIED
REQ-01958,EAR1-C19-0286,19,evidence,,Moodify_Ear_v1_Chapter_19_Package/Moodify_Ear_v1_Chapter_19/Moodify_Ear_v1_Chapter_19.md,UNMAPPED,UNVERIFIED
REQ-01959,EAR1-C19-0291,19,verification,,Moodify_Ear_v1_Chapter_19_Package/Moodify_Ear_v1_Chapter_19/Moodify_Ear_v1_Chapter_19.md,UNMAPPED,UNVERIFIED
REQ-01960,EAR1-C19-0293,19,verification,,Moodify_Ear_v1_Chapter_19_Package/Moodify_Ear_v1_Chapter_19/Moodify_Ear_v1_Chapter_19.md,UNMAPPED,UNVERIFIED
REQ-01961,EAR1-C19-0295,19,human_authority,,Moodify_Ear_v1_Chapter_19_Package/Moodify_Ear_v1_Chapter_19/Moodify_Ear_v1_Chapter_19.md,UNMAPPED,UNVERIFIED
REQ-01962,EAR1-C20-0008,20,measurement;evidence;verification,,Moodify_Ear_v1_Chapter_20_Package/Moodify_Ear_v1_Chapter_20/Moodify_Ear_v1_Chapter_20.md,UNMAPPED,UNVERIFIED
REQ-01963,EAR1-C20-0010,20,verification,,Moodify_Ear_v1_Chapter_20_Package/Moodify_Ear_v1_Chapter_20/Moodify_Ear_v1_Chapter_20.md,UNMAPPED,UNVERIFIED
REQ-01964,EAR1-C20-0013,20,failure_recovery,,Moodify_Ear_v1_Chapter_20_Package/Moodify_Ear_v1_Chapter_20/Moodify_Ear_v1_Chapter_20.md,UNMAPPED,UNVERIFIED
REQ-01965,EAR1-C20-0015,20,measurement;human_authority,,Moodify_Ear_v1_Chapter_20_Package/Moodify_Ear_v1_Chapter_20/Moodify_Ear_v1_Chapter_20.md,UNMAPPED,UNVERIFIED
REQ-01966,EAR1-C20-0016,20,measurement,,Moodify_Ear_v1_Chapter_20_Package/Moodify_Ear_v1_Chapter_20/Moodify_Ear_v1_Chapter_20.md,UNMAPPED,UNVERIFIED
REQ-01967,EAR1-C20-0017,20,measurement,,Moodify_Ear_v1_Chapter_20_Package/Moodify_Ear_v1_Chapter_20/Moodify_Ear_v1_Chapter_20.md,UNMAPPED,UNVERIFIED
REQ-01968,EAR1-C20-0018,20,measurement;evidence,,Moodify_Ear_v1_Chapter_20_Package/Moodify_Ear_v1_Chapter_20/Moodify_Ear_v1_Chapter_20.md,UNMAPPED,UNVERIFIED
REQ-01969,EAR1-C20-0019,20,measurement;evidence,,Moodify_Ear_v1_Chapter_20_Package/Moodify_Ear_v1_Chapter_20/Moodify_Ear_v1_Chapter_20.md,UNMAPPED,UNVERIFIED
REQ-01970,EAR1-C20-0022,20,measurement;evidence,,Moodify_Ear_v1_Chapter_20_Package/Moodify_Ear_v1_Chapter_20/Moodify_Ear_v1_Chapter_20.md,UNMAPPED,UNVERIFIED
REQ-01971,EAR1-C20-0028,20,measurement;evidence,,Moodify_Ear_v1_Chapter_20_Package/Moodify_Ear_v1_Chapter_20/Moodify_Ear_v1_Chapter_20.md,UNMAPPED,UNVERIFIED
REQ-01972,EAR1-C20-0029,20,evidence;verification,,Moodify_Ear_v1_Chapter_20_Package/Moodify_Ear_v1_Chapter_20/Moodify_Ear_v1_Chapter_20.md,UNMAPPED,UNVERIFIED
REQ-01973,EAR1-C20-0033,20,measurement,,Moodify_Ear_v1_Chapter_20_Package/Moodify_Ear_v1_Chapter_20/Moodify_Ear_v1_Chapter_20.md,UNMAPPED,UNVERIFIED
REQ-01974,EAR1-C20-0036,20,measurement,,Moodify_Ear_v1_Chapter_20_Package/Moodify_Ear_v1_Chapter_20/Moodify_Ear_v1_Chapter_20.md,UNMAPPED,UNVERIFIED
REQ-01975,EAR1-C20-0037,20,verification,,Moodify_Ear_v1_Chapter_20_Package/Moodify_Ear_v1_Chapter_20/Moodify_Ear_v1_Chapter_20.md,UNMAPPED,UNVERIFIED
REQ-01976,EAR1-C20-0038,20,evidence,COMP-012,Moodify_Ear_v1_Chapter_20_Package/Moodify_Ear_v1_Chapter_20/Moodify_Ear_v1_Chapter_20.md,UNMAPPED,UNVERIFIED
REQ-01977,EAR1-C20-0039,20,evidence;human_authority,,Moodify_Ear_v1_Chapter_20_Package/Moodify_Ear_v1_Chapter_20/Moodify_Ear_v1_Chapter_20.md,UNMAPPED,UNVERIFIED
REQ-01978,EAR1-C20-0042,20,measurement,,Moodify_Ear_v1_Chapter_20_Package/Moodify_Ear_v1_Chapter_20/Moodify_Ear_v1_Chapter_20.md,UNMAPPED,UNVERIFIED
REQ-01979,EAR1-C20-0043,20,measurement;evidence,,Moodify_Ear_v1_Chapter_20_Package/Moodify_Ear_v1_Chapter_20/Moodify_Ear_v1_Chapter_20.md,UNMAPPED,UNVERIFIED
REQ-01980,EAR1-C20-0045,20,evidence;human_authority,,Moodify_Ear_v1_Chapter_20_Package/Moodify_Ear_v1_Chapter_20/Moodify_Ear_v1_Chapter_20.md,UNMAPPED,UNVERIFIED
REQ-01981,EAR1-C20-0046,20,measurement;evidence;failure_recovery,,Moodify_Ear_v1_Chapter_20_Package/Moodify_Ear_v1_Chapter_20/Moodify_Ear_v1_Chapter_20.md,UNMAPPED,UNVERIFIED
REQ-01982,EAR1-C20-0047,20,measurement;evidence;failure_recovery,,Moodify_Ear_v1_Chapter_20_Package/Moodify_Ear_v1_Chapter_20/Moodify_Ear_v1_Chapter_20.md,UNMAPPED,UNVERIFIED
REQ-01983,EAR1-C20-0048,20,measurement,,Moodify_Ear_v1_Chapter_20_Package/Moodify_Ear_v1_Chapter_20/Moodify_Ear_v1_Chapter_20.md,UNMAPPED,UNVERIFIED
REQ-01984,EAR1-C20-0050,20,evidence;verification,,Moodify_Ear_v1_Chapter_20_Package/Moodify_Ear_v1_Chapter_20/Moodify_Ear_v1_Chapter_20.md,UNMAPPED,UNVERIFIED
REQ-01985,EAR1-C20-0052,20,measurement,,Moodify_Ear_v1_Chapter_20_Package/Moodify_Ear_v1_Chapter_20/Moodify_Ear_v1_Chapter_20.md,UNMAPPED,UNVERIFIED
REQ-01986,EAR1-C20-0054,20,human_authority,COMP-006,Moodify_Ear_v1_Chapter_20_Package/Moodify_Ear_v1_Chapter_20/Moodify_Ear_v1_Chapter_20.md,UNMAPPED,UNVERIFIED
REQ-01987,EAR1-C20-0057,20,failure_recovery,,Moodify_Ear_v1_Chapter_20_Package/Moodify_Ear_v1_Chapter_20/Moodify_Ear_v1_Chapter_20.md,UNMAPPED,UNVERIFIED
REQ-01988,EAR1-C20-0061,20,human_authority,,Moodify_Ear_v1_Chapter_20_Package/Moodify_Ear_v1_Chapter_20/Moodify_Ear_v1_Chapter_20.md,UNMAPPED,UNVERIFIED
REQ-01989,EAR1-C20-0063,20,measurement;evidence;failure_recovery,,Moodify_Ear_v1_Chapter_20_Package/Moodify_Ear_v1_Chapter_20/Moodify_Ear_v1_Chapter_20.md,UNMAPPED,UNVERIFIED
REQ-01990,EAR1-C20-0064,20,verification,,Moodify_Ear_v1_Chapter_20_Package/Moodify_Ear_v1_Chapter_20/Moodify_Ear_v1_Chapter_20.md,UNMAPPED,UNVERIFIED
REQ-01991,EAR1-C20-0068,20,verification,,Moodify_Ear_v1_Chapter_20_Package/Moodify_Ear_v1_Chapter_20/Moodify_Ear_v1_Chapter_20.md,UNMAPPED,UNVERIFIED
REQ-01992,EAR1-C20-0070,20,evidence,,Moodify_Ear_v1_Chapter_20_Package/Moodify_Ear_v1_Chapter_20/Moodify_Ear_v1_Chapter_20.md,UNMAPPED,UNVERIFIED
REQ-01993,EAR1-C20-0072,20,measurement;verification,,Moodify_Ear_v1_Chapter_20_Package/Moodify_Ear_v1_Chapter_20/Moodify_Ear_v1_Chapter_20.md,UNMAPPED,UNVERIFIED
REQ-01994,EAR1-C20-0073,20,failure_recovery,,Moodify_Ear_v1_Chapter_20_Package/Moodify_Ear_v1_Chapter_20/Moodify_Ear_v1_Chapter_20.md,UNMAPPED,UNVERIFIED
REQ-01995,EAR1-C20-0075,20,measurement;evidence;verification,,Moodify_Ear_v1_Chapter_20_Package/Moodify_Ear_v1_Chapter_20/Moodify_Ear_v1_Chapter_20.md,UNMAPPED,UNVERIFIED
REQ-01996,EAR1-C20-0076,20,measurement,,Moodify_Ear_v1_Chapter_20_Package/Moodify_Ear_v1_Chapter_20/Moodify_Ear_v1_Chapter_20.md,UNMAPPED,UNVERIFIED
REQ-01997,EAR1-C20-0077,20,verification;failure_recovery,,Moodify_Ear_v1_Chapter_20_Package/Moodify_Ear_v1_Chapter_20/Moodify_Ear_v1_Chapter_20.md,UNMAPPED,UNVERIFIED
REQ-01998,EAR1-C20-0078,20,evidence,,Moodify_Ear_v1_Chapter_20_Package/Moodify_Ear_v1_Chapter_20/Moodify_Ear_v1_Chapter_20.md,UNMAPPED,UNVERIFIED
REQ-01999,EAR1-C20-0079,20,measurement;evidence;verification,COMP-006,Moodify_Ear_v1_Chapter_20_Package/Moodify_Ear_v1_Chapter_20/Moodify_Ear_v1_Chapter_20.md,UNMAPPED,UNVERIFIED
REQ-02000,EAR1-C20-0083,20,evidence;verification,,Moodify_Ear_v1_Chapter_20_Package/Moodify_Ear_v1_Chapter_20/Moodify_Ear_v1_Chapter_20.md,UNMAPPED,UNVERIFIED
REQ-02001,EAR1-C20-0086,20,evidence,,Moodify_Ear_v1_Chapter_20_Package/Moodify_Ear_v1_Chapter_20/Moodify_Ear_v1_Chapter_20.md,UNMAPPED,UNVERIFIED
REQ-02002,EAR1-C20-0087,20,evidence,,Moodify_Ear_v1_Chapter_20_Package/Moodify_Ear_v1_Chapter_20/Moodify_Ear_v1_Chapter_20.md,UNMAPPED,UNVERIFIED
REQ-02003,EAR1-C20-0088,20,evidence,,Moodify_Ear_v1_Chapter_20_Package/Moodify_Ear_v1_Chapter_20/Moodify_Ear_v1_Chapter_20.md,UNMAPPED,UNVERIFIED
REQ-02004,EAR1-C20-0090,20,verification;human_authority,,Moodify_Ear_v1_Chapter_20_Package/Moodify_Ear_v1_Chapter_20/Moodify_Ear_v1_Chapter_20.md,UNMAPPED,UNVERIFIED
REQ-02005,EAR1-C20-0091,20,human_authority,,Moodify_Ear_v1_Chapter_20_Package/Moodify_Ear_v1_Chapter_20/Moodify_Ear_v1_Chapter_20.md,UNMAPPED,UNVERIFIED
REQ-02006,EAR1-C20-0092,20,measurement;evidence;verification,,Moodify_Ear_v1_Chapter_20_Package/Moodify_Ear_v1_Chapter_20/Moodify_Ear_v1_Chapter_20.md,UNMAPPED,UNVERIFIED
REQ-02007,EAR1-C20-0093,20,human_authority,,Moodify_Ear_v1_Chapter_20_Package/Moodify_Ear_v1_Chapter_20/Moodify_Ear_v1_Chapter_20.md,UNMAPPED,UNVERIFIED
REQ-02008,EAR1-C20-0094,20,human_authority,,Moodify_Ear_v1_Chapter_20_Package/Moodify_Ear_v1_Chapter_20/Moodify_Ear_v1_Chapter_20.md,UNMAPPED,UNVERIFIED
REQ-02009,EAR1-C20-0098,20,measurement;evidence,,Moodify_Ear_v1_Chapter_20_Package/Moodify_Ear_v1_Chapter_20/Moodify_Ear_v1_Chapter_20.md,UNMAPPED,UNVERIFIED
REQ-02010,EAR1-C20-0099,20,evidence,,Moodify_Ear_v1_Chapter_20_Package/Moodify_Ear_v1_Chapter_20/Moodify_Ear_v1_Chapter_20.md,UNMAPPED,UNVERIFIED
REQ-02011,EAR1-C20-0102,20,evidence,,Moodify_Ear_v1_Chapter_20_Package/Moodify_Ear_v1_Chapter_20/Moodify_Ear_v1_Chapter_20.md,UNMAPPED,UNVERIFIED
REQ-02012,EAR1-C20-0104,20,evidence,,Moodify_Ear_v1_Chapter_20_Package/Moodify_Ear_v1_Chapter_20/Moodify_Ear_v1_Chapter_20.md,UNMAPPED,UNVERIFIED
REQ-02013,EAR1-C20-0110,20,evidence,,Moodify_Ear_v1_Chapter_20_Package/Moodify_Ear_v1_Chapter_20/Moodify_Ear_v1_Chapter_20.md,UNMAPPED,UNVERIFIED
REQ-02014,EAR1-C20-0113,20,verification,,Moodify_Ear_v1_Chapter_20_Package/Moodify_Ear_v1_Chapter_20/Moodify_Ear_v1_Chapter_20.md,UNMAPPED,UNVERIFIED
REQ-02015,EAR1-C20-0115,20,measurement;human_authority,,Moodify_Ear_v1_Chapter_20_Package/Moodify_Ear_v1_Chapter_20/Moodify_Ear_v1_Chapter_20.md,UNMAPPED,UNVERIFIED
REQ-02016,EAR1-C20-0116,20,measurement;verification,,Moodify_Ear_v1_Chapter_20_Package/Moodify_Ear_v1_Chapter_20/Moodify_Ear_v1_Chapter_20.md,UNMAPPED,UNVERIFIED
REQ-02017,EAR1-C20-0119,20,evidence,,Moodify_Ear_v1_Chapter_20_Package/Moodify_Ear_v1_Chapter_20/Moodify_Ear_v1_Chapter_20.md,UNMAPPED,UNVERIFIED
REQ-02018,EAR1-C20-0122,20,evidence,,Moodify_Ear_v1_Chapter_20_Package/Moodify_Ear_v1_Chapter_20/Moodify_Ear_v1_Chapter_20.md,UNMAPPED,UNVERIFIED
REQ-02019,EAR1-C20-0124,20,measurement;evidence;verification;failure_recovery,,Moodify_Ear_v1_Chapter_20_Package/Moodify_Ear_v1_Chapter_20/Moodify_Ear_v1_Chapter_20.md,UNMAPPED,UNVERIFIED
REQ-02020,EAR1-C20-0125,20,evidence;verification;human_authority,,Moodify_Ear_v1_Chapter_20_Package/Moodify_Ear_v1_Chapter_20/Moodify_Ear_v1_Chapter_20.md,UNMAPPED,UNVERIFIED
REQ-02021,EAR1-C20-0130,20,evidence;verification,,Moodify_Ear_v1_Chapter_20_Package/Moodify_Ear_v1_Chapter_20/Moodify_Ear_v1_Chapter_20.md,UNMAPPED,UNVERIFIED
REQ-02022,EAR1-C20-0132,20,verification,,Moodify_Ear_v1_Chapter_20_Package/Moodify_Ear_v1_Chapter_20/Moodify_Ear_v1_Chapter_20.md,UNMAPPED,UNVERIFIED
REQ-02023,EAR1-C20-0135,20,verification,,Moodify_Ear_v1_Chapter_20_Package/Moodify_Ear_v1_Chapter_20/Moodify_Ear_v1_Chapter_20.md,UNMAPPED,UNVERIFIED
REQ-02024,EAR1-C20-0136,20,evidence,,Moodify_Ear_v1_Chapter_20_Package/Moodify_Ear_v1_Chapter_20/Moodify_Ear_v1_Chapter_20.md,UNMAPPED,UNVERIFIED
REQ-02025,EAR1-C20-0137,20,measurement;human_authority,,Moodify_Ear_v1_Chapter_20_Package/Moodify_Ear_v1_Chapter_20/Moodify_Ear_v1_Chapter_20.md,UNMAPPED,UNVERIFIED
REQ-02026,EAR1-C20-0140,20,evidence;verification,,Moodify_Ear_v1_Chapter_20_Package/Moodify_Ear_v1_Chapter_20/Moodify_Ear_v1_Chapter_20.md,UNMAPPED,UNVERIFIED
REQ-02027,EAR1-C20-0143,20,evidence,COMP-012,Moodify_Ear_v1_Chapter_20_Package/Moodify_Ear_v1_Chapter_20/Moodify_Ear_v1_Chapter_20.md,UNMAPPED,UNVERIFIED
REQ-02028,EAR1-C20-0145,20,evidence,,Moodify_Ear_v1_Chapter_20_Package/Moodify_Ear_v1_Chapter_20/Moodify_Ear_v1_Chapter_20.md,UNMAPPED,UNVERIFIED
REQ-02029,EAR1-C20-0151,20,verification,,Moodify_Ear_v1_Chapter_20_Package/Moodify_Ear_v1_Chapter_20/Moodify_Ear_v1_Chapter_20.md,UNMAPPED,UNVERIFIED
REQ-02030,EAR1-C20-0153,20,human_authority,,Moodify_Ear_v1_Chapter_20_Package/Moodify_Ear_v1_Chapter_20/Moodify_Ear_v1_Chapter_20.md,UNMAPPED,UNVERIFIED
REQ-02031,EAR1-C20-0155,20,verification,,Moodify_Ear_v1_Chapter_20_Package/Moodify_Ear_v1_Chapter_20/Moodify_Ear_v1_Chapter_20.md,UNMAPPED,UNVERIFIED
REQ-02032,EAR1-C20-0156,20,verification;human_authority,,Moodify_Ear_v1_Chapter_20_Package/Moodify_Ear_v1_Chapter_20/Moodify_Ear_v1_Chapter_20.md,UNMAPPED,UNVERIFIED
REQ-02033,EAR1-C20-0158,20,human_authority,,Moodify_Ear_v1_Chapter_20_Package/Moodify_Ear_v1_Chapter_20/Moodify_Ear_v1_Chapter_20.md,UNMAPPED,UNVERIFIED
REQ-02034,EAR1-C20-0160,20,measurement;evidence,,Moodify_Ear_v1_Chapter_20_Package/Moodify_Ear_v1_Chapter_20/Moodify_Ear_v1_Chapter_20.md,UNMAPPED,UNVERIFIED
REQ-02035,EAR1-C20-0161,20,evidence,,Moodify_Ear_v1_Chapter_20_Package/Moodify_Ear_v1_Chapter_20/Moodify_Ear_v1_Chapter_20.md,UNMAPPED,UNVERIFIED
REQ-02036,EAR1-C20-0164,20,failure_recovery,,Moodify_Ear_v1_Chapter_20_Package/Moodify_Ear_v1_Chapter_20/Moodify_Ear_v1_Chapter_20.md,UNMAPPED,UNVERIFIED
REQ-02037,EAR1-C20-0165,20,evidence;verification;failure_recovery,,Moodify_Ear_v1_Chapter_20_Package/Moodify_Ear_v1_Chapter_20/Moodify_Ear_v1_Chapter_20.md,UNMAPPED,UNVERIFIED
REQ-02038,EAR1-C20-0166,20,failure_recovery,,Moodify_Ear_v1_Chapter_20_Package/Moodify_Ear_v1_Chapter_20/Moodify_Ear_v1_Chapter_20.md,UNMAPPED,UNVERIFIED
REQ-02039,EAR1-C20-0167,20,verification,,Moodify_Ear_v1_Chapter_20_Package/Moodify_Ear_v1_Chapter_20/Moodify_Ear_v1_Chapter_20.md,UNMAPPED,UNVERIFIED
REQ-02040,EAR1-C20-0168,20,evidence,,Moodify_Ear_v1_Chapter_20_Package/Moodify_Ear_v1_Chapter_20/Moodify_Ear_v1_Chapter_20.md,UNMAPPED,UNVERIFIED
REQ-02041,EAR1-C20-0177,20,evidence,,Moodify_Ear_v1_Chapter_20_Package/Moodify_Ear_v1_Chapter_20/Moodify_Ear_v1_Chapter_20.md,UNMAPPED,UNVERIFIED
REQ-02042,EAR1-C20-0178,20,verification,,Moodify_Ear_v1_Chapter_20_Package/Moodify_Ear_v1_Chapter_20/Moodify_Ear_v1_Chapter_20.md,UNMAPPED,UNVERIFIED
REQ-02043,EAR1-C20-0179,20,evidence,,Moodify_Ear_v1_Chapter_20_Package/Moodify_Ear_v1_Chapter_20/Moodify_Ear_v1_Chapter_20.md,UNMAPPED,UNVERIFIED
REQ-02044,EAR1-C20-0180,20,verification;human_authority,,Moodify_Ear_v1_Chapter_20_Package/Moodify_Ear_v1_Chapter_20/Moodify_Ear_v1_Chapter_20.md,UNMAPPED,UNVERIFIED
REQ-02045,EAR1-C20-0181,20,human_authority,,Moodify_Ear_v1_Chapter_20_Package/Moodify_Ear_v1_Chapter_20/Moodify_Ear_v1_Chapter_20.md,UNMAPPED,UNVERIFIED
REQ-02046,EAR1-C20-0182,20,measurement;verification,,Moodify_Ear_v1_Chapter_20_Package/Moodify_Ear_v1_Chapter_20/Moodify_Ear_v1_Chapter_20.md,UNMAPPED,UNVERIFIED
REQ-02047,EAR1-C20-0184,20,evidence;verification;human_authority,,Moodify_Ear_v1_Chapter_20_Package/Moodify_Ear_v1_Chapter_20/Moodify_Ear_v1_Chapter_20.md,UNMAPPED,UNVERIFIED
REQ-02048,EAR1-C20-0185,20,evidence;human_authority,,Moodify_Ear_v1_Chapter_20_Package/Moodify_Ear_v1_Chapter_20/Moodify_Ear_v1_Chapter_20.md,UNMAPPED,UNVERIFIED
REQ-02049,EAR1-C20-0187,20,verification,,Moodify_Ear_v1_Chapter_20_Package/Moodify_Ear_v1_Chapter_20/Moodify_Ear_v1_Chapter_20.md,UNMAPPED,UNVERIFIED
REQ-02050,EAR1-C20-0190,20,evidence,,Moodify_Ear_v1_Chapter_20_Package/Moodify_Ear_v1_Chapter_20/Moodify_Ear_v1_Chapter_20.md,UNMAPPED,UNVERIFIED
REQ-02051,EAR1-C20-0192,20,evidence,,Moodify_Ear_v1_Chapter_20_Package/Moodify_Ear_v1_Chapter_20/Moodify_Ear_v1_Chapter_20.md,UNMAPPED,UNVERIFIED
REQ-02052,EAR1-C20-0195,20,verification;human_authority,,Moodify_Ear_v1_Chapter_20_Package/Moodify_Ear_v1_Chapter_20/Moodify_Ear_v1_Chapter_20.md,UNMAPPED,UNVERIFIED
REQ-02053,EAR1-C20-0196,20,verification,,Moodify_Ear_v1_Chapter_20_Package/Moodify_Ear_v1_Chapter_20/Moodify_Ear_v1_Chapter_20.md,UNMAPPED,UNVERIFIED
REQ-02054,EAR1-C20-0197,20,evidence;verification,,Moodify_Ear_v1_Chapter_20_Package/Moodify_Ear_v1_Chapter_20/Moodify_Ear_v1_Chapter_20.md,UNMAPPED,UNVERIFIED
REQ-02055,EAR1-C20-0198,20,evidence,,Moodify_Ear_v1_Chapter_20_Package/Moodify_Ear_v1_Chapter_20/Moodify_Ear_v1_Chapter_20.md,UNMAPPED,UNVERIFIED
REQ-02056,EAR1-C20-0200,20,measurement;evidence;verification,,Moodify_Ear_v1_Chapter_20_Package/Moodify_Ear_v1_Chapter_20/Moodify_Ear_v1_Chapter_20.md,UNMAPPED,UNVERIFIED
REQ-02057,EAR1-C20-0201,20,verification,,Moodify_Ear_v1_Chapter_20_Package/Moodify_Ear_v1_Chapter_20/Moodify_Ear_v1_Chapter_20.md,UNMAPPED,UNVERIFIED
REQ-02058,EAR1-C20-0209,20,verification,,Moodify_Ear_v1_Chapter_20_Package/Moodify_Ear_v1_Chapter_20/Moodify_Ear_v1_Chapter_20.md,UNMAPPED,UNVERIFIED
REQ-02059,EAR1-C20-0212,20,evidence,,Moodify_Ear_v1_Chapter_20_Package/Moodify_Ear_v1_Chapter_20/Moodify_Ear_v1_Chapter_20.md,UNMAPPED,UNVERIFIED
REQ-02060,EAR1-C20-0213,20,failure_recovery,,Moodify_Ear_v1_Chapter_20_Package/Moodify_Ear_v1_Chapter_20/Moodify_Ear_v1_Chapter_20.md,UNMAPPED,UNVERIFIED
REQ-02061,EAR1-C20-0215,20,evidence;verification,,Moodify_Ear_v1_Chapter_20_Package/Moodify_Ear_v1_Chapter_20/Moodify_Ear_v1_Chapter_20.md,UNMAPPED,UNVERIFIED
REQ-02062,EAR1-C20-0216,20,verification,,Moodify_Ear_v1_Chapter_20_Package/Moodify_Ear_v1_Chapter_20/Moodify_Ear_v1_Chapter_20.md,UNMAPPED,UNVERIFIED
REQ-02063,EAR1-C20-0218,20,measurement;verification;human_authority,,Moodify_Ear_v1_Chapter_20_Package/Moodify_Ear_v1_Chapter_20/Moodify_Ear_v1_Chapter_20.md,UNMAPPED,UNVERIFIED
REQ-02064,EAR1-C20-0219,20,verification,,Moodify_Ear_v1_Chapter_20_Package/Moodify_Ear_v1_Chapter_20/Moodify_Ear_v1_Chapter_20.md,UNMAPPED,UNVERIFIED
REQ-02065,EAR1-C20-0220,20,human_authority,,Moodify_Ear_v1_Chapter_20_Package/Moodify_Ear_v1_Chapter_20/Moodify_Ear_v1_Chapter_20.md,UNMAPPED,UNVERIFIED
REQ-02066,EAR1-C20-0221,20,verification,,Moodify_Ear_v1_Chapter_20_Package/Moodify_Ear_v1_Chapter_20/Moodify_Ear_v1_Chapter_20.md,UNMAPPED,UNVERIFIED
REQ-02067,EAR1-C20-0224,20,verification,,Moodify_Ear_v1_Chapter_20_Package/Moodify_Ear_v1_Chapter_20/Moodify_Ear_v1_Chapter_20.md,UNMAPPED,UNVERIFIED
REQ-02068,EAR1-C20-0226,20,evidence;verification,,Moodify_Ear_v1_Chapter_20_Package/Moodify_Ear_v1_Chapter_20/Moodify_Ear_v1_Chapter_20.md,UNMAPPED,UNVERIFIED
REQ-02069,EAR1-C20-0231,20,evidence,COMP-006,Moodify_Ear_v1_Chapter_20_Package/Moodify_Ear_v1_Chapter_20/Moodify_Ear_v1_Chapter_20.md,UNMAPPED,UNVERIFIED
REQ-02070,EAR1-C20-0232,20,human_authority,,Moodify_Ear_v1_Chapter_20_Package/Moodify_Ear_v1_Chapter_20/Moodify_Ear_v1_Chapter_20.md,UNMAPPED,UNVERIFIED
REQ-02071,EAR1-C20-0235,20,measurement;evidence;verification;human_authority,,Moodify_Ear_v1_Chapter_20_Package/Moodify_Ear_v1_Chapter_20/Moodify_Ear_v1_Chapter_20.md,UNMAPPED,UNVERIFIED
REQ-02072,EAR1-C20-0236,20,verification,,Moodify_Ear_v1_Chapter_20_Package/Moodify_Ear_v1_Chapter_20/Moodify_Ear_v1_Chapter_20.md,UNMAPPED,UNVERIFIED
REQ-02073,EAR1-C20-0239,20,evidence;verification,,Moodify_Ear_v1_Chapter_20_Package/Moodify_Ear_v1_Chapter_20/Moodify_Ear_v1_Chapter_20.md,UNMAPPED,UNVERIFIED
REQ-02074,EAR1-C20-0240,20,verification,,Moodify_Ear_v1_Chapter_20_Package/Moodify_Ear_v1_Chapter_20/Moodify_Ear_v1_Chapter_20.md,UNMAPPED,UNVERIFIED
REQ-02075,EAR1-C20-0242,20,verification,,Moodify_Ear_v1_Chapter_20_Package/Moodify_Ear_v1_Chapter_20/Moodify_Ear_v1_Chapter_20.md,UNMAPPED,UNVERIFIED
REQ-02076,EAR1-C20-0243,20,verification,,Moodify_Ear_v1_Chapter_20_Package/Moodify_Ear_v1_Chapter_20/Moodify_Ear_v1_Chapter_20.md,UNMAPPED,UNVERIFIED
REQ-02077,EAR1-C20-0244,20,evidence,,Moodify_Ear_v1_Chapter_20_Package/Moodify_Ear_v1_Chapter_20/Moodify_Ear_v1_Chapter_20.md,UNMAPPED,UNVERIFIED
REQ-02078,EAR1-C20-0246,20,verification,,Moodify_Ear_v1_Chapter_20_Package/Moodify_Ear_v1_Chapter_20/Moodify_Ear_v1_Chapter_20.md,UNMAPPED,UNVERIFIED
REQ-02079,EAR1-C20-0247,20,verification;failure_recovery,,Moodify_Ear_v1_Chapter_20_Package/Moodify_Ear_v1_Chapter_20/Moodify_Ear_v1_Chapter_20.md,UNMAPPED,UNVERIFIED
REQ-02080,EAR1-C20-0249,20,human_authority,,Moodify_Ear_v1_Chapter_20_Package/Moodify_Ear_v1_Chapter_20/Moodify_Ear_v1_Chapter_20.md,UNMAPPED,UNVERIFIED
REQ-02081,EAR1-C20-0250,20,human_authority,,Moodify_Ear_v1_Chapter_20_Package/Moodify_Ear_v1_Chapter_20/Moodify_Ear_v1_Chapter_20.md,UNMAPPED,UNVERIFIED
REQ-02082,EAR1-C20-0254,20,measurement;evidence,,Moodify_Ear_v1_Chapter_20_Package/Moodify_Ear_v1_Chapter_20/Moodify_Ear_v1_Chapter_20.md,UNMAPPED,UNVERIFIED
REQ-02083,EAR1-C20-0255,20,verification,,Moodify_Ear_v1_Chapter_20_Package/Moodify_Ear_v1_Chapter_20/Moodify_Ear_v1_Chapter_20.md,UNMAPPED,UNVERIFIED
REQ-02084,EAR1-C20-0258,20,measurement,,Moodify_Ear_v1_Chapter_20_Package/Moodify_Ear_v1_Chapter_20/Moodify_Ear_v1_Chapter_20.md,UNMAPPED,UNVERIFIED
REQ-02085,EAR1-C20-0259,20,evidence,,Moodify_Ear_v1_Chapter_20_Package/Moodify_Ear_v1_Chapter_20/Moodify_Ear_v1_Chapter_20.md,UNMAPPED,UNVERIFIED
REQ-02086,EAR1-C20-0261,20,verification,,Moodify_Ear_v1_Chapter_20_Package/Moodify_Ear_v1_Chapter_20/Moodify_Ear_v1_Chapter_20.md,UNMAPPED,UNVERIFIED
REQ-02087,EAR1-C20-0263,20,evidence,,Moodify_Ear_v1_Chapter_20_Package/Moodify_Ear_v1_Chapter_20/Moodify_Ear_v1_Chapter_20.md,UNMAPPED,UNVERIFIED
REQ-02088,EAR1-C20-0266,20,measurement,,Moodify_Ear_v1_Chapter_20_Package/Moodify_Ear_v1_Chapter_20/Moodify_Ear_v1_Chapter_20.md,UNMAPPED,UNVERIFIED
REQ-02089,EAR1-C20-0267,20,measurement,,Moodify_Ear_v1_Chapter_20_Package/Moodify_Ear_v1_Chapter_20/Moodify_Ear_v1_Chapter_20.md,UNMAPPED,UNVERIFIED
REQ-02090,EAR1-C20-0268,20,evidence,,Moodify_Ear_v1_Chapter_20_Package/Moodify_Ear_v1_Chapter_20/Moodify_Ear_v1_Chapter_20.md,UNMAPPED,UNVERIFIED
REQ-02091,EAR1-C20-0269,20,evidence,,Moodify_Ear_v1_Chapter_20_Package/Moodify_Ear_v1_Chapter_20/Moodify_Ear_v1_Chapter_20.md,UNMAPPED,UNVERIFIED
REQ-02092,EAR1-C20-0272,20,human_authority,,Moodify_Ear_v1_Chapter_20_Package/Moodify_Ear_v1_Chapter_20/Moodify_Ear_v1_Chapter_20.md,UNMAPPED,UNVERIFIED
REQ-02093,EAR1-C20-0275,20,verification,,Moodify_Ear_v1_Chapter_20_Package/Moodify_Ear_v1_Chapter_20/Moodify_Ear_v1_Chapter_20.md,UNMAPPED,UNVERIFIED
REQ-02094,EAR1-C20-0276,20,verification,,Moodify_Ear_v1_Chapter_20_Package/Moodify_Ear_v1_Chapter_20/Moodify_Ear_v1_Chapter_20.md,UNMAPPED,UNVERIFIED
REQ-02095,EAR1-C20-0279,20,failure_recovery,,Moodify_Ear_v1_Chapter_20_Package/Moodify_Ear_v1_Chapter_20/Moodify_Ear_v1_Chapter_20.md,UNMAPPED,UNVERIFIED
REQ-02096,EAR1-C20-0282,20,human_authority,,Moodify_Ear_v1_Chapter_20_Package/Moodify_Ear_v1_Chapter_20/Moodify_Ear_v1_Chapter_20.md,UNMAPPED,UNVERIFIED
REQ-02097,EAR1-C20-0283,20,evidence,,Moodify_Ear_v1_Chapter_20_Package/Moodify_Ear_v1_Chapter_20/Moodify_Ear_v1_Chapter_20.md,UNMAPPED,UNVERIFIED
REQ-02098,EAR1-C20-0285,20,human_authority,,Moodify_Ear_v1_Chapter_20_Package/Moodify_Ear_v1_Chapter_20/Moodify_Ear_v1_Chapter_20.md,UNMAPPED,UNVERIFIED
REQ-02099,EAR1-C20-0292,20,measurement,,Moodify_Ear_v1_Chapter_20_Package/Moodify_Ear_v1_Chapter_20/Moodify_Ear_v1_Chapter_20.md,UNMAPPED,UNVERIFIED
REQ-02100,EAR1-C20-0293,20,measurement,,Moodify_Ear_v1_Chapter_20_Package/Moodify_Ear_v1_Chapter_20/Moodify_Ear_v1_Chapter_20.md,UNMAPPED,UNVERIFIED
REQ-02101,EAR1-C20-0297,20,measurement,,Moodify_Ear_v1_Chapter_20_Package/Moodify_Ear_v1_Chapter_20/Moodify_Ear_v1_Chapter_20.md,UNMAPPED,UNVERIFIED
REQ-02102,EAR1-C20-0301,20,verification,,Moodify_Ear_v1_Chapter_20_Package/Moodify_Ear_v1_Chapter_20/Moodify_Ear_v1_Chapter_20.md,UNMAPPED,UNVERIFIED
REQ-02103,EAR1-C20-0302,20,evidence,,Moodify_Ear_v1_Chapter_20_Package/Moodify_Ear_v1_Chapter_20/Moodify_Ear_v1_Chapter_20.md,UNMAPPED,UNVERIFIED
REQ-02104,EAR1-C20-0309,20,verification,,Moodify_Ear_v1_Chapter_20_Package/Moodify_Ear_v1_Chapter_20/Moodify_Ear_v1_Chapter_20.md,UNMAPPED,UNVERIFIED
REQ-02105,EAR1-C20-0311,20,verification,,Moodify_Ear_v1_Chapter_20_Package/Moodify_Ear_v1_Chapter_20/Moodify_Ear_v1_Chapter_20.md,UNMAPPED,UNVERIFIED
REQ-02106,EAR1-C20-0315,20,human_authority,,Moodify_Ear_v1_Chapter_20_Package/Moodify_Ear_v1_Chapter_20/Moodify_Ear_v1_Chapter_20.md,UNMAPPED,UNVERIFIED
REQ-02107,EAR1-C20-0325,20,verification,,Moodify_Ear_v1_Chapter_20_Package/Moodify_Ear_v1_Chapter_20/Moodify_Ear_v1_Chapter_20.md,UNMAPPED,UNVERIFIED
